{
  "args": {
    "method": "ippo",
    "drift": "multi",
    "n_agents": 3,
    "horizon": 150,
    "episodes": 80,
    "seed": 4,
    "hidden": 64,
    "ppo_epochs": 4,
    "lr_ippo": 0.0005,
    "severity": 1.5,
    "log_every": 80,
    "outdir": "results"
  },
  "metrics": {
    "episode_reward": [
      36.335039122485476,
      36.65676305362336,
      39.11507298278932,
      38.800444833916195,
      35.30428132899105,
      35.40288214282031,
      38.72085629755425,
      38.325728932871606,
      38.724590320698915,
      30.47959499831003,
      39.35732844546438,
      38.20053520245065,
      34.861523019615554,
      35.579812132339526,
      36.08765804527115,
      36.73506278853035,
      39.83396464948441,
      41.22118235941679,
      39.420170675859694,
      40.21163606157321,
      37.395293242898276,
      35.20326449306061,
      32.127935560047646,
      37.833526155559575,
      45.543377123007325,
      40.75972412272046,
      39.35885828567877,
      41.87429372991127,
      33.46279753177529,
      40.97585303119075,
      39.51630606749612,
      41.80046599032876,
      39.34741196975943,
      47.47506202233753,
      42.34014315752108,
      48.06387677047814,
      42.659405289362724,
      41.373432788087285,
      40.3139334757502,
      44.0785258399116,
      51.18775553332853,
      47.328538309120496,
      48.32288973673975,
      49.53296166488696,
      41.738841931521875,
      50.530424436673336,
      46.28938978430301,
      48.03300014307933,
      53.63927842326884,
      49.97019985593443,
      48.91518189178574,
      48.351571818793026,
      45.34845194990439,
      49.84676078394474,
      50.09721164214947,
      49.272760478345106,
      50.745839084829754,
      56.411585059368825,
      54.60629389341923,
      60.39702123136581,
      49.847520246832765,
      53.60596293637326,
      50.50460955840024,
      49.97146798314326,
      60.435181827434484,
      49.322294940432165,
      46.241043385076885,
      52.68537657952144,
      56.28871305514545,
      51.45473282602105,
      52.97186354075874,
      48.818709527680426,
      52.128253709131684,
      52.872095755943036,
      57.94494740351155,
      56.76910243545556,
      48.977075895563644,
      51.658804168904055,
      50.99242658464036,
      54.21353955119847
    ],
    "sla_eMBB": [
      0.1603283134723703,
      0.1698970780769984,
      0.17755748386805256,
      0.16257579570636152,
      0.16294485799968242,
      0.15966708982984226,
      0.1570473308612903,
      0.175598098958532,
      0.1834003388074537,
      0.16246391393244267,
      0.18525724027305843,
      0.1735859985773762,
      0.14778241099168857,
      0.18466902002071342,
      0.1560773048053185,
      0.15792023157700896,
      0.17668266537288824,
      0.1483811941059927,
      0.16421494793146849,
      0.1590118375234306,
      0.15394925937056542,
      0.1569728745954732,
      0.15485997264273466,
      0.16394953871766726,
      0.13274394148339827,
      0.17305051987369854,
      0.17149029446144898,
      0.1713897184096277,
      0.1111778674647212,
      0.15386033466706672,
      0.1586609178222716,
      0.15431611775110166,
      0.1667020078251759,
      0.19976232536137103,
      0.15986743852496146,
      0.1459801843141516,
      0.18392771208658815,
      0.17550885849942763,
      0.16164817585920294,
      0.15963108219206334,
      0.20079902765030663,
      0.1837609462191661,
      0.16673283234859507,
      0.1852353666971127,
      0.2773401864555975,
      0.17235664683704574,
      0.1684783196945985,
      0.18866076108068228,
      0.24972706752518814,
      0.1880842977389693,
      0.1681529650092125,
      0.16221144942566754,
      0.16252692609404523,
      0.1605398760860165,
      0.17272192234794298,
      0.17261886245881516,
      0.155775676711152,
      0.150343880597502,
      0.1649921772442758,
      0.21426508555809656,
      0.1575710135201613,
      0.18224907639125984,
      0.1659260076843202,
      0.14909387635687987,
      0.15922429140036304,
      0.14640834682310622,
      0.1619555163756013,
      0.18317276467879615,
      0.155385686258475,
      0.16255451969802379,
      0.1452773458013932,
      0.3686982680422564,
      0.17427023402104774,
      0.17005643528575698,
      0.15920367195581397,
      0.16592729317645233,
      0.17780653179933628,
      0.1751853085309267,
      0.1661174031967918,
      0.3259213921241462
    ],
    "sla_URLLC": [
      0.4696866817772388,
      0.46183078741033873,
      0.45092097371816636,
      0.7037683965762457,
      0.4099739817281564,
      0.45097106258074443,
      0.4748068349063396,
      0.4527453866104285,
      0.5009832682708899,
      0.3645242774486542,
      0.47522915025552115,
      0.47472888593872387,
      0.42434833062191807,
      0.41255767094592255,
      0.4553552793463071,
      0.43964085906744005,
      0.4831735236942768,
      0.5108507740994295,
      0.48714248076081273,
      0.5301791753371556,
      0.4810088591029247,
      0.4250352680683136,
      0.5248181211327513,
      0.4666040016710758,
      0.8665631212790808,
      0.5048639994859695,
      0.49101759657263755,
      0.5060594519972801,
      0.8590988747278849,
      0.5233578852812449,
      0.490273884087801,
      0.5353462495406469,
      0.4912866576015949,
      0.531895932952563,
      0.5590058456361294,
      0.9128926316897075,
      0.5418202627201875,
      0.5027108511825402,
      0.5292505251864592,
      0.5813455224037171,
      0.5817600995798906,
      0.5842659739156564,
      0.6062609695891539,
      0.6161941234767437,
      0.3592251216371854,
      0.6468208766976993,
      0.5810036599636078,
      0.6358623038232326,
      0.5529476437469324,
      0.6747370475530624,
      0.6137891992429892,
      0.6104245840013027,
      0.5973281181852023,
      0.6713824244340261,
      0.6606639658411344,
      0.6388675879438718,
      0.6928595264752706,
      0.7681968063116074,
      0.7624723557631174,
      0.6212445364395778,
      0.6864629184206327,
      0.7035729372501374,
      0.6913515989979108,
      0.6862574539581935,
      0.8391810550292333,
      0.6520004760225614,
      0.6676840324203174,
      0.7009005632996559,
      0.7522779740889867,
      0.6646574453512828,
      0.7115626386801401,
      0.4472245940566063,
      0.6895872919758161,
      0.7203219389915466,
      0.8264432513713836,
      0.7685931426286697,
      0.6146372267603875,
      0.6429974546035131,
      0.6676409046848615,
      0.4998820795615514
    ],