{
  "args": {
    "method": "ippo",
    "drift": "multi",
    "n_agents": 3,
    "horizon": 150,
    "episodes": 80,
    "seed": 3,
    "hidden": 64,
    "ppo_epochs": 4,
    "lr_ippo": 0.0005,
    "severity": 1.5,
    "log_every": 80,
    "outdir": "results"
  },
  "metrics": {
    "episode_reward": [
      33.26200829537379,
      37.63727406307587,
      33.189989704783606,
      35.42290052055488,
      35.05688092894852,
      34.025082218957465,
      33.28574204908478,
      34.68584464229644,
      33.022182873967644,
      34.58831610651816,
      40.80409998587954,
      39.39942930939916,
      38.75222863008579,
      38.136228998667654,
      38.7621667226052,
      39.59498419798912,
      39.450544655711106,
      38.088559597337415,
      40.03416727699548,
      41.21691655752562,
      41.52015629586662,
      42.17137470862102,
      40.99356969570123,
      41.4685156983686,
      37.80072674287691,
      40.000409451851404,
      45.655759847060665,
      42.629122733552435,
      39.37355594047243,
      42.85612253207301,
      44.30887428528323,
      39.98640560184918,
      34.92633714870444,
      45.74143444218987,
      42.826235797729645,
      43.59609091317075,
      43.607951041259305,
      45.374592266769895,
      50.028244852171234,
      43.73119501984784,
      49.240894068839644,
      49.46863376827292,
      45.47270871750599,
      44.08882424436098,
      40.61511739794579,
      47.74957310977498,
      45.93571672598937,
      47.98253664183949,
      43.7186122511824,
      48.72896469272675,
      49.143122948582004,
      50.406861006137405,
      45.67996654297329,
      50.15409945531025,
      51.370143155929554,
      52.25016725334444,
      56.15278676719299,
      47.95123261000132,
      49.99066744686829,
      52.25100538169759,
      41.48629297042888,
      52.42688073322387,
      52.73894835065844,
      47.83782075908707,
      49.826695446939105,
      51.34871918970928,
      48.24814089667053,
      53.113773473848916,
      53.448274785983905,
      63.03975097808159,
      52.98973151246773,
      49.13703798343324,
      50.9250161824334,
      49.703264541199644,
      53.71674670657765,
      54.775518803815885,
      49.332691865207416,
      49.075027849897765,
      48.89893796443942,
      56.17499975241308
    ],
    "sla_eMBB": [
      0.1599993810678522,
      0.45582271222646037,
      0.15760542217642068,
      0.19285771784062186,
      0.29738679332037765,
      0.16395682197685044,
      0.1612954817091425,
      0.1769481535193821,
      0.16965970469017824,
      0.1587806230224669,
      0.19137345682519177,
      0.16856659920265277,
      0.16509020075201988,
      0.16788064995159704,
      0.13309603423501054,
      0.17218222891290982,
      0.15244570038591823,
      0.15472889897723993,
      0.18009900809576115,
      0.16142324099317193,
      0.16657134645308058,
      0.15957895506173372,
      0.19955703717966874,
      0.1563436403342833,
      0.18392479902754227,
      0.16572963851193587,
      0.5833676208990316,
      0.18015135804812113,
      0.16900121015806993,
      0.18133881794909637,
      0.1763769725896418,
      0.16434553966547052,
      0.11657246437544624,
      0.20097711245218913,
      0.2778972828264038,
      0.1633466744547089,
      0.1757170710278054,
      0.1878067962701122,
      0.2232700514793396,
      0.17223587344090144,
      0.16313015548512338,
      0.1821884431069096,
      0.18215235153834025,
      0.17223194724569718,
      0.15866580138603847,
      0.17758136231452226,
      0.18730456568300724,
      0.17617681430031856,
      0.1800158483410875,
      0.18701136303444704,
      0.17700919893880684,
      0.20834484738608203,
      0.22887122339879473,
      0.18336946164568266,
      0.20697897349794706,
      0.191940311913689,
      0.21891365088522435,
      0.20386626238624256,
      0.2064287176479896,
      0.22583129566783705,
      0.14266709317763646,
      0.22498910977194705,
      0.24111380888770023,
      0.20001330175747475,
      0.21447268339494865,
      0.2496140941356619,
      0.2169915367414554,
      0.2547019930804769,
      0.2426064105083545,
      0.4368557650844256,
      0.21167042353500923,
      0.2127397746841113,
      0.22198806005219618,
      0.2258497978001833,
      0.22095407638698816,
      0.24767364025115968,
      0.20271463862309852,
      0.20234987604121368,
      0.2036400472621123,
      0.21465856773157915
    ],
    "sla_URLLC": [
      0.3992625678082307,
      0.2868739766130845,
      0.40381828635931016,
      0.4088329918682575,
      0.28975472583125034,
      0.4183333651473125,
      0.3974659813940525,
      0.433430537879467,
      0.39943827465176585,
      0.4388562005758285,
      0.49296346127986906,
      0.47786031703154247,
      0.473762519210577,
      0.46523012523849805,
      0.7310051856438319,
      0.48497595558563866,
      0.4806130783259869,
      0.48883767316738763,
      0.5041097504893939,
      0.5276558540761471,
      0.5112859558562438,
      0.7870722391208013,
      0.44021167263388633,
      0.5199616128206253,
      0.4683036495745182,
      0.47736215392748516,
      0.3340548309187094,
      0.5221582116186618,
      0.5025899343192577,
      0.5013567037880421,
      0.5394760617117087,
      0.4964176836113135,
      0.896856437921524,
      0.5015971263249716,
      0.37043232227365175,
      0.5302298069496949,
      0.5349209636449814,
      0.5665231255193551,
      0.538815034131209,
      0.5559426127870878,
      0.924423752228419,
      0.6217478743195534,
      0.5642240613202254,
      0.5545052613814672,
      0.647981750468413,
      0.5814742555717627,
      0.5620547437667847,
      0.5780254295965036,
      0.5439906985064348,
      0.6024142247438431,
      0.6040072151025137,
      0.5976454757153988,
      0.5767186905940374,
      0.6415713360905647,
      0.6248211056987445,
      0.6444154719511668,
      0.653231435418129,
      0.5846134496728579,
      0.5900961934030056,
      0.622637679874897,
      0.9647732071081797,
      0.6257608456412951,
      0.6395218044519424,
      0.544310363928477,
      0.5556841002901395,
      0.5601272275050481,
      0.5336233773827552,
      0.60265721509854,
      0.6045186896125475,
      0.5420782329638799,
      0.6128141963481903,
      0.5438342402378719,
      0.5631144338846207,
      0.5617260920008024,
      0.6115588255723318,
      0.6143000626564026,
      0.5503827901681264,
      0.5490901396671931,
      0.5523311969637871,
      0.6783130027850469
    ],