{
  "args": {
    "method": "ippo",
    "drift": "multi",
    "n_agents": 3,
    "horizon": 150,
    "episodes": 80,
    "seed": 0,
    "hidden": 64,
    "ppo_epochs": 4,
    "lr_ippo": 0.0005,
    "severity": 2.0,
    "log_every": 80,
    "outdir": "results"
  },
  "metrics": {
    "episode_reward": [
      34.204037401307794,
      30.132935299455312,
      34.4763207550885,
      33.19918333693513,
      34.41757047079091,
      35.87488694985708,
      32.521387441621904,
      30.04238772081833,
      34.261720445772866,
      38.03236655346637,
      34.416478116065285,
      36.001744128660214,
      34.79989387975075,
      30.980236372382695,
      34.624324334619786,
      35.84236633574796,
      36.33732377396276,
      31.397984113238966,
      45.197630885396016,
      38.138793886535716,
      37.777547855605384,
      35.110565664764096,
      33.28933237199155,
      36.30870625981026,
      37.42646896408663,
      31.9128659662894,
      44.563632525502385,
      38.12684698512572,
      39.21738363132493,
      36.03693136744616,
      37.418915063039314,
      37.630887369997794,
      39.5254230388958,
      43.19901576485074,
      36.2565577467179,
      30.27157126939338,
      37.2322261132507,
      41.025825020381156,
      41.34918753544077,
      38.06971290069116,
      41.56453030260487,
      38.579210254570704,
      41.83893566805509,
      42.950283331982796,
      42.8202602316729,
      42.051569270756524,
      40.727303697893184,
      42.121471106550764,
      53.11619480525457,
      42.245873949004114,
      43.41641385054424,
      43.910147872950056,
      44.865022407430764,
      40.103882005665845,
      46.22435413601085,
      47.945265159590406,
      46.015852299001494,
      51.959011921183105,
      55.37166098805355,
      49.79591938541662,
      54.03750986510685,
      47.417592002617,
      49.00446312951132,
      51.25848315338502,
      51.42962773686483,
      51.32967302269407,
      52.11556697477485,
      51.381432371508964,
      52.19865871769273,
      49.09576867959564,
      51.997791987160845,
      51.67621144153592,
      54.76183132067737,
      53.74997690388313,
      54.8501648357759,
      54.84676682284723,
      54.96007373970415,
      53.928517859077296,
      53.86529813251562,
      53.958789720324205
    ],
    "sla_eMBB": [
      0.16006139849002163,
      0.15707337317367395,
      0.15690227032328646,
      0.16927550465489427,
      0.15122047893082102,
      0.15605730909854174,
      0.16132986342534422,
      0.16538999908914168,
      0.16819859695310393,
      0.16036975217362245,
      0.1642046880411605,
      0.15954399262244504,
      0.14980953494086863,
      0.14673330774530768,
      0.14998693339526653,
      0.15075115527336796,
      0.16809902738779783,
      0.15530689554909866,
      0.7536148889797429,
      0.1631188796212276,
      0.14806188416977722,
      0.1592309648791949,
      0.15388281678780913,
      0.2700593864731491,
      0.15281676517799497,
      0.10814812903602918,
      0.23260291926562787,
      0.14679743905862172,
      0.43847148577993117,
      0.1582273223809898,
      0.1478639316248397,
      0.36437092572761076,
      0.1414271530446907,
      0.18105320205291112,
      0.15005988805865247,
      0.1283862218943735,
      0.1476209302370747,
      0.16515539991358916,
      0.1977386285364628,
      0.15927961469317475,
      0.19209800338993469,
      0.19050120618504782,
      0.1752422650779287,
      0.16960255434115729,
      0.16924066222583253,
      0.15840893893813093,
      0.15943152263139684,
      0.1749506127523879,
      0.22024334435661633,
      0.44297334796438614,
      0.16257729394361375,
      0.15746093906617412,
      0.16259542427957058,
      0.17830533041308325,
      0.1734369359786312,
      0.161085246608903,
      0.15408112280070782,
      0.12037402669588725,
      0.24369489774107933,
      0.18246370901043216,
      0.1910671087106069,
      0.1717508070419232,
      0.16830739578853052,
      0.170461028094093,
      0.19885079675664505,
      0.16622688855975867,
      0.18970276391754548,
      0.17260007998595636,
      0.1762779865972698,
      0.2785905944431821,
      0.17521512370556594,
      0.34423148481796184,
      0.18952997987469036,
      0.1869211700807015,
      0.18919700452437002,
      0.18000592506180207,
      0.18011044056465228,
      0.18332545186082522,
      0.2159301203986009,
      0.16949682059387366
    ],
    "sla_URLLC": [
      0.4186692670981089,
      0.3670236258705457,
      0.41547862040499844,
      0.4008793454368909,
      0.43463630937039854,
      0.4359039843827486,
      0.4126003225396077,
      0.3397443400323391,
      0.42455346561968327,
      0.4723126264164845,
      0.4187159981081883,
      0.41759936114152274,
      0.4061902007708947,
      0.36371700833241144,
      0.4320558718840281,
      0.46785426286359627,
      0.44902735357483226,
      0.29363917355736097,
      0.29384638627370196,
      0.47497381081183754,
      0.4783670732130607,
      0.4468402297794819,
      0.4194515574971835,
      0.3110232773174842,
      0.4657074730594953,
      0.839467119773229,
      0.4620902521411578,
      0.49508546993136404,
      0.31036882653832437,
      0.4585948298871517,
      0.4745884210864703,
      0.3113221566627423,
      0.4989433312664429,
      0.5156473986059428,
      0.46816999281446137,
      0.5116420413553715,
      0.4640893053760131,
      0.5062681145469348,
      0.48580769369999566,
      0.48393316532174746,
      0.4887708337108294,
      0.45352492863933247,
      0.49520110165079434,
      0.5120481434464454,
      0.5143518804758788,
      0.5194899554550648,
      0.4989806990325451,
      0.4931751391788324,
      0.5530790233612061,
      0.34144008735815684,
      0.5548080716530482,
      0.5399905315538247,
      0.5312116584678491,
      0.9221290294329325,
      0.5604904846350351,
      0.5792672199010849,
      0.557710661192735,
      0.9514774044354757,
      0.5535602171222369,
      0.5852842700481414,
      0.5743709514538448,
      0.564189266761144,
      0.584035371641318,
      0.6123010149598122,
      0.5895326155424118,
      0.6126341219743093,
      0.602855707903703,
      0.622368213236332,
      0.602156802713871,
      0.40924304793278377,
      0.6061013367772102,
      0.4112880786259969,
      0.6211857962608337,
      0.6098789291580519,
      0.6283585718274116,
      0.6598607031504313,
      0.6577349152167639,
      0.6124627058704694,
      0.5818379623691241,
      0.63827712337176
    ],