{
  "args": {
    "method": "ippo",
    "drift": "multi",
    "n_agents": 3,
    "horizon": 150,
    "episodes": 80,
    "seed": 0,
    "hidden": 64,
    "ppo_epochs": 4,
    "lr_ippo": 0.0005,
    "severity": 1.5,
    "log_every": 80,
    "outdir": "results"
  },
  "metrics": {
    "episode_reward": [
      35.07623306932961,
      31.10719176537049,
      35.366680922172975,
      33.850847735876854,
      34.96768731601125,
      36.61691826387412,
      33.24211070665884,
      31.187011407688278,
      35.31004165990487,
      39.85160784996634,
      35.54958916389281,
      37.65577498254263,
      34.71579217172435,
      33.008557244597235,
      35.836550698429356,
      36.7370218090713,
      37.35626744369254,
      31.4022122177192,
      46.355862000325864,
      39.21250626200606,
      39.151591078743046,
      35.14882040305271,
      34.182737254387604,
      37.205228304938004,
      38.42887604377077,
      32.370177154056705,
      45.754879368964566,
      38.93488458703894,
      39.48136321650944,
      36.99749979859012,
      38.42849288006419,
      37.93000482635882,
      40.576048631076205,
      44.11385910320615,
      37.18368250700748,
      29.342554111323427,
      37.98952316354135,
      41.38669558390975,
      42.84284200732495,
      38.20110920972916,
      41.596057860077266,
      40.76390996457389,
      45.051027463244615,
      43.958629832810004,
      44.71649077052459,
      44.81144394375801,
      41.77262073622811,
      43.581293862188865,
      54.609633323426074,
      41.21579880115522,
      44.49245759768204,
      44.807432991897464,
      45.36985118819609,
      41.06795750349346,
      47.913200240602954,
      50.011618957047666,
      46.609163100189654,
      52.21598381153826,
      55.41545178432852,
      50.42184429241141,
      53.11436229517896,
      47.59516983942856,
      49.59606383598103,
      53.324652732225765,
      52.350134524910025,
      51.95374006173679,
      52.10150322812715,
      52.00677626638987,
      51.36077456298391,
      50.05738488580616,
      51.781618775696415,
      49.10868035816691,
      54.357200331841106,
      50.96686030469011,
      54.3669413320824,
      55.43594908490778,
      54.99936250572407,
      52.959649198109126,
      50.05837205702233,
      54.15772328790694
    ],
    "sla_eMBB": [
      0.16261284561206898,
      0.15924203862125674,
      0.1598071224677066,
      0.17154858395457268,
      0.1522439663670957,
      0.15829178920015693,
      0.1642674599029124,
      0.16837035870179534,
      0.17293336729208628,
      0.16260582310458024,
      0.17008204056570927,
      0.16001585648705563,
      0.1523111804947257,
      0.14849781316394609,
      0.15274820833156505,
      0.15061089627444743,
      0.16991501182938615,
      0.15676110247770944,
      0.7150131167906026,
      0.16838451358800133,
      0.14905078877384464,
      0.1648633985966444,
      0.15454979817693432,
      0.23276648039619127,
      0.15514574497317274,
      0.11282005625776946,
      0.23004592053592204,
      0.14969904139637946,
      0.4055759785324335,
      0.15924176913996538,
      0.1535581440043946,
      0.30812837943124277,
      0.14436133423820138,
      0.1798166499597331,
      0.1536598512902856,
      0.1304583302140236,
      0.14902343567460774,
      0.16631681176523366,
      0.19364875684181848,
      0.15956978097558022,
      0.18765205942094326,
      0.20395894488319755,
      0.178881446061035,
      0.1759023102807502,
      0.17535577518244586,
      0.1649940094475945,
      0.16422971601908407,
      0.1817531787479917,
      0.23530873005588848,
      0.3239122182627519,
      0.164867550637573,
      0.16271103492782762,
      0.16582350372026364,
      0.1818140937636296,
      0.1645472609003385,
      0.15794822605947653,
      0.14645995679001014,
      0.11187374707932274,
      0.22985068239271642,
      0.1743212241306901,
      0.17072501000016926,
      0.16379907489443818,
      0.16545529823750257,
      0.15841021673132977,
      0.19478100622072816,
      0.15858502437671027,
      0.18091496979196867,
      0.15885841126243275,
      0.1669606112316251,
      0.35158439772824446,
      0.16667797988901537,
      0.27666052994007867,
      0.16937391057610512,
      0.18315697317322097,
      0.1735732726380229,
      0.1677245824287335,
      0.16783361554145812,
      0.16238980957617363,
      0.19588823266948263,
      0.15140945704032976
    ],
    "sla_URLLC": [
      0.4234294616182645,
      0.3729200925429662,
      0.42210797652602194,
      0.40252365698417025,
      0.43848188638687136,
      0.4418758093814055,
      0.4159242702027162,
      0.3463253349065781,
      0.4319786873211463,
      0.4850299595296383,
      0.4225169865290324,
      0.43017497430245083,
      0.39966804936528205,
      0.3807749617099762,
      0.4412629317243894,
      0.4719822563479344,
      0.45567354371150337,
      0.3009863017499447,
      0.3083012568205595,
      0.4775950049608946,
      0.4888529967268308,
      0.43556780899564423,
      0.4266457375387351,
      0.3203810333708922,
      0.47236684600512185,
      0.8323043662309647,
      0.4728027953704198,
      0.49307728111743926,
      0.31790823347866537,
      0.4648249518374602,
      0.4781943607827028,
      0.3206034880131483,
      0.5118740528076887,
      0.5286058539648851,
      0.4775093078613281,
      0.5133203956733148,
      0.46685518575211365,
      0.5067791300515334,
      0.5040110131104787,
      0.48410925654073556,
      0.490658924728632,
      0.4676607646048069,
      0.5219899443288644,
      0.5223370422919591,
      0.5230994189282259,
      0.5556666674216588,
      0.5088814789553483,
      0.4989663444956144,
      0.5579073362549146,
      0.3511268054445585,
      0.579357143342495,
      0.5454615127543608,
      0.526759948482116,
      0.9351997343699138,
      0.57448493907849,
      0.6149594314893086,
      0.5657440436879794,
      0.9636139603455861,
      0.546779236594836,
      0.5923423436284065,
      0.5717542407910029,
      0.5659498764077823,
      0.5908978903293609,
      0.6435679757595062,
      0.6214940298597018,
      0.6245433957378069,
      0.6036304732163748,
      0.6688837482531865,
      0.6051345433791478,
      0.4076601265867551,
      0.6332559374968211,
      0.41267417748769125,
      0.6601295342048009,
      0.5924595128496488,
      0.6352539464831353,
      0.7062583843866984,
      0.6860917369524638,
      0.6119080543518066,
      0.5323588413000107,
      0.653951324125131
    ],