{
  "args": {
    "method": "ippo",
    "drift": "multi",
    "n_agents": 3,
    "horizon": 150,
    "episodes": 80,
    "seed": 2,
    "hidden": 64,
    "ppo_epochs": 4,
    "lr_ippo": 0.0005,
    "severity": 2.0,
    "log_every": 80,
    "outdir": "results"
  },
  "metrics": {
    "episode_reward": [
      30.64401073302662,
      34.22085967395041,
      33.222719839908585,
      36.33536544307652,
      31.22439891560937,
      36.496443143135146,
      33.96289694054675,
      35.85244369623772,
      42.14076483326244,
      33.26852549848458,
      38.9535040703085,
      39.14597381903895,
      38.41971815133264,
      42.67048183323607,
      38.45364357624202,
      32.68821907645714,
      36.63116924884835,
      35.57729522621053,
      33.19913691300899,
      46.13988423968359,
      37.19373709619459,
      37.15102568778678,
      46.45364564504066,
      39.378076501232066,
      34.393043125751944,
      40.333530424602564,
      43.49021269511431,
      39.38666882946985,
      36.47997364600499,
      36.56504517576348,
      41.31184395009448,
      44.53260116724089,
      42.63292926965907,
      40.798331057445886,
      41.35944100717706,
      43.52951929578045,
      42.86973582228856,
      44.457516999770405,
      45.32860348028547,
      45.689304140768975,
      44.899131977454694,
      50.74457892896097,
      50.39248853379653,
      47.73670056242913,
      37.37418824464804,
      46.517800524996424,
      42.91982393194407,
      46.424736258573866,
      47.40196882789547,
      46.89956409144739,
      35.53068969836459,
      48.40399962688492,
      47.752202507915634,
      48.838197640743566,
      47.69913395432138,
      50.238053661626275,
      52.12098410437921,
      51.73697479923978,
      51.5336306524153,
      51.747360520809934,
      52.29863925120901,
      52.57091159892997,
      50.78441012050546,
      53.715785913754075,
      52.47265688762486,
      51.212046547265146,
      58.52936926631054,
      61.52842301504895,
      53.817017898315385,
      55.1418238108564,
      42.585697292598574,
      52.25131748887816,
      54.624323057445416,
      53.815285259402465,
      53.712285030115844,
      53.64344509078398,
      52.945514462950364,
      53.207944636709165,
      40.61991627148044,
      56.892624990621385
    ],
    "sla_eMBB": [
      0.1508060117190083,
      0.1532937372995851,
      0.16654100984955827,
      0.1546780230291188,
      0.15779171887785196,
      0.17419022083903352,
      0.15600455145041148,
      0.1810665206735333,
      0.20555180973062911,
      0.1605208260503908,
      0.17775441197057565,
      0.16318085145826142,
      0.16715065804620585,
      0.13470089506357907,
      0.18710751234864195,
      0.17717970905204614,
      0.1581627111074825,
      0.15824339964116613,
      0.19969395909458398,
      0.30793340139091013,
      0.16819005717833838,
      0.17443301875144243,
      0.22431937754154205,
      0.15736449187621473,
      0.11174601410205165,
      0.19187915351862708,
      0.13045859006543956,
      0.16943835991124312,
      0.15543769165252647,
      0.16932429888596137,
      0.15759822561095158,
      0.5223929068570335,
      0.15438113345764579,
      0.19392925582205256,
      0.16864969505618016,
      0.19637306194752455,
      0.188793524838984,
      0.17306437181929749,
      0.18186950847506522,
      0.18311635260780654,
      0.17319332148879765,
      0.21958316929638386,
      0.16014608724042773,
      0.2230315231345594,
      0.14257189138482015,
      0.1915893889280657,
      0.2266226862743497,
      0.1829224616040786,
      0.2051620491966605,
      0.1844021125510335,
      0.1564249504543841,
      0.19474968515336513,
      0.19341566544026137,
      0.20403099934880933,
      0.1882502434651057,
      0.20921788290763896,
      0.21128668236235779,
      0.15030465354522068,
      0.19613602597266436,
      0.22050179592023292,
      0.23748938082406917,
      0.21113028831779956,
      0.20023355214546124,
      0.25263745203614235,
      0.22557606616367895,
      0.20584042654683193,
      0.25905630784730116,
      0.3056348711624742,
      0.21264338660985233,
      0.25770989357183377,
      0.15825363270938397,
      0.21165447699526946,
      0.25526533971230186,
      0.2511577884107828,
      0.2382063548763593,
      0.2631385688483715,
      0.24199509919931492,
      0.2314339641481638,
      0.12857000644008318,
      0.28257025117675466
    ],
    "sla_URLLC": [
      0.38892185983558497,
      0.42523438195387525,
      0.3879295984158913,
      0.4636972455183665,
      0.37167948246002197,
      0.44962543100118635,
      0.4345778893182675,
      0.4484728652735551,
      0.4559142765651147,
      0.42569217334191006,
      0.47947204011181993,
      0.4746043675392866,
      0.4655251109600067,
      0.8087921210130056,
      0.47582188685735066,
      0.37367575044433277,
      0.45539858234425384,
      0.4418685961763064,
      0.32098467215895654,
      0.4756966151793798,
      0.4616011419395606,
      0.46692887658874194,
      0.4967463322977225,
      0.5018106723825136,
      0.9054948417345683,
      0.5038527914385,
      0.8378906967242559,
      0.49309263557195665,
      0.4645014975965023,
      0.4711008157829444,
      0.5203610011438529,
      0.34880358301103115,
      0.5571544542411964,
      0.5025679906706015,
      0.5254312319556872,
      0.5315519912044208,
      0.5269475321471692,
      0.5516008369624614,
      0.5486728735764821,
      0.5679654195904732,
      0.5753282534082731,
      0.5709357807040214,
      0.9555163617928822,
      0.5639263970156511,
      0.9209216221173604,
      0.5755165557066599,
      0.5662216653426488,
      0.5715539515515169,
      0.5715197436511517,
      0.5860670209427674,
      0.5791335366169612,
      0.5730575070281824,
      0.5805108953018984,
      0.5782606020569802,
      0.5971591347455978,
      0.5928975506623586,
      0.6405454189578692,
      0.9745290001233419,
      0.6340940054257711,
      0.6046662079791228,
      0.6023013651371002,
      0.613329658806324,
      0.6126137854655583,
      0.6073366500933965,
      0.607349358300368,
      0.6160929601391156,
      0.6168478553493818,
      0.6982835614681244,
      0.6594346223274866,
      0.6141286647319794,
      0.9739966893196106,
      0.6070778802037239,
      0.6077273946007092,
      0.6103902435302735,
      0.6178277734915415,
      0.6411921784281731,
      0.6054293167591095,
      0.6062229984005292,
      0.9703733336925506,
      0.6225214806199074
    ],