{
  "args": {
    "method": "ippo",
    "drift": "multi",
    "n_agents": 3,
    "horizon": 150,
    "episodes": 80,
    "seed": 9,
    "hidden": 64,
    "ppo_epochs": 4,
    "lr_ippo": 0.0005,
    "severity": 1.5,
    "log_every": 80,
    "outdir": "results"
  },
  "metrics": {
    "episode_reward": [
      33.55227867858485,
      27.432510884458026,
      34.37063374742866,
      35.464375308031855,
      34.19224910998925,
      35.52140366830348,
      35.911023568165405,
      36.046632858489964,
      31.495281314442412,
      32.178918045034855,
      32.85325758548247,
      37.42079066654875,
      38.96525618812692,
      39.181351269036554,
      40.5290840725932,
      38.58339425068765,
      40.337149169792745,
      36.50949923743804,
      36.30725445522824,
      37.559951606558435,
      36.76408210376072,
      38.76933719356442,
      36.233764124744496,
      41.56679808033838,
      36.053944275667895,
      36.316964438557655,
      42.3052649125457,
      39.53022937629786,
      35.306208504363894,
      39.00073221588715,
      39.89307036105958,
      37.388809304436045,
      41.09552325829866,
      41.999382506913754,
      43.17807030493605,
      33.120045587151374,
      45.54927183396908,
      37.1934023527325,
      37.41127169152929,
      47.520471814541246,
      43.54469188662868,
      44.13394633419298,
      42.4049417904682,
      45.112564095896175,
      46.93909901590609,
      49.10924084000288,
      48.230414819158646,
      54.571824913720356,
      49.45405244162931,
      44.54063784420081,
      46.98316508411538,
      46.58148300943694,
      49.612969213765574,
      48.15943020584276,
      48.79471452091307,
      48.22245924932266,
      51.62451498618143,
      53.3305615562532,
      52.57482659595295,
      51.30640090248652,
      36.63587046422892,
      49.10041836667808,
      49.82060179898726,
      50.400373414386515,
      51.827933162968215,
      53.390688996969,
      51.690509068676214,
      61.724740079231616,
      52.01345720692641,
      52.74047434226509,
      51.58953294340111,
      52.25773872840736,
      55.70721544368815,
      56.39428183581267,
      54.28742468584744,
      52.48180683234501,
      62.64824481656157,
      70.73847029440934,
      55.90930966509301,
      54.15563556752684
    ],
    "sla_eMBB": [
      0.16710560883705813,
      0.17998965136085948,
      0.17196635950977604,
      0.1629159217948715,
      0.16060515734056632,
      0.1845408643844227,
      0.16870361631115277,
      0.16807803799708684,
      0.16551354230071108,
      0.17073809343700608,
      0.16933003450433412,
      0.16981647117684284,
      0.21010606621702513,
      0.16191293219725292,
      0.18709616787731648,
      0.16122680683309834,
      0.18233679352949064,
      0.14468859596798817,
      0.17756090259179472,
      0.16881732540205122,
      0.16318871731559437,
      0.17314338280508915,
      0.1741582009817163,
      0.1898194691973428,
      0.17265101424728832,
      0.19722091495990754,
      0.20637889944016932,
      0.17255566515028475,
      0.1533583576977253,
      0.17001136054595312,
      0.1623815781623125,
      0.16784950047110517,
      0.18369833225384355,
      0.16385126215716203,
      0.17852653551846742,
      0.10653337836886445,
      0.14946405328810214,
      0.23171851955354214,
      0.18059800748402874,
      0.14874873149208725,
      0.16128214675933122,
      0.1696246475415925,
      0.17307883183161418,
      0.1707488420419395,
      0.1715807132795453,
      0.1575702052625517,
      0.15571917925650874,
      0.23205244747300943,
      0.1926596372947097,
      0.16276240886499485,
      0.1731498931348324,
      0.17045742588117718,
      0.18716646374513707,
      0.1693477987560133,
      0.1789452839270234,
      0.17732970781003435,
      0.22119112868482868,
      0.18275358063479263,
      0.1765214167597393,
      0.18835070081055164,
      0.15509788300842048,
      0.18312212519347668,
      0.18353524016216397,
      0.1826547284796834,
      0.18921817356099685,
      0.17148816677431267,
      0.17934442967176437,
      0.23317702720562616,
      0.151569465957582,
      0.16086463566869497,
      0.16978647753596307,
      0.17255867862453064,
      0.1581833054125309,
      0.1754180717219909,
      0.1843555445348223,
      0.16920181638250748,
      0.23410033504168193,
      0.24513362628718216,
      0.17954376849035422,
      0.17565251965696613
    ],
    "sla_URLLC": [
      0.4084236086408297,
      0.2861330916235844,
      0.4282897377262513,
      0.42897205804785093,
      0.4184735218932231,
      0.42966568569342295,
      0.4505488511919975,
      0.4278312082588673,
      0.3644112161298593,
      0.3965214932958285,
      0.4996688528855642,
      0.44975484639406205,
      0.3863718497256438,
      0.468663085748752,
      0.47460842768351236,
      0.47725603823860485,
      0.46976510939498745,
      0.4631561309595903,
      0.4383794162670771,
      0.4666278387109439,
      0.45134232327342033,
      0.4771346628665924,
      0.43477639839053156,
      0.4767653940121333,
      0.42975235323111216,
      0.42338498850663503,
      0.4629565180341403,
      0.5001670821011066,
      0.4435535564894478,
      0.4727747633556525,
      0.5063648841778438,
      0.4618335101256768,
      0.5201124293108781,
      0.519514730349183,
      0.5068700218200684,
      0.8953554280598959,
      0.8509505846103033,
      0.3276019810140133,
      0.4735588268438975,
      0.8748202168941498,
      0.5502205403149127,
      0.5465135201315086,
      0.4822141339381536,
      0.5461857227981091,
      0.6271011780699094,
      0.9075895142555237,
      0.6438263466954232,
      0.5659848358730475,
      0.5388375759124756,
      0.5771682227651278,
      0.5801585000256697,
      0.5934552136560282,
      0.6547191074490547,
      0.5782232344150543,
      0.6407957558333873,
      0.5895792459944884,
      0.6598006441692511,
      0.671648299296697,
      0.7028523580233256,
      0.6339731757839521,
      0.6074807887276014,
      0.577117427388827,
      0.5891156540314356,
      0.6172352818151315,
      0.604511565665404,
      0.6688717337449391,
      0.621140900750955,
      0.6064336254199346,
      0.7002235396703085,
      0.6478534617026647,
      0.6184116331736247,
      0.6236574593186378,
      0.6984922050436337,
      0.7403463292121887,
      0.6484523349006971,
      0.6265619256099065,
      0.6163830618063609,
      0.6741662134726842,
      0.6884519149859746,
      0.6808402020732561
    ],