{
  "args": {
    "method": "ippo",
    "drift": "multi",
    "n_agents": 3,
    "horizon": 150,
    "episodes": 80,
    "seed": 6,
    "hidden": 64,
    "ppo_epochs": 4,
    "lr_ippo": 0.0005,
    "severity": 1.5,
    "log_every": 80,
    "outdir": "results"
  },
  "metrics": {
    "episode_reward": [
      40.26498596353666,
      29.655132961666425,
      35.40378397291321,
      34.56976889746471,
      35.246263603721204,
      33.57471587510986,
      38.42256606597869,
      37.97320842106779,
      38.679112223163266,
      38.155935287400574,
      35.50985512797618,
      34.71723090055039,
      37.639871669270924,
      37.27980820675279,
      36.86484136587631,
      35.70347793129169,
      37.02516679805186,
      41.153340150120975,
      31.022639151579813,
      38.18715889244859,
      37.79721912530562,
      36.80409750164707,
      37.28265311136429,
      35.155194221002354,
      37.144699825594834,
      39.24407181624431,
      34.484806899312474,
      35.77588558084227,
      37.24968957458625,
      38.85884290985353,
      40.45173485602979,
      38.43213716602575,
      43.674875328420775,
      41.72632547544526,
      43.239710351912116,
      43.62084856629375,
      36.35445962241956,
      42.04551977342414,
      38.60607391516164,
      42.44318958466047,
      44.75421252652179,
      43.30800176424285,
      45.70364266774724,
      45.1227980835933,
      48.471407559079466,
      49.50709606711239,
      48.26713094566433,
      47.81759863688307,
      43.175735601575845,
      35.3028203229782,
      47.5504125418349,
      47.260877934429395,
      48.79163710164526,
      55.992464946934824,
      48.24557765610521,
      47.21159286425814,
      47.838702855342014,
      48.252242262061316,
      46.363284621346374,
      49.70688718271757,
      49.755526343365744,
      44.115356058151384,
      46.363887729102565,
      48.94487865047744,
      37.45023598711314,
      52.18419977546572,
      48.643608493502846,
      49.8005794865804,
      51.09742667538171,
      52.106809679936255,
      50.662092773574976,
      49.20633989525964,
      58.67554825934485,
      52.948680041016424,
      52.7698654658472,
      51.69558478701452,
      49.151225067302654,
      52.33634134324066,
      54.41077717784794,
      54.93669694208854
    ],
    "sla_eMBB": [
      0.15547932348524532,
      0.16992220784847936,
      0.16260968903079628,
      0.1761674195093413,
      0.4940701969712973,
      0.3534649075071017,
      0.168556761884441,
      0.18013248008365432,
      0.17157448874786496,
      0.17597925720911006,
      0.1452094238748153,
      0.1583938382503887,
      0.16142249920715887,
      0.16762370843440294,
      0.16509508368869621,
      0.16572848742206892,
      0.16085228983933728,
      0.12728498024245102,
      0.1656919103053709,
      0.16356662509962916,
      0.1607598689571023,
      0.16481864461675286,
      0.17781909195085366,
      0.23329407044996817,
      0.18977241377035778,
      0.16534809063499173,
      0.18403932239860296,
      0.17535313892488677,
      0.18055055301636458,
      0.16848907299960653,
      0.17068150505423546,
      0.18814983416969577,
      0.18538018102447193,
      0.15287216783190766,
      0.16486052272220453,
      0.17646759601309894,
      0.18783219567189613,
      0.1685502301591138,
      0.16764207950482765,
      0.16479848828166724,
      0.1675628149881959,
      0.17613775787254174,
      0.1752684051543474,
      0.1836165078294774,
      0.19592981601754825,
      0.16700996187825998,
      0.1687335963609318,
      0.1765073869129022,
      0.17076847760627667,
      0.15204599691554904,
      0.17956106446683406,
      0.17352681933591763,
      0.15166906969000896,
      0.34168447852134703,
      0.2156745067362984,
      0.1937565542695423,
      0.21621283714969952,
      0.1971286026388407,
      0.1967136888206005,
      0.20027233218153317,
      0.21531894758343698,
      0.21717231759180625,
      0.201294083421429,
      0.2119077963506182,
      0.16284873279432455,
      0.23126439611117044,
      0.20268425273398558,
      0.21151129340132077,
      0.23595519927640757,
      0.21608777503172558,
      0.21081387942035992,
      0.20865662964681783,
      0.38919358916580676,
      0.2021796103566885,
      0.22730551381905872,
      0.2261531935756405,
      0.20415047069390616,
      0.21627038339773813,
      0.18479442829887072,
      0.21220390369494757
    ],
    "sla_URLLC": [
      0.49991988147298494,
      0.35717288344167175,
      0.4513927048444748,
      0.4051105796049039,
      0.2696174844602744,
      0.2740963365137577,
      0.4693936624874671,
      0.4551078563928604,
      0.4805906232632697,
      0.48751909042398134,
      0.45099182570974033,
      0.41971558722356955,
      0.4638719442486763,
      0.4665595857053995,
      0.46827431082725524,
      0.4414917179942131,
      0.47301399623354273,
      0.7877968923250834,
      0.4062587907910347,
      0.482623402128617,
      0.4650622274726629,
      0.4708656698465347,
      0.446960961719354,
      0.3685203907390436,
      0.45130498841404915,
      0.4743566721181075,
      0.4150187285244465,
      0.44336495533585546,
      0.4473941524326801,
      0.4856586680561304,
      0.4815049547205369,
      0.4563003960251808,
      0.532844402740399,
      0.5023008104413748,
      0.5591379008193811,
      0.5565231520434221,
      0.4275593900680542,
      0.5275614515940348,
      0.46162279744942986,
      0.5435666938374439,
      0.6257332442949216,
      0.5770098003745079,
      0.6001363361378511,
      0.6097384444872538,
      0.5409139499564966,
      0.6232726468642553,
      0.6409498845040799,
      0.647542365292708,
      0.5538455720245838,
      0.590756720751524,
      0.5910073684652647,
      0.6433994757135709,
      0.9283923935890198,
      0.5583093943198522,
      0.6093974902729193,
      0.6050874863068263,
      0.5823140373329322,
      0.6476155648628871,
      0.5883545994758606,
      0.6771318081021309,
      0.613785484880209,
      0.5217215993007024,
      0.571823871632417,
      0.62521568497022,
      0.6378631875912348,
      0.644083620061477,
      0.6402695872386297,
      0.6221416983008384,
      0.609202166001002,
      0.6612007113297781,
      0.6560206005970637,
      0.6136031877994538,
      0.5911702536543211,
      0.7016124086578687,
      0.6622925378878911,
      0.6673741462826729,
      0.628220275392135,
      0.6942518307765325,
      0.7451868186394374,
      0.6985704465707143
    ],