{
  "args": {
    "method": "ippo",
    "drift": "multi",
    "n_agents": 3,
    "horizon": 150,
    "episodes": 80,
    "seed": 5,
    "hidden": 64,
    "ppo_epochs": 4,
    "lr_ippo": 0.0005,
    "severity": 1.5,
    "log_every": 80,
    "outdir": "results"
  },
  "metrics": {
    "episode_reward": [
      36.98002661853291,
      30.633684716663453,
      36.133126898399674,
      32.991828109199794,
      34.54692414098731,
      36.52993711589112,
      33.82034846615667,
      34.312618140343375,
      39.277756101596715,
      34.6236732357699,
      33.992925721469035,
      37.34302488809659,
      39.25554582344899,
      40.79756589771976,
      40.58819998846288,
      43.759292956462396,
      36.133656522610956,
      29.026818162627112,
      32.943313295528704,
      40.515533902703076,
      39.32060794770305,
      39.762453730652744,
      40.256892428712725,
      37.299747343899476,
      41.21267245210087,
      39.270108147048305,
      42.38306009333791,
      41.96821864249652,
      38.82048050144483,
      38.68505313048764,
      38.87277446883835,
      45.6239510054804,
      39.29422554944954,
      40.81806348965815,
      41.27379377217346,
      41.88453165977395,
      40.595802943242965,
      33.96049239264945,
      39.710892889276174,
      41.39865275644183,
      42.05931779431801,
      43.58673535701305,
      43.36477551797615,
      32.2495562251657,
      44.655516198277496,
      43.09352863433887,
      47.310335057218474,
      45.64096415909527,
      47.52926577468819,
      53.247513897406634,
      47.758466240854226,
      48.68762539401653,
      46.819206738016725,
      47.28670379856814,
      50.30033250028375,
      38.46110604234659,
      48.53497168160982,
      49.70238584658756,
      52.42295646717156,
      49.620138559366296,
      50.373779452923294,
      48.90225032828753,
      50.67245565785304,
      52.40880540485185,
      53.82004821890346,
      51.48758547247079,
      59.47099647404013,
      38.72085976567533,
      50.097281773967914,
      52.16598757786887,
      54.19200561723361,
      53.18151470683517,
      52.11479323669858,
      53.14989788849814,
      54.95432562352057,
      37.752240122647734,
      54.75486425902283,
      56.50028671264238,
      52.456223050670495,
      52.967898475709895
    ],
    "sla_eMBB": [
      0.19587999497850736,
      0.14681322052453954,
      0.16881003339464465,
      0.1658360674418509,
      0.17235021507988374,
      0.16743178390587368,
      0.16177523444096248,
      0.17802329257130622,
      0.18075238708406688,
      0.16032463796436786,
      0.16908384308218957,
      0.16285040184855462,
      0.16218703599025805,
      0.2065096332753698,
      0.1814376584192117,
      0.21675647353132566,
      0.17313553682217994,
      0.15232300149897735,
      0.20016268569976092,
      0.182149254369239,
      0.1946113106732567,
      0.1650071012414992,
      0.181039331809928,
      0.16104909664019942,
      0.15487928808201104,
      0.15850407233461739,
      0.15782930488387745,
      0.16102018801883483,
      0.15906585233906906,
      0.17420432914048434,
      0.14316595787803332,
      0.20402846177419026,
      0.1597851999041935,
      0.17122590203459065,
      0.1628194232347111,
      0.15656964362909395,
      0.14444741376986106,
      0.12256232689134777,
      0.16575193227579196,
      0.1805129665757219,
      0.1536891635072728,
      0.14827059936399262,
      0.15706580192471545,
      0.11196728789558014,
      0.16315174068013827,
      0.4150518426112831,
      0.18533660216256975,
      0.16486112367361783,
      0.19364621055622896,
      0.2218441974868377,
      0.18726375146458546,
      0.1672242885828018,
      0.1748354422301054,
      0.1604558970592916,
      0.19412292663007974,
      0.1197547176356117,
      0.1932263647392392,
      0.17930547246088585,
      0.16381180445974072,
      0.15997179090976715,
      0.15801480900496245,
      0.16140389477213224,
      0.15962389253079892,
      0.16853227415432534,
      0.1832997790724039,
      0.1904792117451628,
      0.27215120640893775,
      0.15718513362109662,
      0.19433360981444517,
      0.20003660559654235,
      0.45221124020715553,
      0.18400689950833718,
      0.20437720440328122,
      0.20115833671142658,
      0.20878581152607997,
      0.1478986072788636,
      0.21139394838983813,
      0.230899937103192,
      0.21326905173559985,
      0.2167224376151959
    ],
    "sla_URLLC": [
      0.3780678624411424,
      0.3835195478796959,
      0.43563099175691605,
      0.4036907948553562,
      0.43259122744202616,
      0.4442172435298562,
      0.40264098525047304,
      0.39771800093352794,
      0.4696465549866358,
      0.43688354204098384,
      0.36834986550112564,
      0.4591534015039603,
      0.4937491404016813,
      0.41716272448499997,
      0.460999106913805,
      0.47102942409614723,
      0.4514630465954542,
      0.344314551576972,
      0.3753065227965514,
      0.4970084567864736,
      0.46208560933669407,
      0.5041052094226082,
      0.4978145389258862,
      0.4711148535211881,
      0.5108735202997923,
      0.4999700512488683,
      0.5123082863291105,
      0.5979923718671004,
      0.48425539150834085,
      0.46427544943988325,
      0.4985883289078871,
      0.5642615925272306,
      0.49347867275277774,
      0.4971868563691775,
      0.5367772620916367,
      0.5258530267079671,
      0.5158536378045877,
      0.5687382145226002,
      0.4936656485001246,
      0.48938998182614646,
      0.5553188896675905,
      0.5909332974751791,
      0.5372278301914533,
      0.8310429672400157,
      0.5765132952729861,
      0.34844846367835997,
      0.6383212472498417,
      0.5979454849163691,
      0.5749920663734277,
      0.5659095380206903,
      0.6018637758493424,
      0.6399952824910482,
      0.6111051653822263,
      0.6534139058987299,
      0.6471489202976227,
      0.9576854880650838,
      0.595091758966446,
      0.6453970739245415,
      0.6888022206226985,
      0.6711303864916166,
      0.6561645048856736,
      0.6461085435748101,
      0.6603412662943204,
      0.672075441579024,
      0.6949609464406967,
      0.6424649446209272,
      0.5956784935792288,
      0.6344420540332795,
      0.6121078776319822,
      0.6327905061841012,
      0.4370341510574023,
      0.6981128353873889,
      0.6215640591581663,
      0.6155554717779159,
      0.6457153279582659,
      0.6132494873801867,
      0.6417430084943772,
      0.5764665765563647,
      0.602079684038957,
      0.6057667015989622
    ],