{
  "args": {
    "method": "nested",
    "drift": "multi",
    "n_agents": 3,
    "horizon": 150,
    "episodes": 80,
    "seed": 2,
    "hidden": 64,
    "ppo_epochs": 4,
    "lr_ippo": 0.0005,
    "severity": 2.0,
    "log_every": 80,
    "outdir": "results"
  },
  "metrics": {
    "episode_reward": [
      30.64401073302662,
      34.43884784744846,
      34.88542351956582,
      37.48510176702919,
      31.98762210240693,
      38.03076692787001,
      35.20367270884002,
      36.83659046185725,
      44.049684505330255,
      34.770879426122555,
      40.52877788986601,
      40.82606933489446,
      40.57819758036902,
      44.52192100911503,
      41.02922569382936,
      36.10756700403164,
      40.29220620304762,
      38.67338589349143,
      41.65835275633469,
      51.9067274373646,
      41.3676945095882,
      40.43186944747966,
      51.064578574647584,
      42.30003816058035,
      35.275490897024675,
      43.64992705109637,
      46.737749205550394,
      43.55055450646004,
      42.482052421776814,
      42.947797313104935,
      43.914432679116764,
      50.41723523856035,
      45.76427766087266,
      46.29999899259877,
      45.6524748661763,
      46.942996344198015,
      46.445878535633334,
      46.763466358867845,
      46.744255069131064,
      47.02407536519076,
      47.015938840661676,
      52.348441435733065,
      50.8329240726928,
      47.36191389378579,
      38.01434381705602,
      46.90920546853712,
      43.40993582833977,
      47.06371414731779,
      47.801113851653064,
      47.278275583891464,
      36.638449099815155,
      48.91367528600002,
      48.162883743788676,
      50.65508327788367,
      48.115400769189044,
      50.626060300982694,
      51.231595223309114,
      50.885037656500906,
      50.16097440359499,
      50.45143535789108,
      50.540897677507736,
      51.4546691682811,
      49.912106810924115,
      52.21469228108833,
      49.72471729846057,
      50.60153260654257,
      56.47538918068432,
      61.60285748253682,
      51.935209037922384,
      53.44231416216747,
      42.57602635841402,
      49.80465691667053,
      52.18609501725687,
      52.375079455288784,
      52.370692770224515,
      52.84471413602849,
      49.93907479945989,
      51.693340912854545,
      40.01266719053188,
      54.82395423077465
    ],
    "sla_eMBB": [
      0.1508060117190083,
      0.1524349868631301,
      0.16751498578737178,
      0.15122530911117793,
      0.1554755034049352,
      0.16668915716310342,
      0.15491929593806467,
      0.18058975448211034,
      0.2099388751387596,
      0.15821398102367917,
      0.1811740243807435,
      0.16465145711476603,
      0.1703346935659647,
      0.13495091302941242,
      0.18002112582325935,
      0.17687649995088578,
      0.16295239513739943,
      0.16937595687806606,
      0.20108632118751604,
      0.3224045179784298,
      0.169352696215113,
      0.1809470911572377,
      0.24067328845461208,
      0.17040751105174423,
      0.1159413930028677,
      0.19823975856105486,
      0.1310855643947919,
      0.18243559752901395,
      0.1717402591370046,
      0.18221573393791915,
      0.18019536025822164,
      0.5872115776439508,
      0.18971975293010473,
      0.22212507553398608,
      0.18796338506042956,
      0.21095125605662665,
      0.19938865665967265,
      0.1866182514404257,
      0.19294026425729197,
      0.1990077396358053,
      0.18173182445267835,
      0.2272609465320905,
      0.16014451099559665,
      0.20840636790419617,
      0.14076282382011412,
      0.1942998815700412,
      0.2325748964647452,
      0.18921345049515367,
      0.21769520671417317,
      0.19438988119984665,
      0.16421374996503194,
      0.2051850544537107,
      0.20676968425512313,
      0.23344010211527347,
      0.19414841186255216,
      0.21987034675975642,
      0.21395213108509778,
      0.1523480119680365,
      0.20060779631137848,
      0.21803923310091097,
      0.2154683128496011,
      0.21695619244128467,
      0.20739894974355896,
      0.2418765090405941,
      0.20948699930061895,
      0.21219815799345573,
      0.2531313077857097,
      0.33574088019629317,
      0.22415930692106487,
      0.24817559053500493,
      0.18487186796963215,
      0.21554843977093696,
      0.2536046844224135,
      0.2433843390395244,
      0.25799282190700373,
      0.2543891143798828,
      0.22415004732708135,
      0.22978007266918818,
      0.13243674195061128,
      0.25022654213011264
    ],
    "sla_URLLC": [
      0.38892185983558497,
      0.42954805622498193,
      0.41402084978918235,
      0.48154597118496895,
      0.3841250842064619,
      0.4742810235420863,
      0.45097218178212645,
      0.4613769843180974,
      0.47457131336132685,
      0.4514814333617687,
      0.49623172663152215,
      0.4946099195132653,
      0.4894106199840705,
      0.853490549325943,
      0.5061557725816965,
      0.4246941186487675,
      0.511636495689551,
      0.483212071309487,
      0.4482788317402204,
      0.5293851545453072,
      0.5167715222636858,
      0.5115559607744217,
      0.5442644057671229,
      0.5373367788890998,
      0.9307440209388733,
      0.5524177390833696,
      0.9256174500783284,
      0.5515465388198694,
      0.5381465096771717,
      0.548693644007047,
      0.550660963356495,
      0.39597952778140705,
      0.5863533426821231,
      0.5631787834068139,
      0.5885470381379128,
      0.5720855867862702,
      0.5709488480786482,
      0.5856775947411855,
      0.57459412475427,
      0.5875868709385395,
      0.5927925874789556,
      0.5887208965420723,
      0.9656939013799032,
      0.5739862833917141,
      0.9459445428848267,
      0.5828634746869406,
      0.5718914930025737,
      0.5817242050170899,
      0.5700144815941651,
      0.5916887644430001,
      0.5849871575335661,
      0.5801630727450053,
      0.5802599955598513,
      0.5888214893142383,
      0.5942691987752915,
      0.5964066180586814,
      0.6312417296568552,
      0.9717429780960083,
      0.6198204544186592,
      0.5993233557542165,
      0.6017240343491236,
      0.6085840102036794,
      0.6051079216599464,
      0.6029349460204443,
      0.6026312853892645,
      0.6114514124393463,
      0.6036149912079175,
      0.6723910866181055,
      0.6403470039367676,
      0.606704922914505,
      0.9690961241722107,
      0.5996037607391675,
      0.5930974739789963,
      0.602409853041172,
      0.6115065758426984,
      0.6419223881761233,
      0.5985587843259176,
      0.6077289710442225,
      0.9706421840190887,
      0.6210916551947594
    ],