{
  "args": {
    "method": "nested_no_ema",
    "drift": "multi",
    "n_agents": 3,
    "horizon": 150,
    "episodes": 80,
    "seed": 2,
    "hidden": 64,
    "ppo_epochs": 4,
    "lr_ippo": 0.0005,
    "severity": 1.5,
    "log_every": 80,
    "outdir": "results"
  },
  "metrics": {
    "episode_reward": [
      31.21982072935337,
      35.18753455277119,
      35.35394284905246,
      38.71867678328936,
      32.55589383734495,
      39.46933403110858,
      36.572910677248416,
      37.50064558975609,
      44.828185631562484,
      35.57648836740605,
      40.99216201304358,
      41.23821501802243,
      42.49203291794083,
      44.96085862318673,
      41.57856078187212,
      36.57369521814919,
      40.783156335954054,
      38.820200448255584,
      39.79704746522218,
      51.90587145741097,
      42.412471485158655,
      41.060555844614306,
      52.33056311640481,
      42.46661323209606,
      35.96030409410593,
      45.09504156611448,
      46.83746171392912,
      44.47596395733874,
      42.82075569255073,
      43.26155345032718,
      45.33263918554619,
      52.934801358223744,
      46.816233488736316,
      45.842565223719554,
      48.09634537273609,
      47.24061142889165,
      47.910430789118045,
      50.52605380306229,
      49.55611527664073,
      49.00956645487911,
      49.252498797844716,
      53.83316176097535,
      51.49735487368372,
      48.612591532079755,
      39.31752952106955,
      48.69919548556212,
      44.54280977414718,
      48.2524538766593,
      48.9338720000246,
      49.86586152787012,
      39.11482453534071,
      51.711974210043785,
      50.035651414510305,
      53.691984392537016,
      52.14976019482648,
      52.1443312096927,
      55.23821744159279,
      51.42789935273015,
      54.75191611912518,
      54.41667281914918,
      53.772327714061596,
      55.64838174778142,
      51.20142219712337,
      54.349387353125785,
      52.953212217789975,
      51.597806953556024,
      60.01366072050814,
      62.31068017515872,
      54.9821283993208,
      55.01741228091222,
      42.640404778408474,
      51.918210355420115,
      53.10763478770648,
      52.95075426652202,
      53.5317225976537,
      54.631964269487405,
      52.3569831946244,
      52.476951128658335,
      40.1639329292087,
      58.47767837453222
    ],
    "sla_eMBB": [
      0.15387677696843943,
      0.1544760403370795,
      0.16988893171151478,
      0.15397514022886752,
      0.15782536895945667,
      0.16758079472929238,
      0.1557365141933163,
      0.18313175868242978,
      0.20687312006950379,
      0.157735346754392,
      0.17976783018559217,
      0.16585819210857153,
      0.16987684888144333,
      0.13699775267392397,
      0.17594156892349322,
      0.17541267219310006,
      0.15952040958528718,
      0.16555613200490674,
      0.20022327734778325,
      0.3097549304366112,
      0.1720709220568339,
      0.18246760860706368,
      0.22797544047236443,
      0.16568864120791355,
      0.1180353790273269,
      0.20019956768179933,
      0.13152747275928656,
      0.17925822938481967,
      0.1698786507671078,
      0.1813260257616639,
      0.17936760107055305,
      0.49320381063967944,
      0.1763129161670804,
      0.21159629233802357,
      0.18224256267150243,
      0.20222668529177706,
      0.19684612846622865,
      0.18036675856138268,
      0.19075119253247977,
      0.1926289981075873,
      0.1809368745610118,
      0.21776670388877392,
      0.15064085616419712,
      0.21255311235164603,
      0.1429323986421029,
      0.1905713692245384,
      0.22328289423137904,
      0.1834346719024082,
      0.2031374955922365,
      0.18868122226248185,
      0.16613346704592308,
      0.20040177817145982,
      0.19721858635544776,
      0.22781048101683457,
      0.20512078889335195,
      0.21481301998098692,
      0.23336824220915636,
      0.1490070216357708,
      0.2013609017059207,
      0.22232151370495556,
      0.22359619542956352,
      0.21797252126038075,
      0.19405807588870327,
      0.2282335546116034,
      0.21158113421251376,
      0.1974175155038635,
      0.23345198651154836,
      0.2771758677934607,
      0.20011208745340506,
      0.2154803104326129,
      0.15145691267525158,
      0.19678285909195742,
      0.21895734878877798,
      0.21921339655915897,
      0.20182921671619017,
      0.21588041104376315,
      0.21164203905810913,
      0.20694402607778709,
      0.12271850621327758,
      0.22682595134402314
    ],
    "sla_URLLC": [
      0.39069341915349165,
      0.434405503620704,
      0.408806866556406,
      0.48745362341403964,
      0.3856762951115767,
      0.4870469736059507,
      0.4608313370247682,
      0.4638245659073194,
      0.4812266543507576,
      0.4612585591028134,
      0.4968774162729581,
      0.49474479153752327,
      0.5200789186358452,
      0.8555629237492879,
      0.511352350662152,
      0.4293816166122754,
      0.5150406068066756,
      0.4944773609936237,
      0.4188716884454091,
      0.5303787412742774,
      0.5217167416214943,
      0.5149310850103697,
      0.5598479943474134,
      0.537909539838632,
      0.9396432201067607,
      0.5704035552342733,
      0.9199331688880921,
      0.554922721683979,
      0.5387743179003398,
      0.5470898578564326,
      0.6029012559354305,
      0.42430522580941515,
      0.6218978834648927,
      0.5547476537525654,
      0.6454688255488873,
      0.5680065913498402,
      0.6007788557310899,
      0.6397277346750101,
      0.5978950635592143,
      0.6266180330018203,
      0.620316188832124,
      0.5937362942099571,
      0.9699102377891541,
      0.5816089281439781,
      0.9450614595413208,
      0.5886182307203611,
      0.5798925749460856,
      0.5771650657057762,
      0.5637107293307781,
      0.6275641105075678,
      0.6115820323924224,
      0.5879114515582721,
      0.5844828197360039,
      0.61666574994723,
      0.6141056403517723,
      0.5997196111083031,
      0.6551425881187121,
      0.9040287673473358,
      0.6652629484732946,
      0.5999777314066886,
      0.6066881497701009,
      0.6246538896361987,
      0.5995746483902137,
      0.6080553648869197,
      0.6131538639962674,
      0.6419975059231122,
      0.6194078834851583,
      0.7119996978839238,
      0.6752625586589177,
      0.6300650449593862,
      0.9805801232655843,
      0.6066504470507303,
      0.592050887743632,
      0.601861025094986,
      0.6605336291591326,
      0.6900245581070582,
      0.6309578696886698,
      0.6098368556300799,
      0.9764358262221019,
      0.6754479985435804
    ],