{
  "args": {
    "method": "nested",
    "drift": "multi",
    "n_agents": 3,
    "horizon": 150,
    "episodes": 80,
    "seed": 1,
    "hidden": 64,
    "ppo_epochs": 4,
    "lr_ippo": 0.0005,
    "severity": 1.0,
    "log_every": 80,
    "outdir": "results"
  },
  "metrics": {
    "episode_reward": [
      38.10052714329214,
      36.430917086535025,
      37.438705403461235,
      40.902645734263004,
      34.078837043129745,
      43.75171404398669,
      43.07005736779217,
      42.298652469980894,
      38.07194851928703,
      35.18567644255236,
      43.38496731296186,
      41.06841624056301,
      41.015431797093115,
      41.359880815518814,
      40.571841657446306,
      45.73852882985441,
      40.94864517077806,
      42.965143100027426,
      39.54459434857388,
      43.49050341243471,
      57.4326897044563,
      47.24845728222284,
      47.98302247332308,
      44.577296514974684,
      48.57734878597162,
      52.15300391560626,
      56.06749476496543,
      50.525817208380126,
      47.50429838111805,
      47.93395711365671,
      57.292500455056626,
      64.28994502376561,
      55.093174774199746,
      57.4695928149546,
      55.05731897098533,
      49.26777195506214,
      59.86390932270637,
      45.935175029721314,
      53.68682443062878,
      60.32184332526395,
      57.76288710280011,
      56.868655009495306,
      64.99080002558317,
      63.173195397232995,
      52.30832029575378,
      58.61915213780271,
      53.892696257411615,
      70.9848402834394,
      64.15203912595496,
      55.109549334976414,
      55.0890716991698,
      56.81160833649344,
      58.69623774588111,
      49.24756724304623,
      59.34745071412377,
      36.18765357667575,
      62.23166681691595,
      64.14116489312931,
      60.341620446182816,
      62.030840354971666,
      58.46434469224059,
      65.92710179445447,
      59.75938312037232,
      55.561004842942,
      57.34148422857074,
      65.58084345476502,
      62.49253745828239,
      63.44598211704035,
      60.59398849820203,
      63.938731523499776,
      59.51534801226938,
      61.49992025576851,
      42.35318279063535,
      62.76727357268752,
      58.77036313950606,
      68.09008935516086,
      59.76707916550553,
      56.83650679834606,
      58.372527933731305,
      57.01102276932864
    ],
    "sla_eMBB": [
      0.16851902607828378,
      0.16501609668135642,
      0.1566943762699763,
      0.15900976158678531,
      0.1405796748523911,
      0.1447877514610688,
      0.17895460503796737,
      0.15768826737999916,
      0.150580062456429,
      0.15001670368015765,
      0.19147834508369366,
      0.1580892261862755,
      0.1482190664112568,
      0.16211653713136912,
      0.14261294015993675,
      0.14213893949364623,
      0.15091260585933924,
      0.15325930817673603,
      0.14703562911599874,
      0.13671882988264164,
      0.17816139476994675,
      0.14831715973714987,
      0.1596083500298361,
      0.1564841178866724,
      0.12937674976264438,
      0.1383681478475531,
      0.13740934029221535,
      0.13528892890239755,
      0.12098219759141406,
      0.11936616485317549,
      0.12226450686032574,
      0.16088022746145725,
      0.13809052702039482,
      0.11341201509038608,
      0.12525825552642345,
      0.13436957076812783,
      0.1472184333950281,
      0.11015983012815317,
      0.11682261954372128,
      0.13668746354679268,
      0.12386870636915168,
      0.11590937690809369,
      0.1338533972700437,
      0.15654187596092622,
      0.11639962645868461,
      0.11212206821888686,
      0.11881678742046158,
      0.1300653264299035,
      0.14396637198825676,
      0.1229565553739667,
      0.11272049612676104,
      0.09581757881989082,
      0.11418396993229786,
      0.0865116821291546,
      0.10682606900731723,
      0.07788883883506059,
      0.09130212316910426,
      0.08379041984677314,
      0.09386732975952328,
      0.10787267113725345,
      0.09570447378481428,
      0.10645728781819344,
      0.10005586578200261,
      0.09996914199863871,
      0.1082147555053234,
      0.09608386126657327,
      0.10827308292811115,
      0.09813157790961365,
      0.08878577074656883,
      0.09537684111545483,
      0.09047313880175352,
      0.08548364284079678,
      0.06875253962973754,
      0.09362164794156949,
      0.08839425927648942,
      0.11446146634717783,
      0.10655517212425669,
      0.09105669435734551,
      0.108117224338154,
      0.10790049610038599
    ],
    "sla_URLLC": [
      0.44474584276477497,
      0.44980834496517974,
      0.4661548737684886,
      0.510259605695804,
      0.41133133952816325,
      0.8131031606594722,
      0.46945567639234165,
      0.5377117691934109,
      0.4780953270941973,
      0.4466542631884416,
      0.45668251360456147,
      0.5424495765070121,
      0.5114311071236929,
      0.5308981028695902,
      0.5146652317047119,
      0.5907232792178789,
      0.5016952792803446,
      0.5899069434404374,
      0.500224054902792,
      0.5633794988195101,
      0.6058292648196221,
      0.6281978248556455,
      0.6440943688650926,
      0.47059142231941226,
      0.7194534503420194,
      0.6839095264176528,
      0.7599612665176392,
      0.5245262322823206,
      0.6818933696051439,
      0.9305910706520081,
      0.8145204463601112,
      0.6579244331518809,
      0.8043521173795064,
      0.8371532807747523,
      0.6420680106679598,
      0.5338045274217923,
      0.8268220816055933,
      0.8054566303888957,
      0.7551182694236438,
      0.7843998047709465,
      0.781193291346232,
      0.7707932358980178,
      0.770886187752088,
      0.7262674240271251,
      0.7344697799285252,
      0.8147526894013087,
      0.7185281086961428,
      0.8307749358812968,
      0.7414482694864273,
      0.8046075425545375,
      0.7927448716759682,
      0.7913379361232121,
      0.8458106827735901,
      0.9740737311045329,
      0.816948496500651,
      0.9675070369243621,
      0.8785156973203023,
      0.8882938941319783,
      0.8236676959196726,
      0.86027583360672,
      0.8246078439553579,
      0.9162899812062582,
      0.8219047145048777,
      0.779423139890035,
      0.8034725455443065,
      0.9045199275016784,
      0.8378209366401037,
      0.8717590304215749,
      0.8594575899839402,
      0.847029683192571,
      0.8566547938187917,
      0.89628014087677,
      0.7908579792579015,
      0.9018555637200674,
      0.8710248170296351,
      0.7855439523855845,
      0.8269809444745382,
      0.8082626402378082,
      0.7775957882404327,
      0.7623564824461937
    ],