{
  "args": {
    "method": "nested_no_ema",
    "drift": "multi",
    "n_agents": 3,
    "horizon": 150,
    "episodes": 80,
    "seed": 1,
    "hidden": 64,
    "ppo_epochs": 4,
    "lr_ippo": 0.0005,
    "severity": 1.5,
    "log_every": 80,
    "outdir": "results"
  },
  "metrics": {
    "episode_reward": [
      36.49672492773583,
      34.89195174843902,
      36.356427723231405,
      39.44619945652993,
      32.88905478413736,
      43.18868590535906,
      40.0160302097185,
      38.37776559549223,
      36.715057833223725,
      34.285500739980506,
      43.27582245808515,
      38.6050449447396,
      39.48568092261754,
      39.628261398482685,
      39.66953059939877,
      42.055188065601754,
      38.926174737513094,
      40.76634332831535,
      38.00075124498045,
      42.36151795828096,
      50.85217321123932,
      43.88608886326355,
      45.30099586847033,
      42.020858376514575,
      46.10202578001968,
      48.47682901802991,
      50.93468617983163,
      44.042730238645674,
      45.44745762669999,
      47.77649930539642,
      52.4277703019066,
      59.05915220670613,
      53.0061345186809,
      53.01741597359588,
      56.31980912430836,
      48.24666703465499,
      57.357253265939654,
      43.401421370315894,
      51.59432860842082,
      60.00021842668455,
      54.28332578926868,
      55.392350644473396,
      63.02816395340491,
      60.971583586062,
      52.26025879637651,
      54.71355090269612,
      53.19002420748071,
      64.83415300274889,
      58.35601445246852,
      52.54070798790523,
      53.66329038341843,
      52.91235467671521,
      51.342320841199005,
      48.20565131526027,
      52.164856836344654,
      35.29532666883119,
      54.64796862498758,
      59.665375028964576,
      53.93383370536484,
      56.19798833542611,
      54.70133542311121,
      58.288191256868764,
      53.581332534862064,
      49.88029770351846,
      53.55293081392434,
      61.39429259760717,
      58.49044848419728,
      59.5176139070135,
      54.06842416638718,
      60.67707084297306,
      54.180167666098335,
      56.78674094935673,
      37.437057720621446,
      56.60023107727111,
      55.96086992991879,
      65.91462150005005,
      60.26568569491308,
      54.066346459835785,
      57.8001953015311,
      57.17956933240515
    ],
    "sla_eMBB": [
      0.1689165044079224,
      0.16526090561101833,
      0.16056908182178933,
      0.157254752330482,
      0.14139796434591215,
      0.1397890164454778,
      0.17630998466163875,
      0.15810109124829372,
      0.15216724939644335,
      0.15296034849559267,
      0.19818576679875452,
      0.1598835296742618,
      0.14860424639036257,
      0.16530980974435805,
      0.14600340448940793,
      0.14798375978445014,
      0.1526120910483102,
      0.15498779592414696,
      0.14770113887886208,
      0.14267193177094062,
      0.19389325284709533,
      0.14943971576790016,
      0.16966748476649324,
      0.18780916171769302,
      0.14286295391619205,
      0.15126584025099873,
      0.1436516951583326,
      0.17134770601366958,
      0.13349815886778135,
      0.11674625091254712,
      0.1337516315964361,
      0.2019007802506288,
      0.1501941230210165,
      0.1293069573243459,
      0.1560791816065709,
      0.17168200137714545,
      0.15463049849495292,
      0.11533628900845845,
      0.12615708279733856,
      0.13726251824448507,
      0.13162167952706416,
      0.1321917596583565,
      0.15844339569409688,
      0.17351433906704186,
      0.12961349032819272,
      0.13512937643875678,
      0.13096630675718188,
      0.1549421022584041,
      0.15766443648686013,
      0.137761997487396,
      0.12610620299354194,
      0.11554490899046262,
      0.1297631107022365,
      0.0916054114451011,
      0.14784262331823508,
      0.09462448837856452,
      0.13319452879950405,
      0.12587630912661552,
      0.13620397185906769,
      0.14153806800643604,
      0.12937694535280267,
      0.13087548060963552,
      0.13565165339658658,
      0.12366006559381883,
      0.13623540764674544,
      0.13073780762652557,
      0.12860378375276924,
      0.1201652484262983,
      0.11002661318828662,
      0.12371880387887359,
      0.11721349388360977,
      0.10941761473193765,
      0.08098580041279395,
      0.11000580376634995,
      0.09108212849125266,
      0.09929036243508259,
      0.08632207886005441,
      0.08435747537451486,
      0.09306582937637965,
      0.09400971125190456
    ],
    "sla_URLLC": [
      0.4347028958052397,
      0.44098717691997685,
      0.4620923062910636,
      0.4973206762472788,
      0.4044295730193456,
      0.816775432229042,
      0.4486491804321607,
      0.48453723614414534,
      0.4565338055044413,
      0.4333197225133578,
      0.4545362973709901,
      0.5019845086336135,
      0.5012467149396738,
      0.5029660952587922,
      0.5027742815017701,
      0.5224102027714252,
      0.4823747464021047,
      0.5140716247757275,
      0.4851262713472048,
      0.5517039385437965,
      0.5466786015033722,
      0.575626673946778,
      0.5831286776065826,
      0.39250407482186955,
      0.6452141893903415,
      0.6199111198882262,
      0.6803958522280057,
      0.4437220453222593,
      0.6212881162762642,
      0.9338081721464793,
      0.7429010427991549,
      0.6119276231527329,
      0.7668940104047457,
      0.7621579356988271,
      0.6496893747647603,
      0.49209264675776165,
      0.7999255843957265,
      0.7711335048079491,
      0.7269118161996205,
      0.8056874626874924,
      0.7641931543747584,
      0.7659658312797546,
      0.7567366584142049,
      0.715598067442576,
      0.7493122415741285,
      0.7770760879913966,
      0.7378205388784409,
      0.775677614013354,
      0.6993600847323735,
      0.7620253074169159,
      0.7946804110209147,
      0.7625686314702034,
      0.765270683368047,
      0.9772850461800893,
      0.731684925754865,
      0.9516142463684082,
      0.7706073923905691,
      0.8205394055445989,
      0.7218102047840754,
      0.7881454962491989,
      0.7787770150105159,
      0.8204203395048777,
      0.7589005327224732,
      0.6959059057633082,
      0.7273148627082506,
      0.8581036800146102,
      0.7926558051506678,
      0.8148429173231125,
      0.7758002522587776,
      0.8174374856551488,
      0.7757108521461487,
      0.825083215435346,
      0.752623879512151,
      0.818720001578331,
      0.8245773482322692,
      0.8043269773324331,
      0.850018558104833,
      0.800009985168775,
      0.8069648472468058,
      0.792489125529925
    ],