{
  "args": {
    "method": "nested_two_level",
    "drift": "multi",
    "n_agents": 3,
    "horizon": 150,
    "episodes": 80,
    "seed": 4,
    "hidden": 64,
    "ppo_epochs": 4,
    "lr_ippo": 0.0005,
    "severity": 1.5,
    "log_every": 80,
    "outdir": "results"
  },
  "metrics": {
    "episode_reward": [
      36.335039122485476,
      37.005981362631765,
      39.15610975916497,
      40.08472731569782,
      36.984723134359534,
      36.33595192473797,
      39.507337895780815,
      39.9486739727565,
      39.43966519433179,
      32.337315915359405,
      40.31427476041848,
      38.77706367188238,
      38.114131164509395,
      36.72464343338378,
      37.84302648859094,
      38.32485674005002,
      40.978096228403366,
      43.09497793424462,
      41.92975907137412,
      41.71988361249939,
      38.65982773616499,
      41.05110273944836,
      32.40497305542232,
      40.36075477600101,
      46.20126030488559,
      42.319260953822074,
      39.888849750368145,
      42.664816674010645,
      33.97805273433524,
      43.647165641706046,
      41.74795058957407,
      43.361186031272865,
      39.73235571955126,
      46.961387598338696,
      44.76667003452574,
      48.42860406051361,
      43.829121559113304,
      40.87403423664058,
      39.68725898706666,
      43.4308633965751,
      49.204551569062005,
      46.018374820198495,
      45.888303644541246,
      46.38971256011478,
      39.10156406884391,
      48.20964338907766,
      44.627793558852574,
      45.39674498448151,
      49.548933271091094,
      47.00532704711791,
      44.12123630108933,
      45.60754460272278,
      43.443062941750746,
      46.062978442303034,
      47.48786344529236,
      46.39520629981744,
      46.6117779500369,
      49.53078780786862,
      49.8356836602506,
      52.3852350549566,
      47.19973095220828,
      49.28218393607275,
      47.700460096407284,
      47.99625573011327,
      50.76849444932824,
      46.970032213090235,
      42.36892076815582,
      50.668980129891,
      50.896642471974125,
      49.761022070070986,
      48.9938048521885,
      45.43885039970692,
      50.92019260256657,
      51.52296058361733,
      55.219939034460644,
      51.267624434352776,
      48.704704751964265,
      51.84156026250375,
      49.825055210044006,
      49.71586328835951
    ],
    "sla_eMBB": [
      0.1603283134723703,
      0.16915520320336025,
      0.17698714905108015,
      0.15577594303836426,
      0.16340163514018058,
      0.1540007689098517,
      0.15054289374500512,
      0.1663195704172055,
      0.1873631844110787,
      0.15888755838076274,
      0.17393461629748344,
      0.16932494343568882,
      0.14677607275545598,
      0.17738472240045666,
      0.15236353157709043,
      0.15171336498732368,
      0.17933608195434014,
      0.14677108063052097,
      0.15991737470030784,
      0.15461443405598402,
      0.15101925781617562,
      0.15395734979460637,
      0.1519379114235441,
      0.15616401309147476,
      0.12982960673049093,
      0.1720394111300508,
      0.1648813489327828,
      0.16614878112450243,
      0.1067303509513537,
      0.15398201352606217,
      0.1581247166544199,
      0.15414135379716754,
      0.16575519412755965,
      0.19670658635596433,
      0.1534736222339173,
      0.13827797499795755,
      0.18188296905408302,
      0.15727092203994592,
      0.1568759689790507,
      0.1558636680493752,
      0.19460690492764116,
      0.17767826843385895,
      0.17080129656940699,
      0.189023319723395,
      0.22017103533570964,
      0.16946058236062528,
      0.16084201443940402,
      0.18714161438246568,
      0.27506838289399943,
      0.1821357444735865,
      0.17501757675160964,
      0.1597252940448622,
      0.16836261183023452,
      0.15876985994478066,
      0.17568111325303715,
      0.17599408141026895,
      0.16845391299575568,
      0.1651443903769056,
      0.17648737702518702,
      0.2303024373948574,
      0.1743845048112174,
      0.20600647310415904,
      0.17622836163888375,
      0.17077944657454888,
      0.1609928738512099,
      0.15995812216152747,
      0.17324255170921485,
      0.1918211576528847,
      0.16281851140161355,
      0.17488435124978424,
      0.15119644154484074,
      0.28245646367470423,
      0.17172013121346633,
      0.16532306261360646,
      0.16632174018149576,
      0.1548620138441523,
      0.16884869034091632,
      0.1836727104211847,
      0.1592331276151041,
      0.2508291712217033
    ],
    "sla_URLLC": [
      0.4696866817772388,
      0.47173664172490437,
      0.45605018228292465,
      0.7431720379988352,
      0.44098822489380834,
      0.46718697766462963,
      0.49262473955750463,
      0.48276735191543896,
      0.5178122783700625,
      0.39098977694908776,
      0.4971571210026741,
      0.483148787766695,
      0.4771665698538224,
      0.43468332921465236,
      0.4989777376751105,
      0.46427509317795435,
      0.4957518464823564,
      0.5430398983756701,
      0.5298457725842793,
      0.5490868614117305,
      0.4978949809571107,
      0.5269429677228132,
      0.534787958363692,
      0.5121410276989142,
      0.8843168938159942,
      0.5254713198542595,
      0.5007108583549659,
      0.5331637040277322,
      0.8861829054355621,
      0.5548322248458862,
      0.5084523171186447,
      0.5428676690161228,
      0.48954696411887805,
      0.5103177486360073,
      0.5671967019637426,
      0.907523873647054,
      0.5379745744168758,
      0.5022619127730529,
      0.5202044978241126,
      0.5572828213870525,
      0.5429899677634239,
      0.5652027093370755,
      0.5677097877363364,
      0.547616925239563,
      0.3529437443614006,
      0.6018815814952055,
      0.5508281134068966,
      0.5727140874663988,
      0.5062746607263883,
      0.61523509050409,
      0.5289892084896565,
      0.545419561813275,
      0.5424337705969811,
      0.5815322578946749,
      0.5938976435363292,
      0.5793129729231199,
      0.582800624469916,
      0.6355983950694402,
      0.6318247934182485,
      0.5346876309067011,
      0.5911936620871227,
      0.5894126768410206,
      0.6038414698839187,
      0.589946094105641,
      0.6979074191053708,
      0.5787413780391216,
      0.5913230248788992,
      0.6117834953963757,
      0.6186002191404502,
      0.6004184837639331,
      0.6197142791251341,
      0.39324731051921846,
      0.6117391559481621,
      0.6619540003438791,
      0.7573007181286812,
      0.6735110053420067,
      0.5938925248384476,
      0.6049103089173635,
      0.6038616474469503,
      0.4264212832848231
    ],