{
  "args": {
    "method": "nested",
    "drift": "multi",
    "n_agents": 3,
    "horizon": 150,
    "episodes": 80,
    "seed": 1,
    "hidden": 64,
    "ppo_epochs": 4,
    "lr_ippo": 0.0005,
    "severity": 0.5,
    "log_every": 80,
    "outdir": "results"
  },
  "metrics": {
    "episode_reward": [
      41.37682526204738,
      38.60580315238072,
      41.715617478311636,
      43.37126917836982,
      36.306028596705026,
      44.80968968438296,
      51.32464795882504,
      47.999798517356965,
      42.76184225769507,
      37.75592020413735,
      46.84240725722117,
      46.11337863248255,
      48.32542959766258,
      49.42017794450123,
      44.389608267404974,
      51.8444115532769,
      47.39909031384937,
      55.39629877762246,
      44.02693219005855,
      52.008506091728094,
      67.4389756589507,
      56.89860507133932,
      60.515672521132764,
      72.4037351837175,
      58.392134650196475,
      58.44444239572621,
      64.65874218572344,
      65.88971666617628,
      56.174059976295865,
      48.044320829461014,
      66.39033860129615,
      80.29293928570628,
      65.09149463761908,
      65.47872557348262,
      75.75812961188039,
      72.91131691903706,
      69.28480562044099,
      55.463421654147595,
      64.07151542330782,
      73.659491455141,
      67.31474546897748,
      64.62301434046694,
      76.5282334385026,
      73.29074953321704,
      61.622127552749596,
      65.54626331977134,
      63.09093666695475,
      75.79400100341688,
      71.37305134880461,
      66.74541958177257,
      64.58615632951258,
      65.37852479918966,
      68.19232925253198,
      49.79568797064323,
      64.2489857312499,
      37.947663509773264,
      68.76125297896158,
      68.58596978647019,
      65.87035642576718,
      70.27096071624102,
      68.38577654375186,
      70.21375730528194,
      68.17325605894966,
      65.11858567812796,
      68.12722703100502,
      70.38472156321849,
      68.52605455093509,
      69.52268430407999,
      70.09308673360705,
      68.80000387897933,
      69.21493288604556,
      68.30936626920278,
      51.86663757724066,
      70.09185113735096,
      69.47274115816182,
      79.63510414581334,
      69.54589779596375,
      68.10688768416242,
      67.697664841099,
      70.0522392233214
    ],
    "sla_eMBB": [
      0.17082849061737457,
      0.1652688659603397,
      0.15564148796722294,
      0.15655909083783626,
      0.1408943097293377,
      0.15501638901730377,
      0.17605186221500238,
      0.1562880448376139,
      0.148042170299838,
      0.14225835242619117,
      0.17047249960402647,
      0.15209168620407582,
      0.1475003503759702,
      0.15878443722923596,
      0.14200002138813336,
      0.14139585185796022,
      0.14784849274903536,
      0.15055367173006137,
      0.1439679115638137,
      0.13792164117097855,
      0.16060499296834072,
      0.13851925561825434,
      0.14981175381690265,
      0.145432267151773,
      0.12229300048202277,
      0.12884299016247194,
      0.13105010050038496,
      0.11726860634361704,
      0.11523557155082623,
      0.12365930510063966,
      0.11022264920175076,
      0.14516658535848062,
      0.13512625637153786,
      0.11232261488835017,
      0.12202344088504712,
      0.11941485079626242,
      0.13468181879570088,
      0.10789922025675575,
      0.11413220686217149,
      0.12446521111453573,
      0.12609634276479484,
      0.12271753604213397,
      0.14272446403900782,
      0.1569267912954092,
      0.12563801382978756,
      0.12654220765146115,
      0.12542483054101466,
      0.13600284249832234,
      0.1488482267409563,
      0.12504217829555273,
      0.12583283168574175,
      0.11185889337211848,
      0.12530012849718333,
      0.09568146000305812,
      0.11364284315456946,
      0.0963913602133592,
      0.10050654586715004,
      0.09433732128391663,
      0.0994962836181124,
      0.11128822720299164,
      0.11082820332298676,
      0.1098971485843261,
      0.0979420380666852,
      0.09118168239792188,
      0.1058126734321316,
      0.10167667691906293,
      0.11013526500513156,
      0.09925684114297231,
      0.09956721009065707,
      0.1097956122457981,
      0.1031055968006452,
      0.1004721377727886,
      0.08691306967288255,
      0.09777147946258385,
      0.08788099758327007,
      0.12012506939470768,
      0.11234749754269918,
      0.09492467325180769,
      0.10155684355646372,
      0.11381760523964961
    ],
    "sla_URLLC": [
      0.4664015469948451,
      0.4616337465743224,
      0.5057051636278629,
      0.5263608254492282,
      0.4397651873032252,
      0.8010380993286769,
      0.5770807107786338,
      0.6341778372724851,
      0.5491919874896606,
      0.5007190217574438,
      0.486274828016758,
      0.6393117901682853,
      0.6244692038496336,
      0.6428132502237955,
      0.6098825692137082,
      0.6963932978113493,
      0.6294810194770495,
      0.7795879971981049,
      0.5716953787207604,
      0.7258758681019147,
      0.6919734303156535,
      0.7989341266949972,
      0.8357617366313934,
      0.8202431559562683,
      0.8485297691822052,
      0.7970559952656427,
      0.8955673529704412,
      0.7722602019707362,
      0.8240061366558075,
      0.9278213612238566,
      0.9459475974241892,
      0.7987461551030477,
      0.9131457201639811,
      0.9417832044760386,
      0.9062331863244375,
      0.8094606252511343,
      0.955173347791036,
      0.927687140305837,
      0.9100624052683512,
      0.902990753253301,
      0.9244888883829117,
      0.895663973291715,
      0.9097204097112019,
      0.8612522411346436,
      0.8482049161195755,
      0.9159394105275472,
      0.8585263568162919,
      0.8807777750492096,
      0.8248975801467896,
      0.9434055185317993,
      0.9109311830997467,
      0.9042620488007863,
      0.957166006565094,
      0.9756310331821442,
      0.8775551545619965,
      0.9740168821811676,
      0.961223886013031,
      0.9651884750525157,
      0.9238689849774043,
      0.9743291421731313,
      0.9520124057928722,
      0.9726330459117889,
      0.9417047862211864,
      0.9177591780821482,
      0.9553304811318716,
      0.9766694784164429,
      0.9406162444750468,
      0.9740897762775421,
      0.977146323521932,
      0.9229192686080933,
      0.9732779121398926,
      0.968728887240092,
      0.9107066528002421,
      0.9777233954270681,
      0.9853498200575511,
      0.9522541443506877,
      0.9578070259094238,
      0.9754221562544505,
      0.9425849390029907,
      0.9637740357716879
    ],