{
  "args": {
    "method": "nested",
    "drift": "multi",
    "n_agents": 3,
    "horizon": 150,
    "episodes": 80,
    "seed": 0,
    "hidden": 64,
    "ppo_epochs": 4,
    "lr_ippo": 0.0005,
    "severity": 1.0,
    "log_every": 80,
    "outdir": "results"
  },
  "metrics": {
    "episode_reward": [
      36.5478628437759,
      33.009815128437374,
      37.38891459076355,
      36.863451209498784,
      37.52573489793062,
      40.964649954712435,
      36.51177334835132,
      34.69562187774314,
      38.26325188746885,
      46.60024442144984,
      38.04753371168758,
      43.38131195738291,
      38.94273912482894,
      35.80875792728428,
      44.09084628750054,
      40.07146453733247,
      40.21050138098912,
      34.50139759211903,
      45.380543918949066,
      43.75702670949204,
      45.77117149949905,
      43.03862339510687,
      41.99452360997288,
      42.65464394616169,
      45.48890672391283,
      35.34885208790914,
      52.9335079653008,
      46.374121799257914,
      40.69352244451229,
      42.5506140316319,
      46.39066496280335,
      44.72079732045531,
      52.471671724278075,
      48.09329509296351,
      45.11465253842374,
      34.22072903648433,
      42.93442124117994,
      49.28536900447475,
      51.19371091348844,
      43.84941261033011,
      46.95710702971039,
      46.544256639459896,
      51.084099510353475,
      49.573782173233745,
      49.337145658334094,
      54.8726037423437,
      48.59479403251576,
      50.56776214196449,
      58.390960255430805,
      41.97431269236322,
      48.56609684363423,
      47.75765002705157,
      46.53787939188381,
      42.287265159127585,
      48.40374064600717,
      54.20077522185945,
      45.666459625566176,
      52.979376509330336,
      56.442265318003,
      51.299783778956375,
      53.275349236507395,
      50.00301482241807,
      53.26883988231424,
      57.28039205529624,
      55.552826540813705,
      56.823244703737,
      57.01268838807528,
      57.971730977503825,
      53.86575991974939,
      55.031066695476625,
      59.36758246163114,
      56.344717876344106,
      62.12386994132155,
      57.62965570524748,
      61.2789196362512,
      64.93527130195874,
      64.83225257061424,
      57.73864214242332,
      53.38489593184659,
      61.624777389804194
    ],
    "sla_eMBB": [
      0.16017338099579018,
      0.15368818683549762,
      0.15977909439553817,
      0.17753391534090043,
      0.14691377890606722,
      0.15694969579577445,
      0.16103725648795564,
      0.16555073930571476,
      0.17257951562603316,
      0.16719851579517125,
      0.16728243230531614,
      0.1467786435286204,
      0.15391894116997717,
      0.14291153880457083,
      0.15402607416113218,
      0.14901334549610815,
      0.16025066629052162,
      0.1581577154373129,
      0.21594657192006708,
      0.16758128218973675,
      0.14784992271413405,
      0.16334084468583265,
      0.15795514807725947,
      0.16510725538556775,
      0.15888237544024983,
      0.12036490762606263,
      0.2172941047201554,
      0.15407691391805808,
      0.2002455445379019,
      0.16690603233873844,
      0.14932468570768834,
      0.17994511008262634,
      0.1385841165855527,
      0.16141140773892404,
      0.14870464059213798,
      0.142044155386587,
      0.14441760872801146,
      0.16955993995070456,
      0.17612762403984863,
      0.1516718131179611,
      0.16006823894257347,
      0.18531746031095583,
      0.16598709216962257,
      0.17302485001583895,
      0.17874276549865803,
      0.16406210446730257,
      0.1604962249410649,
      0.18013803510616222,
      0.20808068494002024,
      0.1817655048084756,
      0.16542844181880356,
      0.1545952120795846,
      0.16549065437167884,
      0.19243346215536197,
      0.1830057345951597,
      0.1658864242148896,
      0.18036969559888044,
      0.14690362953891356,
      0.24926311659316222,
      0.1983444332703948,
      0.19858466871082783,
      0.17748106474677722,
      0.1807678761333227,
      0.16470196384936572,
      0.2025972664480408,
      0.16218747186164062,
      0.198599705422918,
      0.17845767308026553,
      0.1877603042498231,
      0.2685994894554218,
      0.1855164563159148,
      0.25266578344007334,
      0.17759925169249377,
      0.18972595578680435,
      0.17948437489569188,
      0.16519743787745636,
      0.1646286081771056,
      0.15929745112856228,
      0.22333494811008373,
      0.16093157696227234
    ],
    "sla_URLLC": [
      0.4324688542385896,
      0.39907050515214604,
      0.4378926106293996,
      0.4325605720281601,
      0.4622852256397406,
      0.5231864226361116,
      0.44443373337388037,
      0.40308544973532356,
      0.5192494757970174,
      0.56164847244819,
      0.4473315655191739,
      0.5007698420683543,
      0.444715990871191,
      0.4041825901468595,
      0.5435957645873228,
      0.510060183107853,
      0.5029523806770643,
      0.3837633918225765,
      0.357022975658377,
      0.5382693393031756,
      0.6131067950526873,
      0.5293999456862608,
      0.5555620258053143,
      0.3931923528512319,
      0.5876202250520388,
      0.889346303542455,
      0.549960573464632,
      0.5961631638805072,
      0.41069463297724723,
      0.52981459364295,
      0.5822303189337253,
      0.41007584348320963,
      0.700164657831192,
      0.6084940672417481,
      0.6272333605090777,
      0.5633894948164622,
      0.5284859814743201,
      0.6123740393916766,
      0.6546155270934105,
      0.5838803998132547,
      0.5786516451835633,
      0.5409889101982117,
      0.6263565206031004,
      0.628700266679128,
      0.5773454765975475,
      0.7201280265549819,
      0.6078640613953272,
      0.5845117020606995,
      0.5964438564578692,
      0.3892552966872851,
      0.6676819243033727,
      0.5975508319834868,
      0.5520281640688578,
      0.9412654972076416,
      0.5822644104560216,
      0.6747862515846889,
      0.5395842579007148,
      0.929243418375651,
      0.5492665120959281,
      0.5977117485801379,
      0.5662814407547315,
      0.607316238929828,
      0.6201485514640808,
      0.7191317564249039,
      0.6823222369949022,
      0.7097918914755186,
      0.6329429476459821,
      0.7569966737429301,
      0.6284838725129763,
      0.4786727715531985,
      0.7422444635629654,
      0.5096776552995046,
      0.7450485559304555,
      0.6803156508008639,
      0.7449616144100825,
      0.8212132334709168,
      0.8061123243967692,
      0.6963007221619288,
      0.5652637453873952,
      0.7678400045633316
    ],