{
  "args": {
    "method": "nested_no_ema",
    "drift": "multi",
    "n_agents": 3,
    "horizon": 150,
    "episodes": 80,
    "seed": 3,
    "hidden": 64,
    "ppo_epochs": 4,
    "lr_ippo": 0.0005,
    "severity": 1.5,
    "log_every": 80,
    "outdir": "results"
  },
  "metrics": {
    "episode_reward": [
      33.26200829537379,
      38.03894463252314,
      33.39026339763984,
      36.47570865771012,
      36.279312061114865,
      35.870725095499736,
      34.838173056357654,
      35.710117236985305,
      35.23977888480038,
      38.670711402544605,
      41.60476532561396,
      42.30166472592909,
      41.03779790629117,
      40.43228552128294,
      44.79253590198025,
      42.85184785483616,
      44.580346346602596,
      42.10642426309901,
      44.21491408459329,
      45.480598049466,
      45.56877784809722,
      46.83919022712441,
      48.1831529659116,
      46.458007180628705,
      44.72023266481447,
      46.66945036235783,
      49.47195467351054,
      48.769194849642645,
      47.642259871168086,
      48.86650632289758,
      50.15425440923627,
      45.624254685392025,
      38.8972192555045,
      54.35295203437827,
      48.46158708884485,
      50.522370627108565,
      50.00303115668813,
      49.52546461352873,
      57.22579364139176,
      48.46540212322858,
      53.740584301886464,
      52.85550730362949,
      50.46639006678017,
      50.68033991158013,
      41.29524728349515,
      50.81247581851981,
      49.75695269376869,
      50.97421443859739,
      49.95686222472127,
      52.33453482782678,
      51.61854211496348,
      53.22378167669395,
      49.72450727218145,
      51.39630593889291,
      52.98988582675037,
      53.203689795153025,
      57.158014388961924,
      52.058138946278234,
      52.24597459483065,
      54.647626385610145,
      42.1729636511869,
      53.321661335436865,
      54.196885669107246,
      48.76391603909433,
      51.3517070878504,
      52.1540602459469,
      48.19273842838075,
      53.36891705311007,
      54.559235648666,
      64.83842203420484,
      53.91491619360945,
      50.682502669220185,
      52.42773557783415,
      52.2371032598946,
      54.6316936792185,
      55.74724957026126,
      52.80095774670027,
      52.507898393004304,
      52.6602442385836,
      61.347435780242115
    ],
    "sla_eMBB": [
      0.1599993810678522,
      0.4666810267356535,
      0.16096280963470538,
      0.19539920071139932,
      0.31237329211086035,
      0.16704625086858868,
      0.16172244442005954,
      0.17995628831287225,
      0.17205844663083553,
      0.1647330551346143,
      0.19418172956754765,
      0.1713360091112554,
      0.1652911758919557,
      0.18092766851186753,
      0.1367853559864064,
      0.1813491674264272,
      0.16322551777586342,
      0.1637074219311277,
      0.19793512339082858,
      0.17603465418641767,
      0.18182524347677828,
      0.16868578467518092,
      0.23207216310004394,
      0.17201942747458815,
      0.19908848910282056,
      0.18050511608521144,
      0.6030431654676796,
      0.19956296380609273,
      0.17526039807746807,
      0.19374253340065478,
      0.19576444298028947,
      0.17892801752934853,
      0.13193852465599776,
      0.2232961356639862,
      0.31151206642389295,
      0.2089123031621178,
      0.2003695745021105,
      0.20005788857117296,
      0.2546825835853815,
      0.19092714848617712,
      0.17161358982945482,
      0.20567451360325018,
      0.19937118828917544,
      0.1916669373959303,
      0.1669721373046438,
      0.20762092150126896,
      0.19449395387123028,
      0.20080330308526753,
      0.19069378863399228,
      0.19559462275356054,
      0.18670861883709827,
      0.2219054212172826,
      0.26087626912941536,
      0.19391401612510284,
      0.21660670320192973,
      0.1970590460548798,
      0.2201950375859936,
      0.20429139869908491,
      0.20332514967769386,
      0.21564365142956377,
      0.12971274938434363,
      0.20042797124634187,
      0.20707535875340302,
      0.19266378939151763,
      0.20698797004918257,
      0.2328633914142847,
      0.21331374142318965,
      0.2202807276075085,
      0.2341252601146698,
      0.41658611873785656,
      0.20415320032586654,
      0.20280107917884985,
      0.22138712572554747,
      0.2113790109505256,
      0.21242150609691937,
      0.2206943205744028,
      0.19250021745761237,
      0.1940401891618967,
      0.19494247087587913,
      0.19929305056730906
    ],
    "sla_URLLC": [
      0.3992625678082307,
      0.28880126543343065,
      0.4089479596912861,
      0.42383986175060273,
      0.2996366746723652,
      0.4474111896753311,
      0.41323699687918025,
      0.44798472955822943,
      0.42428380431917806,
      0.4906855837504069,
      0.5074551894267401,
      0.5181071573495865,
      0.5160693829258283,
      0.4974684801697731,
      0.8522421342134475,
      0.531102764904499,
      0.5592718494435152,
      0.5340270172556242,
      0.5433989641567071,
      0.5658222618202369,
      0.5624882556498051,
      0.8581577428181966,
      0.5066107161343097,
      0.5758129464089871,
      0.5648121900359789,
      0.5657666756212711,
      0.3719234307607015,
      0.5917651163538297,
      0.6243356715639432,
      0.5928266819814841,
      0.6263657203316688,
      0.5590253604948521,
      0.955228449900945,
      0.5828393446902435,
      0.40459512333075204,
      0.5914287262161573,
      0.595290759652853,
      0.6033303273717562,
      0.5856260354320209,
      0.5886889352401098,
      0.9740115082263947,
      0.6261791461706161,
      0.6130707948406537,
      0.6205820727348328,
      0.6435308872660002,
      0.5877937182784081,
      0.5913173020879428,
      0.5923492271701495,
      0.5860816836357117,
      0.613587622543176,
      0.6261380595962206,
      0.6089213007688522,
      0.5902433720231056,
      0.6315408131480217,
      0.6281923642754554,
      0.6417923426628113,
      0.64922266771396,
      0.6200368066628774,
      0.6102318462729454,
      0.6503169732292493,
      0.977878927787145,
      0.6395040331284205,
      0.6712252989411354,
      0.557091052432855,
      0.5794679696361223,
      0.5696076437830925,
      0.5344771294792493,
      0.6167997394005458,
      0.6215422415733337,
      0.5720211189985275,
      0.6156227962176005,
      0.5774867328008016,
      0.5873148347934087,
      0.6027201289931933,
      0.6285974766810735,
      0.6253731567660967,
      0.6086423538128535,
      0.5983342982331912,
      0.6006149129072825,
      0.7567872122923534
    ],