{
  "args": {
    "method": "nested",
    "drift": "multi",
    "n_agents": 3,
    "horizon": 150,
    "episodes": 80,
    "seed": 2,
    "hidden": 64,
    "ppo_epochs": 4,
    "lr_ippo": 0.0005,
    "severity": 1.0,
    "log_every": 80,
    "outdir": "results"
  },
  "metrics": {
    "episode_reward": [
      32.01815129576459,
      36.46522235232923,
      37.44395159307041,
      41.12665075740468,
      34.307732406398294,
      41.70727814231587,
      38.86149392630389,
      38.7495018193809,
      47.391766421662474,
      37.06017387933615,
      44.52328162385771,
      43.61334546994835,
      47.951471256340575,
      45.69559236098493,
      43.54531106678769,
      37.83089590799842,
      42.559926191448355,
      40.96787383795925,
      42.31759686138898,
      53.97023075421655,
      45.01522695556702,
      43.23832377709139,
      53.08269690875384,
      44.28183040349851,
      37.68521149195729,
      46.57219490804196,
      47.38033954143109,
      44.39606839963755,
      41.57571343926508,
      43.665520607245476,
      48.35988658765953,
      51.890483330024665,
      49.24327071522263,
      48.734234595733405,
      52.67959112370804,
      49.52666228879764,
      50.53838322328201,
      55.061631058425554,
      55.16184405484239,
      52.571678243432636,
      52.79440121211942,
      57.224552818863806,
      54.08830613183477,
      50.36675334796313,
      43.10416671911048,
      53.395996247995164,
      46.98634047133646,
      50.5641749935018,
      49.35233162389037,
      56.718990766505414,
      46.19956618404638,
      53.8629933127099,
      53.66880542143354,
      58.83475939395527,
      56.27431444285646,
      53.61631284846613,
      57.83518608522913,
      49.62531947553571,
      55.957912838831554,
      56.904178953294974,
      52.63762053245059,
      55.699377007679,
      51.00429688615518,
      56.77938481064308,
      50.94176657876622,
      52.551680454363456,
      59.383024218657795,
      64.93405719372551,
      58.74809564281151,
      59.65288184380367,
      45.17637051459815,
      50.86820877968438,
      53.09952755600424,
      52.43710016798644,
      55.01158855758192,
      58.09705389880887,
      54.76600545673738,
      53.152202381524795,
      42.20229991086655,
      62.428829919205384
    ],
    "sla_eMBB": [
      0.1504283819720149,
      0.15319978430479145,
      0.1699763471012314,
      0.1525334300349156,
      0.159741028547287,
      0.16418033853794137,
      0.15353184347972273,
      0.18286791803936164,
      0.19778628413875898,
      0.15546766590327024,
      0.18381120709081492,
      0.1667073071251313,
      0.16781275508304436,
      0.1471626538783312,
      0.17286537480851014,
      0.17015828871478636,
      0.1602806793153286,
      0.16776536437372366,
      0.199999236377577,
      0.23467876973251503,
      0.1709792976329724,
      0.18733194681505363,
      0.20975732063253721,
      0.1657392255961895,
      0.1302432813619574,
      0.19475422171875834,
      0.14482426587492228,
      0.17253681952754657,
      0.16005037330711883,
      0.17801875022550423,
      0.1752166416992744,
      0.3116995785261194,
      0.17679732091724873,
      0.21300356294959782,
      0.18948474230865636,
      0.20887866986294587,
      0.20150762603928646,
      0.19451096910983323,
      0.2020588560278217,
      0.19584169374157986,
      0.18798287478586037,
      0.22265645739932854,
      0.17167822850868106,
      0.20837553416689236,
      0.15968503639101983,
      0.19026179579397043,
      0.20510661127666632,
      0.18187316273649534,
      0.19923412109414737,
      0.19193701453506948,
      0.17034250672906637,
      0.19485529854893685,
      0.20119467033694188,
      0.2195075766866406,
      0.19729448286195597,
      0.20218009096880754,
      0.20648851059377193,
      0.1530582842975855,
      0.182092415454487,
      0.21732283540070058,
      0.1990057878692945,
      0.21129312351346016,
      0.17748895401755968,
      0.21246006886164348,
      0.20003304166098435,
      0.18213497668504716,
      0.21994996649523577,
      0.2583090145389239,
      0.18562873713672162,
      0.21332933723926545,
      0.16627519845962524,
      0.19199945410092673,
      0.21746956542134285,
      0.19966842100024224,
      0.201399021645387,
      0.19261706372102103,
      0.2115093955149253,
      0.19465992579857508,
      0.12351917954782644,
      0.21246095672249793
    ],
    "sla_URLLC": [
      0.3931195706129074,
      0.4393165638049444,
      0.4297407076259454,
      0.5084555927912394,
      0.4054353608191013,
      0.5027888185779253,
      0.48343062281608584,
      0.47727484185248614,
      0.5058822221805652,
      0.4899795804421107,
      0.5441177493830522,
      0.5216476368904114,
      0.6041263234615326,
      0.8590548694133758,
      0.5433702387350301,
      0.4446939280256629,
      0.5269627905388673,
      0.5420615662634373,
      0.44756962269544603,
      0.5592794977128506,
      0.5471561905741692,
      0.5294279302159945,
      0.5723580714066824,
      0.553064385553201,
      0.9446181698640188,
      0.6301696801185608,
      0.9107581539948781,
      0.5474218207101027,
      0.5216669617096583,
      0.5686619832118353,
      0.6378266815344492,
      0.46065515249967576,
      0.6561700347065925,
      0.5956945946315925,
      0.7120630264778932,
      0.5925512675444286,
      0.6535327141483624,
      0.6808899274468422,
      0.6836987472573917,
      0.6848799537618955,
      0.6537001889944076,
      0.6324681834379832,
      0.9822555255889892,
      0.6166102109849453,
      0.9661115797360739,
      0.6388004004955292,
      0.5991192046801249,
      0.5829134149352709,
      0.5694348684946696,
      0.6939021730422974,
      0.6733164542913437,
      0.6063352623581886,
      0.6143932829300562,
      0.6748203667004903,
      0.6546359075109164,
      0.6229067186514536,
      0.6957226804892223,
      0.8379568473498027,
      0.6963730472326278,
      0.6436541014909745,
      0.6102297498782476,
      0.6284686992565791,
      0.599525210360686,
      0.6218980528910955,
      0.5859646209081014,
      0.6608619017402331,
      0.5808017757534981,
      0.7405327038963636,
      0.7146370894710223,
      0.6949885064363479,
      0.9763331711292267,
      0.5835492613911629,
      0.6095562015970548,
      0.6114441946148872,
      0.6809444134434064,
      0.7457546599706014,
      0.6671601982911428,
      0.6099453884363174,
      0.9763908147811889,
      0.7304256770014763
    ],