{
  "args": {
    "method": "nested_no_timescale",
    "drift": "multi",
    "n_agents": 3,
    "horizon": 150,
    "episodes": 80,
    "seed": 2,
    "hidden": 64,
    "ppo_epochs": 4,
    "lr_ippo": 0.0005,
    "severity": 1.5,
    "log_every": 80,
    "outdir": "results"
  },
  "metrics": {
    "episode_reward": [
      31.21982072935337,
      34.96574171541467,
      34.31187479913029,
      37.3134369418646,
      31.883170250363463,
      37.69171151367742,
      34.940626284211056,
      36.876720190720874,
      42.99102406505913,
      33.418496897402754,
      40.10471421521573,
      39.89627976810769,
      39.21733294493625,
      43.18830341369739,
      39.43020387987296,
      33.51802191043067,
      37.24079320461801,
      36.43403460248891,
      33.48262295712613,
      46.75662070823216,
      37.297698038795765,
      37.42306908932776,
      46.307786417421426,
      39.321005425643605,
      35.38153212430574,
      41.279311301383316,
      43.380667514457464,
      39.80705489948289,
      35.69084192568229,
      37.029069546299695,
      41.14408726955042,
      46.32717041222171,
      43.719231384375,
      40.84673678801242,
      42.941187447102585,
      43.1840541009688,
      42.562004967323645,
      44.93720311541113,
      45.113933715084606,
      46.380569709796056,
      46.53563756027987,
      51.02955131361579,
      50.345827337519985,
      47.05636065705786,
      38.84308475013821,
      47.86590077595582,
      44.41786370020778,
      47.8666474749231,
      48.03298545198313,
      49.081726816089656,
      38.93666912841924,
      50.01591459612053,
      48.81096626143494,
      53.45381884363792,
      50.23079291467247,
      52.5278785127112,
      53.74934095272591,
      52.176459470805185,
      54.053666033057716,
      52.295035264951515,
      52.388143052781665,
      54.59793446504824,
      50.686348248976806,
      53.86158408102997,
      52.27675970144986,
      52.57844306774854,
      59.95792859933445,
      63.99355663083907,
      55.41021769686293,
      54.26040934003478,
      42.52594094009447,
      52.208289220122055,
      53.79129958406301,
      54.48273039186996,
      53.29749078024182,
      55.145789989973956,
      52.04936779265605,
      52.09949932752388,
      39.21324640522814,
      58.28523081497602
    ],
    "sla_eMBB": [
      0.15387677696843943,
      0.1557164651240843,
      0.169360075990359,
      0.15723048110802967,
      0.1598168991257747,
      0.173336059738261,
      0.15856232332686584,
      0.18398843289663394,
      0.20592543789496023,
      0.15908618135998645,
      0.18116695708284775,
      0.16509294097622235,
      0.16844845248386264,
      0.13927560276041429,
      0.18736373892674843,
      0.1790903330532213,
      0.15930289128795266,
      0.15925713028758764,
      0.20011659109344085,
      0.28786311286191146,
      0.1702372373516361,
      0.17581648064156374,
      0.22195492354532084,
      0.16033492442841332,
      0.12223388940716783,
      0.19431750440970064,
      0.1324385763394336,
      0.17324364067986608,
      0.16018946840117376,
      0.16954161390662192,
      0.15671746607869863,
      0.4779273584485054,
      0.16186692564748228,
      0.19692788481091458,
      0.170129917083929,
      0.2003127532141904,
      0.18820442638670404,
      0.1778072341096898,
      0.18594870580981174,
      0.18452044001470008,
      0.17277128361165522,
      0.21391999579966067,
      0.1618912109484275,
      0.2189485262768964,
      0.15172491143147152,
      0.19516893807177743,
      0.22645181018859148,
      0.18457765761141975,
      0.19914196502417325,
      0.18540183225646614,
      0.16059650543456278,
      0.19699818946421147,
      0.1971537373835842,
      0.22324164380629857,
      0.18561999763051668,
      0.21241702967633805,
      0.19943735757221778,
      0.14204517883559067,
      0.1930695804208517,
      0.2033237610012293,
      0.20022658735513688,
      0.20546735333899657,
      0.18619687202076118,
      0.22481348623832068,
      0.19902188106750449,
      0.19312506798654794,
      0.22424718310435612,
      0.26740523702154556,
      0.20579281086723009,
      0.2175811162404716,
      0.16169964263836542,
      0.19989597585052252,
      0.22407420307397843,
      0.24222755790998537,
      0.20608861009279886,
      0.23062216078241665,
      0.21435891860475143,
      0.211370763083299,
      0.12282156654944022,
      0.2431950896481673
    ],
    "sla_URLLC": [
      0.39069341915349165,
      0.42935604726274806,
      0.39463936413327855,
      0.46995108405749003,
      0.3751964133481185,
      0.4603244943420092,
      0.4405197081466516,
      0.45290345514814057,
      0.4630379510919253,
      0.42906162194907665,
      0.48446203708648683,
      0.4772282162308693,
      0.4727860697110494,
      0.8106931300957998,
      0.4811920501788457,
      0.37876022055745123,
      0.45924293354153634,
      0.4607691199084123,
      0.322032856742541,
      0.48437800104419393,
      0.45751394043366117,
      0.4655389044682185,
      0.4933456360797087,
      0.49435979545116426,
      0.9070500055948894,
      0.5212225385010243,
      0.8318135134379069,
      0.48829865256945293,
      0.44592905571063357,
      0.4718557989100615,
      0.5168436478078365,
      0.36766796772678695,
      0.5679927156368891,
      0.49587234770258265,
      0.5430604377885659,
      0.5276707493762175,
      0.5166473648448785,
      0.5476777852574984,
      0.5514356050391992,
      0.5700525223215421,
      0.5917948739230633,
      0.5722402547299862,
      0.9469891409079234,
      0.5590328602492809,
      0.9252089579900106,
      0.5775291838745276,
      0.5751612448195617,
      0.5803325509031614,
      0.5825998608767986,
      0.6344686291615168,
      0.6244983406364918,
      0.5764501531422138,
      0.5846699326237043,
      0.6288413089513779,
      0.6180355551838875,
      0.6203114105264346,
      0.6964493309954802,
      0.9774287803967794,
      0.7096003742019336,
      0.6160704162716866,
      0.6366161571939787,
      0.6454004572828611,
      0.5999575103322665,
      0.6109971177577972,
      0.6366574127475421,
      0.6821381545066834,
      0.6276659293969472,
      0.7605343454082807,
      0.6988213642438252,
      0.6354563446839651,
      0.9732151500384013,
      0.6241456443071365,
      0.6359340044856071,
      0.6401040487488111,
      0.6732128998637199,
      0.6985579297939937,
      0.6342659493287405,
      0.607653103073438,
      0.9643428385257721,
      0.6711179004112879
    ],