{
  "args": {
    "method": "nested",
    "drift": "multi",
    "n_agents": 3,
    "horizon": 150,
    "episodes": 80,
    "seed": 9,
    "hidden": 64,
    "ppo_epochs": 4,
    "lr_ippo": 0.0005,
    "severity": 1.5,
    "log_every": 80,
    "outdir": "results"
  },
  "metrics": {
    "episode_reward": [
      33.55227867858485,
      27.957460758234927,
      34.892506993768954,
      35.64107517811161,
      35.73202821326754,
      36.04523964838852,
      36.96576183000581,
      37.777234182713784,
      31.16773495213648,
      33.430349009628934,
      33.78015108936362,
      39.35208053805142,
      44.116607073922175,
      40.5237734741842,
      43.027885293049984,
      41.44393326656689,
      41.926763173316935,
      38.952514174787545,
      39.213028437416575,
      37.95007280256185,
      40.0361673006995,
      43.03513815392639,
      40.441989929436005,
      43.986366640176215,
      40.44582714724046,
      39.238753872675204,
      45.10582485261066,
      44.359640903915825,
      41.36812016036775,
      44.68072587407922,
      44.477782390991045,
      42.526256687090644,
      42.798245787165264,
      46.39184625043228,
      46.90927202755382,
      36.35929356329141,
      49.358004718170406,
      43.560493867989216,
      38.11880131847641,
      50.643017481577886,
      45.44012081886435,
      47.85526177280895,
      43.193989182584424,
      46.42724305099498,
      49.97806936802552,
      52.28775276616216,
      46.08165344448969,
      51.883819964714405,
      48.779594094720174,
      46.091364919332214,
      47.809812788479064,
      45.179517700502494,
      50.458511963134875,
      47.99350657601744,
      50.09778503223533,
      46.815093768034956,
      52.95121504356053,
      51.447783723949584,
      53.94392782588391,
      50.66781437127957,
      36.78180091287942,
      45.98197601936346,
      47.834740210862684,
      48.177349717211435,
      52.69144594429272,
      50.94476030585357,
      50.18165789192756,
      59.39489974921785,
      49.44564738074943,
      51.90865202442643,
      51.7796321549505,
      51.33504748317521,
      59.51747068789688,
      58.812683321535594,
      56.20893751922997,
      51.35624647399211,
      61.949656967508425,
      68.81890671675416,
      57.14175039614656,
      52.626505047000165
    ],
    "sla_eMBB": [
      0.16710560883705813,
      0.1815056226340433,
      0.17327190026640893,
      0.1654023763909936,
      0.16009234249591828,
      0.18621829505388934,
      0.16884395730992158,
      0.17291820917278528,
      0.16920998968804876,
      0.17193421044076482,
      0.17201627730081478,
      0.17593014248957237,
      0.2187827610472838,
      0.16338789290438097,
      0.17866794199993213,
      0.1621384340773026,
      0.1944998959824443,
      0.15879070080816746,
      0.18353623749688266,
      0.17505297939603529,
      0.1733688742046555,
      0.17665046249205868,
      0.1770435668962697,
      0.18542611787716548,
      0.18349403041104476,
      0.20340267377595106,
      0.20718908687432608,
      0.178363728163143,
      0.16573929409806928,
      0.18720099481443564,
      0.17569308158010244,
      0.19087103398516775,
      0.21489889871329068,
      0.18832669210930666,
      0.2033980580046773,
      0.12349729731678963,
      0.1673819179646671,
      0.3763332986831665,
      0.21529932169864574,
      0.1750973802184065,
      0.20327266211311024,
      0.2111754911392927,
      0.2130094181497892,
      0.21592432651047905,
      0.20387418969223897,
      0.180454097079734,
      0.18713002654413383,
      0.2596371366331975,
      0.2154021574681004,
      0.18568777564913033,
      0.20315510449931026,
      0.2160765039920807,
      0.24034310568124057,
      0.21349577565987904,
      0.21783710410197576,
      0.21496401180823643,
      0.26472339599082867,
      0.214488431767871,
      0.19659269265830517,
      0.2112087497363488,
      0.17105696031202872,
      0.20845195692032575,
      0.20990667638679344,
      0.21594498397161563,
      0.24014539922277134,
      0.2036356503268083,
      0.2215874667217334,
      0.2880137008428574,
      0.18789575302352507,
      0.20457742160807052,
      0.2066565076013406,
      0.20722231859962145,
      0.20686424616724253,
      0.2063287731880943,
      0.22256964664906265,
      0.19445665183166663,
      0.25994954849282903,
      0.2693297608445088,
      0.20030719553430876,
      0.19115303782125315
    ],
    "sla_URLLC": [
      0.4084236086408297,
      0.2920746051520109,
      0.438299287284414,
      0.42786125163237254,
      0.4374999964485566,
      0.43526070326566696,
      0.46325495759646096,
      0.45085126156608263,
      0.3643272761503855,
      0.41094082449873287,
      0.5154317650695642,
      0.4772330039491256,
      0.4553048431376616,
      0.49160319795211155,
      0.531243405342102,
      0.5138692515095075,
      0.48865353552003704,
      0.4875664719442527,
      0.4797646282116572,
      0.4747512967139482,
      0.4976706107954184,
      0.5261022009948889,
      0.4998434455692768,
      0.5385399173696835,
      0.5090853030482928,
      0.4604577895502249,
      0.5028432707985242,
      0.554513815442721,
      0.5347803032398224,
      0.5415612012644608,
      0.5830999561647574,
      0.5060603034496307,
      0.5058593212688962,
      0.5585945623119672,
      0.5457702837884426,
      0.9168920536835988,
      0.908013064066569,
      0.35053434749444323,
      0.4358690303067366,
      0.9034169427553813,
      0.53262689281255,
      0.543395455578963,
      0.4482917986313502,
      0.5292743302385012,
      0.6135018530488014,
      0.9236347178618113,
      0.5705842903256416,
      0.5109387875099977,
      0.5201597526669502,
      0.5547093920409679,
      0.5536107671260834,
      0.5276285650332769,
      0.5866467787822087,
      0.5523221947749456,
      0.585690708210071,
      0.5453420342504978,
      0.6265955164531867,
      0.603655618528525,
      0.6890716448426246,
      0.6137229015429815,
      0.5796929559111595,
      0.5231343105435371,
      0.5588798665006955,
      0.5621984087924162,
      0.5818642838299275,
      0.6180818830430508,
      0.572871952354908,
      0.5843411841988564,
      0.678001671731472,
      0.6312742630640665,
      0.6283397672573725,
      0.6454851548870405,
      0.7477099686861038,
      0.8134200902779897,
      0.7110438050826391,
      0.6770715037981669,
      0.641131179134051,
      0.6909594142436981,
      0.7644780493776003,
      0.749322344660759
    ],