{
  "args": {
    "method": "nested",
    "drift": "multi",
    "n_agents": 3,
    "horizon": 150,
    "episodes": 80,
    "seed": 1,
    "hidden": 64,
    "ppo_epochs": 4,
    "lr_ippo": 0.0005,
    "severity": 2.0,
    "log_every": 80,
    "outdir": "results"
  },
  "metrics": {
    "episode_reward": [
      35.60810566650085,
      34.05895862144729,
      35.7622447213158,
      39.05466913247691,
      32.08990060642053,
      42.72899122499448,
      38.81919975765051,
      36.838391229337965,
      36.11871713923498,
      33.830356356553324,
      42.643987694548294,
      36.76883078420328,
      37.96708549091389,
      38.96830318015485,
      39.22412209481832,
      40.52287730452503,
      39.018408084288275,
      40.656837390135564,
      38.64199465033084,
      41.449747425545446,
      50.846037196781936,
      42.95639904588464,
      44.94375606893252,
      40.93686051152436,
      44.45071908564618,
      44.8147372621629,
      48.77940443849398,
      42.283332572551444,
      43.8824022145321,
      46.97826877989701,
      49.78505171073808,
      56.54669629979056,
      48.04001235524325,
      50.30993811170467,
      50.954879491300254,
      43.2333270735314,
      49.175080618034656,
      38.11356313013369,
      47.044140780939664,
      59.05829378902501,
      49.893544190542606,
      50.80642733404208,
      55.248229887853945,
      53.29750479067706,
      47.72771864331124,
      49.92139215576981,
      49.155955399096875,
      55.038012788465494,
      53.33276863326582,
      49.13219684312745,
      47.47042890683648,
      47.69866654659729,
      47.350238654493495,
      48.40747938884629,
      49.0660986758976,
      34.392503294917795,
      51.33161466372101,
      55.71321811961633,
      51.320367160025604,
      50.27719846483735,
      49.44495520078476,
      51.16109122201391,
      48.02495590682768,
      48.515554949889655,
      49.44943666145627,
      60.47992257386869,
      56.335008363146365,
      53.04795105898135,
      50.75305674185776,
      54.553692210651974,
      52.31951765138661,
      50.10534901896289,
      35.35725289790165,
      50.51263542965889,
      49.31426150310377,
      58.340177010579346,
      51.67880235994239,
      49.729654342681236,
      55.36264371883336,
      51.729767588241494
    ],
    "sla_eMBB": [
      0.16582131753365198,
      0.1630066110752523,
      0.15940255407864848,
      0.15744156970332066,
      0.14027189822867514,
      0.13652651122460763,
      0.17486573552712797,
      0.15675214989110828,
      0.15046809988406798,
      0.15301286994169155,
      0.19678490364303192,
      0.15440901939446727,
      0.1455772976949811,
      0.16111522731060782,
      0.14524650430306793,
      0.14878077284122507,
      0.15245017800480126,
      0.15016702575609087,
      0.14807789327576756,
      0.14279499660556516,
      0.1997483188783129,
      0.1466631439017753,
      0.1709046757655839,
      0.206655430427442,
      0.14358335270856817,
      0.1487012527945141,
      0.13853187390913566,
      0.19317187186330556,
      0.12556170909355083,
      0.11381596658999721,
      0.13344448866943517,
      0.2003889297693968,
      0.14260774594421188,
      0.12434330115094781,
      0.15021123457700014,
      0.17079959352811178,
      0.15316513911510507,
      0.10693980180037518,
      0.12243074879671137,
      0.14033936569932848,
      0.12335678067058325,
      0.12370635604485869,
      0.15440868432323138,
      0.1578281036267678,
      0.12276547335088253,
      0.12168917208909988,
      0.12897835805391272,
      0.1523749710743626,
      0.1582707697028915,
      0.13312489861622454,
      0.13339441612362862,
      0.11545173731942972,
      0.11785799691453576,
      0.07917707150802017,
      0.1192504256653289,
      0.06482006061201294,
      0.08228420951714119,
      0.07370026548703512,
      0.09085446486870448,
      0.08990238968282938,
      0.10283093731850386,
      0.09836798239499331,
      0.10201567890122533,
      0.09856971830129624,
      0.11540914875765641,
      0.10587768595044812,
      0.11600755697116255,
      0.1005227549870809,
      0.09719615209847689,
      0.10402391166736683,
      0.10761808520803849,
      0.09887757345413169,
      0.07594622168689966,
      0.09577810515960057,
      0.07957991292700171,
      0.09219591359297434,
      0.0878688106033951,
      0.07972666295866171,
      0.0984765349701047,
      0.09462795372431478
    ],
    "sla_URLLC": [
      0.4299870942346752,
      0.43580272344251475,
      0.4587489985426267,
      0.49668663171430427,
      0.3967488903303941,
      0.8165362705787023,
      0.4438221503794193,
      0.46724043642481167,
      0.4522354966153701,
      0.4297663878897826,
      0.4471394481758277,
      0.4753079552948475,
      0.49630102085570493,
      0.4879356747865677,
      0.5000224608679612,
      0.5137318436553081,
      0.49446016107996305,
      0.5112514434258143,
      0.50064225162069,
      0.5359371141841014,
      0.5448647214472294,
      0.5509916580716769,
      0.5622005500892798,
      0.37547583277026814,
      0.5994182254870732,
      0.5709743906060855,
      0.6371408228079478,
      0.39124751845995587,
      0.5983691261708737,
      0.9208686399459839,
      0.6845796961337328,
      0.5849752285083135,
      0.669384122689565,
      0.6963638970255852,
      0.5721201258897781,
      0.4378867096702258,
      0.6621667691071829,
      0.6912285631895065,
      0.6414172577857972,
      0.7762883176406224,
      0.6762886981169383,
      0.6916644993424416,
      0.6220580961803596,
      0.5991070997218291,
      0.6638195672631264,
      0.6955982753634453,
      0.6614489468932152,
      0.6428439166645209,
      0.607872030933698,
      0.6561742357412974,
      0.6686827424168587,
      0.6513947554926077,
      0.6612026104331017,
      0.9661442120869954,
      0.6661808864275615,
      0.9513567185401917,
      0.7078353104988734,
      0.7629246908426285,
      0.6898261456688245,
      0.7224248297015826,
      0.6814623399575551,
      0.7003038379549981,
      0.6700999109943708,
      0.6519096406300863,
      0.6529180112481118,
      0.8198192179203033,
      0.752752834558487,
      0.728156312306722,
      0.6861887967586517,
      0.7349156973759333,
      0.7076602655649186,
      0.7158649035294851,
      0.6878537154197693,
      0.7035960340499878,
      0.7062562160690625,
      0.6680952809254328,
      0.7087037565310796,
      0.6810131547848384,
      0.736712368230025,
      0.6833498295148214
    ],