{
  "args": {
    "method": "nested",
    "drift": "multi",
    "n_agents": 3,
    "horizon": 150,
    "episodes": 80,
    "seed": 0,
    "hidden": 64,
    "ppo_epochs": 4,
    "lr_ippo": 0.0005,
    "severity": 1.5,
    "log_every": 80,
    "outdir": "results"
  },
  "metrics": {
    "episode_reward": [
      35.07623306932961,
      30.955120341334933,
      36.32235922285667,
      35.37878732991717,
      35.91898151547134,
      37.27636350946915,
      34.360320238293056,
      34.709757716498466,
      36.26492866660573,
      42.28865088743885,
      36.558374313699716,
      39.13074355515549,
      36.523628346844475,
      35.03300555313539,
      41.00967377461493,
      37.83983333338467,
      38.926822913541564,
      33.33376215950895,
      49.42700247532787,
      41.96717652885452,
      41.8737621472114,
      41.21287881026252,
      40.49629069502571,
      40.69687518429836,
      42.43252680119542,
      34.89622191937846,
      50.72959476018122,
      43.57278412073436,
      41.96183430050275,
      41.233692246830714,
      43.35515223304849,
      40.84518217298511,
      45.24561459353816,
      45.62287089485263,
      40.645791292252625,
      32.57701184772369,
      42.39891755349108,
      45.163700931767615,
      47.049485417414054,
      41.76427727208162,
      45.220025993635254,
      44.140247474341756,
      48.78742737956346,
      47.600146349567346,
      48.74845601695578,
      50.48238209241796,
      48.84964612556831,
      46.53936933875085,
      58.61394222637432,
      43.42539483697877,
      47.21747831073073,
      44.50239274056835,
      46.88774704128091,
      42.944541583230915,
      47.907549884325526,
      51.292779973770195,
      47.64532437005807,
      53.32796515362958,
      56.48584432386692,
      50.87350452329136,
      54.594638966086045,
      48.211720663474686,
      50.803002308164224,
      55.34332287692362,
      53.09367807940064,
      54.56199417785846,
      54.64190928541746,
      57.98871219551399,
      53.119312730597166,
      49.95758853016631,
      54.10425799408306,
      49.90607702276774,
      57.26314244326207,
      52.30848912882311,
      54.589301213228886,
      56.72548791296367,
      56.306019712984586,
      53.5937747177151,
      51.60624492743781,
      55.54958071487233
    ],
    "sla_eMBB": [
      0.16261284561206898,
      0.15863030207032958,
      0.15950329101954897,
      0.1740962923069795,
      0.14995072940985363,
      0.15387275956571103,
      0.16204874464621147,
      0.1678548885943989,
      0.17317396468172472,
      0.1663232896414896,
      0.16893330993751685,
      0.15052710864072044,
      0.15389682399729887,
      0.1517486000371476,
      0.15051457059880097,
      0.1538230704454084,
      0.1622254042265316,
      0.1560036047361791,
      0.7031748231189946,
      0.16405736922596892,
      0.15193232612063487,
      0.16413163586209217,
      0.15736151993274688,
      0.2515810308046639,
      0.1619746673417588,
      0.10947731058734159,
      0.22961660546561083,
      0.15579671740531922,
      0.38322919569909575,
      0.16671974378327528,
      0.1542606369405985,
      0.26144191140929857,
      0.15084277264773846,
      0.16883711803083618,
      0.15211462470392387,
      0.1396552711725235,
      0.15463298859695593,
      0.16510478247577945,
      0.1897224490220348,
      0.17305361170942585,
      0.20966590875759722,
      0.20982504911720753,
      0.19447469116499028,
      0.19806026188035805,
      0.19569046807785828,
      0.1826741121833523,
      0.17102759373684726,
      0.18691986177116632,
      0.29066249725719295,
      0.34829073403030636,
      0.1839013562661906,
      0.17516941220810017,
      0.1828613024080793,
      0.1926269318535924,
      0.19160119086503982,
      0.17855493461092314,
      0.19326539440080523,
      0.1401123171734313,
      0.378354075178504,
      0.2253878884886702,
      0.20939456067979337,
      0.18906970386703809,
      0.18361667522539696,
      0.17841705244034528,
      0.2609387386590242,
      0.17191183095177015,
      0.1902807655185461,
      0.17669781021773814,
      0.16956721636777122,
      0.321993974596262,
      0.16699423648416997,
      0.3018588470667601,
      0.1673056231190761,
      0.1795027242352565,
      0.17874714675048986,
      0.1737858720496297,
      0.18064090356230736,
      0.18496779101590316,
      0.2311837517718474,
      0.1664384676888585
    ],
    "sla_URLLC": [
      0.4234294616182645,
      0.3740670407811801,
      0.43362795079747835,
      0.420908995817105,
      0.45020111168424287,
      0.46156792680422465,
      0.4249716062347094,
      0.4030852262675762,
      0.4572191688915094,
      0.5145474691689015,
      0.436893846988678,
      0.45776818027098976,
      0.42347933252652487,
      0.40628184800346695,
      0.5100301719208559,
      0.4845176554719607,
      0.4828178105751673,
      0.3376775054136912,
      0.3304091142117977,
      0.5270065461595853,
      0.5369984465837478,
      0.5151274150113264,
      0.5249435617526372,
      0.35751261726021766,
      0.530580912977457,
      0.9089696784814199,
      0.5269094929099083,
      0.548423320700725,
      0.3451644747455915,
      0.516215964804093,
      0.5488285426298777,
      0.35371628840764363,
      0.5861845951279004,
      0.561592063208421,
      0.5434750924507777,
      0.5495911026994388,
      0.5204560935497284,
      0.5659245075285435,
      0.5797719081242879,
      0.5224378798405329,
      0.5216356962919235,
      0.4990970460077127,
      0.5564357541004816,
      0.556467239111662,
      0.5599546270569166,
      0.6269003645082315,
      0.5748338018357754,
      0.5243879929184914,
      0.5788359730442365,
      0.3645176527897517,
      0.59924013103048,
      0.5327289852003256,
      0.5405622362097104,
      0.9455238111813863,
      0.5658052641650041,
      0.6170878907044729,
      0.5472915429870288,
      0.9575200355052949,
      0.5211930285890897,
      0.5644510578115781,
      0.5581673140327136,
      0.554215458035469,
      0.5800233975052833,
      0.6645422507325808,
      0.5839371209343275,
      0.6577395941813787,
      0.6238463495175044,
      0.7159032601118088,
      0.6159716176986695,
      0.4059515845775604,
      0.6813252991437913,
      0.4139701537291209,
      0.6892445328831672,
      0.5930918439229329,
      0.6281279873847961,
      0.7051509582996368,
      0.6770048978924751,
      0.6032685556014379,
      0.5283705919981003,
      0.6738080028692881
    ],