{
  "args": {
    "method": "nested_no_timescale",
    "drift": "multi",
    "n_agents": 3,
    "horizon": 150,
    "episodes": 80,
    "seed": 1,
    "hidden": 64,
    "ppo_epochs": 4,
    "lr_ippo": 0.0005,
    "severity": 1.5,
    "log_every": 80,
    "outdir": "results"
  },
  "metrics": {
    "episode_reward": [
      36.49672492773583,
      34.953464184784245,
      35.60678229296787,
      39.20591709168838,
      31.148964027693086,
      42.549452708625346,
      37.54413472190501,
      35.79970913495087,
      35.58069734418144,
      32.01343074044629,
      38.82873071382447,
      36.51742818815532,
      36.84856107963458,
      34.91546076587922,
      36.47130157210761,
      38.0309323378942,
      35.252241268505664,
      37.90446895785215,
      35.338615928486824,
      38.56036037250113,
      45.58129825234004,
      39.41608816016881,
      41.45162118923749,
      37.49128593342965,
      39.56626706537274,
      40.79654522008366,
      43.64478392843157,
      36.71940882743801,
      40.00553935368859,
      43.375937221251,
      44.820362698990444,
      52.380020058600074,
      44.335401491616466,
      48.000102563787074,
      47.344765196968325,
      39.928835333221485,
      46.08732213108387,
      35.97876171204779,
      45.55763234218795,
      57.05462701349626,
      45.15205586918944,
      48.775789232510675,
      51.26986968111667,
      48.55912066208617,
      45.6510378861852,
      44.89430349609922,
      45.136683667347704,
      52.03007413258573,
      48.96451545053478,
      47.365942193422946,
      45.141265861400335,
      49.753931208699974,
      46.033308364368175,
      48.34165617471768,
      49.12812338347239,
      35.273611369046016,
      49.91361544066009,
      57.860770944174874,
      51.02244685987636,
      52.74928493038235,
      52.25002802550383,
      53.08606319160771,
      49.78559344218424,
      49.35533251766534,
      50.089398517252725,
      60.33363535099979,
      55.83129101213486,
      53.25616901283052,
      50.39384869579231,
      56.02778944327601,
      50.06044392567134,
      51.6176479190795,
      35.587283758446574,
      50.05410515182757,
      48.81209636627599,
      57.5178217599169,
      54.24815753865992,
      50.2070470594077,
      54.13678463500827,
      51.989363333712255
    ],
    "sla_eMBB": [
      0.1689165044079224,
      0.16526090561101833,
      0.1611322318514188,
      0.1575083070869247,
      0.14206936871632933,
      0.14075746556123098,
      0.18023704515149197,
      0.1583032808577021,
      0.15567534073566397,
      0.15418183856954176,
      0.2038916405911247,
      0.16103510643045107,
      0.1520316418198248,
      0.16369278147816657,
      0.14564926747853557,
      0.14409277973075707,
      0.15743682000165185,
      0.1580403277526299,
      0.1579197215847671,
      0.14722248127063114,
      0.20080386475970347,
      0.1520638404165705,
      0.17068445783108474,
      0.2594231115840375,
      0.14967296392346421,
      0.146862997058779,
      0.15026637665927411,
      0.1856401008196796,
      0.1470948097265015,
      0.12945348233605425,
      0.14445282572259505,
      0.20494116800061116,
      0.15218720776339373,
      0.1363173084768156,
      0.16265307646244764,
      0.20135536905378104,
      0.1610600245806078,
      0.12050785860046745,
      0.13707325434312223,
      0.15382422437270482,
      0.14416575578972698,
      0.13982137840241193,
      0.16534259222447872,
      0.1754661795621117,
      0.1389443348472317,
      0.13578085897490383,
      0.12980773335322737,
      0.14838026789327463,
      0.16594074945896864,
      0.1396391519283255,
      0.122080964948982,
      0.11000182669609786,
      0.12309059099604686,
      0.0893400267449518,
      0.11859810151159764,
      0.07916461039955418,
      0.09441103719795743,
      0.09544514330103994,
      0.11642190287510554,
      0.11103827744567146,
      0.11136147434512775,
      0.10289169916592072,
      0.10906412778422236,
      0.10534085687249899,
      0.1096170855499804,
      0.10502967604746422,
      0.10854443948095044,
      0.11584482617055376,
      0.11119303849215309,
      0.12121720312784115,
      0.10826616025219361,
      0.1095594113630553,
      0.07871203200891613,
      0.10335967505971591,
      0.10735750882575909,
      0.130929211328427,
      0.11097048529113332,
      0.11293036130567392,
      0.1177613343546788,
      0.11121205332378546
    ],
    "sla_URLLC": [
      0.4347028958052397,
      0.4411126773307721,
      0.4473686593025923,
      0.49917904717226824,
      0.3751379349579414,
      0.7985292494297027,
      0.415501629759868,
      0.4397323396801949,
      0.4316430872430404,
      0.3946466088791688,
      0.40154158723851047,
      0.45313273191452025,
      0.46524855713049573,
      0.425649536550045,
      0.4581900630891323,
      0.47729679827888805,
      0.42474364310503004,
      0.46482725828886035,
      0.4462734071413676,
      0.47579269846280414,
      0.49019982427358627,
      0.4793489091595014,
      0.5314206530650457,
      0.3286520943045616,
      0.5206984655062358,
      0.5124992181360721,
      0.5734021549920241,
      0.3472025256852309,
      0.5277915376300613,
      0.835537840127945,
      0.6156659324715534,
      0.5368780055642128,
      0.5696845452487469,
      0.6318228313823541,
      0.5244395869970322,
      0.35808792819579444,
      0.6036402160922686,
      0.6468852592011293,
      0.5815172743797302,
      0.7356993975241979,
      0.5752713120977084,
      0.6317384731769562,
      0.5690166512628396,
      0.5304933412869771,
      0.5953873580694199,
      0.5950975523889065,
      0.5682222861051559,
      0.588702809860309,
      0.5373263525962829,
      0.6121295648813248,
      0.6179309256871541,
      0.6668515525261561,
      0.6437412300705909,
      0.9496673619747162,
      0.6651675454775492,
      0.941332938671112,
      0.7080918818712234,
      0.773358308672905,
      0.6647364999353885,
      0.7343657845258713,
      0.7077944505214692,
      0.7292321408788364,
      0.6692472620805104,
      0.6622147421042125,
      0.656098351875941,
      0.8226098455985387,
      0.7362528578440348,
      0.7176739744345347,
      0.6755247261126837,
      0.7275309383869171,
      0.6905746746063233,
      0.7187786881128947,
      0.6980061688025793,
      0.6941202832261721,
      0.7021448088188966,
      0.6613426543772221,
      0.7302970005075137,
      0.684284891585509,
      0.7093903981645902,
      0.6754389443993568
    ],