{
  "args": {
    "method": "nested",
    "drift": "multi",
    "n_agents": 3,
    "horizon": 150,
    "episodes": 80,
    "seed": 8,
    "hidden": 64,
    "ppo_epochs": 4,
    "lr_ippo": 0.0005,
    "severity": 1.5,
    "log_every": 80,
    "outdir": "results"
  },
  "metrics": {
    "episode_reward": [
      30.88393302168699,
      35.20272821418479,
      36.18000489697895,
      31.40503966021871,
      31.934044016209544,
      38.188338018643364,
      37.618933669622585,
      35.017669595860774,
      40.11689808676022,
      30.800117524878868,
      45.74220285035881,
      37.26814896970886,
      40.73284047024531,
      41.909636161455715,
      44.34447767223338,
      39.70830540094112,
      40.30988375979168,
      44.96322829098212,
      37.20085815710224,
      49.08612915703822,
      37.42653380011516,
      47.58915491644297,
      44.35605222310101,
      41.02528694145798,
      47.05237852941887,
      46.85543684657252,
      44.96376182726692,
      41.921650050083805,
      45.7072843267893,
      48.01642425585956,
      43.38762519262835,
      46.419248152317294,
      47.04622903871871,
      47.83962002727725,
      44.514558355406756,
      50.08247356623827,
      45.953822220779166,
      48.684814672358335,
      44.1303747513435,
      53.701106723791206,
      49.29616270475089,
      48.75062916266422,
      50.2463335611754,
      45.883661556440536,
      50.21616121269764,
      52.575585911774795,
      49.46479951797261,
      48.62751987659789,
      51.7464082741489,
      46.44719984641094,
      51.27140514196625,
      48.16714576024356,
      51.88644721338321,
      46.02425048187792,
      59.816031048779315,
      58.20978936793077,
      56.74162805914469,
      50.981614877407765,
      54.330739853049955,
      46.42277629154014,
      55.591825172263704,
      54.54621636772324,
      56.55986861400311,
      51.550453525140064,
      56.810940551799206,
      50.281747950696314,
      50.44705019009613,
      56.446651628654905,
      51.66612934219754,
      56.658962947378576,
      50.56581488907754,
      54.83978299761401,
      54.9737674687239,
      62.64090453131749,
      57.00390295226956,
      51.00563998954997,
      60.10242121942965,
      56.69180390131146,
      56.2548082713659,
      42.35628398229476
    ],
    "sla_eMBB": [
      0.15969399663309256,
      0.15836124324550233,
      0.16961081602300207,
      0.18606168172632653,
      0.1606235929702719,
      0.4653663035916785,
      0.15552506281683842,
      0.1754106977581978,
      0.15814152020340164,
      0.13861474289248388,
      0.20747217055410147,
      0.16139702522506316,
      0.13265682551388938,
      0.16489553598687054,
      0.16436626485238473,
      0.18048723317061863,
      0.1818205865720908,
      0.17838624122863014,
      0.17306050000091394,
      0.14750348129620156,
      0.13521711513400078,
      0.21289869195471206,
      0.2127041778775553,
      0.19729486770307025,
      0.453761876039207,
      0.21471125962833562,
      0.18824349196006854,
      0.19600135702639818,
      0.18776568242659172,
      0.17607108472536007,
      0.35564681988209484,
      0.18694693244993688,
      0.18870489226654172,
      0.1926364465802908,
      0.20598953062047562,
      0.168439570851624,
      0.17524965836976966,
      0.1895562362919251,
      0.19797829248011112,
      0.17264143301794926,
      0.21353618348638218,
      0.18361120397225023,
      0.1933938660224279,
      0.19013896493862073,
      0.1933648563362658,
      0.1460148286819458,
      0.17069769799088438,
      0.18240578103810548,
      0.19123242455224196,
      0.1794747098783652,
      0.17489177580922843,
      0.17167273722589016,
      0.1639080225986739,
      0.15474197444816432,
      0.19696866864959398,
      0.20009849711010855,
      0.20223522188762824,
      0.1843392626941204,
      0.19509836920847495,
      0.19991965549687543,
      0.1838106881454587,
      0.1822474544867873,
      0.22521648806830247,
      0.20040267241497833,
      0.1702775509779652,
      0.18787678811699152,
      0.17644219699005287,
      0.19388858598346512,
      0.18373589330663284,
      0.18508412825564544,
      0.1708005541500946,
      0.17401608169078828,
      0.1619477512066563,
      0.1560629693046212,
      0.16499950456122559,
      0.15546275762841105,
      0.16146094289918742,
      0.1697523516168197,
      0.17844329753890634,
      0.1486697826969127
    ],
    "sla_URLLC": [
      0.36079219813148183,
      0.4325878674288591,
      0.4478986579179764,
      0.36805399696032204,
      0.40682012086113295,
      0.28713137716054915,
      0.46793414423863094,
      0.4367928375303745,
      0.5078756440679232,
      0.5341369690001011,
      0.5005387790997823,
      0.4497016235192617,
      0.7590396720170974,
      0.5371467705070972,
      0.5614579153557618,
      0.4892182111243407,
      0.4920939382414023,
      0.5485566341380278,
      0.43208132569988567,
      0.6588907616337141,
      0.9259386372566223,
      0.5161324871083101,
      0.5162998617688814,
      0.5009569494922956,
      0.36319579298297566,
      0.5532712527116139,
      0.5221187262237073,
      0.4902044526239236,
      0.5535769594212373,
      0.6245135940611363,
      0.35622439230481784,
      0.5302268306910992,
      0.5575578865408898,
      0.55849757929643,
      0.492469722678264,
      0.6293404994904995,
      0.577289774219195,
      0.5909391102691491,
      0.5134290548662345,
      0.6913395682970683,
      0.6217283957203229,
      0.5947143157819906,
      0.6026620652278264,
      0.5451476937532425,
      0.638578748802344,
      0.9413155531883239,
      0.658353231549263,
      0.5849376127123833,
      0.6676330176989237,
      0.5578840832412243,
      0.6464327945311864,
      0.6138741338253021,
      0.6424164693554243,
      0.5998791885375977,
      0.7674433920780818,
      0.7473049386342366,
      0.6901737461487453,
      0.6428938401738803,
      0.6914855123559633,
      0.5589337738355001,
      0.7101297051707903,
      0.7151431411504745,
      0.6214401459693909,
      0.6263026494781176,
      0.7328494465351105,
      0.6200679998596509,
      0.6556425428390503,
      0.7692363160848618,
      0.6903574778636297,
      0.7488545616467793,
      0.6900614114602407,
      0.746640622417132,
      0.7476099787155787,
      0.8460754936933518,
      0.761355242729187,
      0.6577675623695055,
      0.800092961192131,
      0.7529936061302821,
      0.7195441019535065,
      0.693182643254598
    ],