{
  "args": {
    "method": "nested",
    "drift": "multi",
    "n_agents": 3,
    "horizon": 150,
    "episodes": 80,
    "seed": 0,
    "hidden": 64,
    "ppo_epochs": 4,
    "lr_ippo": 0.0005,
    "severity": 0.5,
    "log_every": 80,
    "outdir": "results"
  },
  "metrics": {
    "episode_reward": [
      40.0009888815176,
      39.64388464059059,
      39.54925104483135,
      38.66184238454121,
      41.737592312393524,
      48.74243341277404,
      38.94773353203717,
      42.04023429588931,
      44.477800005426,
      51.39374992916776,
      46.274909782632164,
      51.569818700934086,
      43.466990585666565,
      43.831118339062165,
      54.654609527216394,
      51.95372010481338,
      48.86784762688395,
      45.17988360929821,
      49.208739619195086,
      51.535452678965214,
      55.03199779813489,
      50.09758652223068,
      55.309060670789854,
      57.7279597553321,
      54.5532040792207,
      36.83297228103295,
      68.86504240433378,
      53.09628014947392,
      57.36287819596216,
      57.72129423092638,
      55.7669985205142,
      71.5059371979079,
      63.57449197547718,
      58.76544316729738,
      54.662398831815345,
      39.56154051790427,
      49.74436247959321,
      61.646511683297454,
      61.07149749037084,
      52.116765445936515,
      57.156817541706054,
      61.031129416223216,
      63.77500884992381,
      68.13324382675606,
      60.78951906780194,
      67.73630136588794,
      59.147278493456525,
      61.97630985979404,
      79.48130648678374,
      52.30864400746716,
      62.46389031343988,
      54.49024169916391,
      54.81764066349714,
      41.520289624710074,
      56.250223053971105,
      67.80287381694133,
      49.43057257672772,
      51.460372303778115,
      68.71595643011648,
      65.95083821715993,
      64.35220741768266,
      60.36538318089313,
      60.09108075375358,
      63.1165557146176,
      60.92133841945062,
      62.204266452334,
      67.3793286896052,
      61.714521741991256,
      56.02858088692756,
      69.29560194518932,
      60.113956807615864,
      66.91012968235752,
      68.62805549296445,
      54.970313015186946,
      65.55538708319261,
      67.251521613304,
      71.34469529348944,
      61.834588147523895,
      51.41626566497403,
      62.54965745858433
    ],
    "sla_eMBB": [
      0.15897387648622194,
      0.15244546023507913,
      0.15912435897936425,
      0.17889717089633148,
      0.1438316666210691,
      0.1590245590483149,
      0.15822179982438683,
      0.16323651472727457,
      0.17507417435447375,
      0.16396719943732024,
      0.1603516677270333,
      0.14684694699943066,
      0.15236125563581784,
      0.1335965047031641,
      0.15045158731440703,
      0.14306749825676282,
      0.15171553103874127,
      0.15885453966756663,
      0.18356269033625722,
      0.15642997433741887,
      0.14377595939983925,
      0.1549505953490734,
      0.14669031145672004,
      0.15191754575818778,
      0.15372059223552545,
      0.1296755027398467,
      0.19674790285527707,
      0.15007960077375174,
      0.170941255291303,
      0.15681390771021445,
      0.13287486893435319,
      0.16461100682926674,
      0.12510992916921773,
      0.155228930277129,
      0.13487942542880774,
      0.1263127427175641,
      0.13991905396183332,
      0.15851818909247717,
      0.1706201155607899,
      0.14789990222702423,
      0.15364251303796966,
      0.16523299029717842,
      0.15558031262209018,
      0.15811517426123223,
      0.14907897427678107,
      0.13583174205074708,
      0.1391601125895977,
      0.16878593496978284,
      0.15860284589231013,
      0.13828243664155404,
      0.14649093062461666,
      0.13195889877776304,
      0.1441363716373841,
      0.19459253143519162,
      0.14644985085974138,
      0.13859082569678624,
      0.14795957343031962,
      0.13833393555134535,
      0.1883613484352827,
      0.18822543519859514,
      0.1679726438721021,
      0.1479668566584587,
      0.16296536073088647,
      0.16532771625866494,
      0.1802571711068352,
      0.1647226207641264,
      0.18818676532556614,
      0.15932177818069856,
      0.15977336265146733,
      0.16475017863015334,
      0.16187559944887955,
      0.16191882029175758,
      0.17882475182414054,
      0.18468196536103884,
      0.19104703664779663,
      0.19373607631772757,
      0.18406761641303698,
      0.21105056893080473,
      0.2291324982792139,
      0.1968934908012549
    ],
    "sla_URLLC": [
      0.4593613771100839,
      0.5149932235510399,
      0.46714446480075517,
      0.4545038162668546,
      0.5287936203368008,
      0.6408377628525098,
      0.5066471499204636,
      0.5459669237335523,
      0.6632893348733584,
      0.6653106590608756,
      0.5909087698658307,
      0.6449359707037607,
      0.4805837860206763,
      0.5381994727253914,
      0.702734016974767,
      0.643430295586586,
      0.6764890165130297,
      0.6003484369814396,
      0.3969594992697239,
      0.6771878629426161,
      0.7734504759311676,
      0.6893791622420152,
      0.7857439458370209,
      0.5293624447286129,
      0.7706642809510231,
      0.9022178292274475,
      0.6860656971732776,
      0.7488179651896159,
      0.6080567705631256,
      0.8010851445794106,
      0.7836699492732684,
      0.7244804924726487,
      0.8773479696114858,
      0.8171775102615356,
      0.8147808164358139,
      0.712090943356355,
      0.6964846525589625,
      0.823690299987793,
      0.8521967786550522,
      0.7501273588339488,
      0.7751342217127483,
      0.7655583669741949,
      0.8673270829518636,
      0.9266393478711447,
      0.8139903719226519,
      0.9428041378657023,
      0.8055192057291667,
      0.8207845103740692,
      0.7968832532564799,
      0.5848084755241871,
      0.9086436057090759,
      0.7847071703275045,
      0.7388338937362036,
      0.9404330082734426,
      0.7431256258487702,
      0.9157551678021749,
      0.6691475137074788,
      0.9660302277406057,
      0.6967483112215995,
      0.8675076111157736,
      0.7408816752831141,
      0.8423721883694331,
      0.7859716000159581,
      0.8388216684261958,
      0.8410668009519577,
      0.8281526041030883,
      0.8517736609776815,
      0.8718339113394419,
      0.7501093186934789,
      0.7219942659139633,
      0.8552885347604752,
      0.7233959207932155,
      0.8737218844890594,
      0.6826170772314072,
      0.7937193431456884,
      0.8825663300355275,
      0.9275527004400889,
      0.740058038632075,
      0.5780623531341553,
      0.817518081466357
    ],