{
  "args": {
    "method": "nested_no_timescale",
    "drift": "multi",
    "n_agents": 3,
    "horizon": 150,
    "episodes": 80,
    "seed": 4,
    "hidden": 64,
    "ppo_epochs": 4,
    "lr_ippo": 0.0005,
    "severity": 1.5,
    "log_every": 80,
    "outdir": "results"
  },
  "metrics": {
    "episode_reward": [
      36.335039122485476,
      36.65676305362336,
      39.11507298278932,
      38.800444833916195,
      35.30428132899105,
      35.37975652586257,
      38.72832776026594,
      38.325728932871606,
      38.79267041826,
      30.53346567054591,
      39.31310518570245,
      38.1709756100447,
      34.649969400806974,
      35.12663933376058,
      35.615470838211415,
      36.498084094313285,
      39.84835583718702,
      41.03712428804073,
      39.3755475572207,
      40.01060077204473,
      36.199283243798554,
      35.1791431831196,
      32.04316798436147,
      37.79951728627916,
      44.56791713980749,
      40.51020367785047,
      39.14903443236319,
      41.37825512167379,
      32.98514735326169,
      41.018597509070425,
      39.0702233139322,
      41.30460875272339,
      37.98847393472164,
      44.99366584115976,
      41.52502626627686,
      47.461610905701896,
      42.16573914068028,
      39.60855666152721,
      38.45289275938024,
      42.502299299029055,
      50.376755602968274,
      45.633043040893995,
      45.51975561798448,
      48.02712891795674,
      39.44029343804576,
      48.84272100728833,
      44.37043186390982,
      46.31465668723818,
      52.02544027479994,
      49.39015131828171,
      46.88993985359041,
      47.289020894819686,
      44.232682988834064,
      47.8204960951789,
      49.17100088999922,
      47.854217888725344,
      49.374523730617476,
      52.860146409376625,
      52.16090291053475,
      58.514322589068904,
      48.93377715390593,
      51.91367588314336,
      49.88699941103249,
      48.33611178410556,
      56.982830469708695,
      47.253798697081756,
      41.048125239482374,
      49.84205532854221,
      54.11237015301987,
      50.1355001096097,
      49.08706289458144,
      47.1503792498034,
      51.553688076200615,
      51.39319444249077,
      56.771069170583765,
      55.56593339428722,
      48.87036626717701,
      51.6068767688962,
      50.459050143489456,
      56.18178416936555
    ],
    "sla_eMBB": [
      0.1603283134723703,
      0.1698970780769984,
      0.17755748386805256,
      0.16257579570636152,
      0.16294485799968242,
      0.1592518651050826,
      0.1570473308612903,
      0.175598098958532,
      0.18414107960338394,
      0.16259832747280598,
      0.18525724027305843,
      0.17303660051276287,
      0.14778241099168857,
      0.18588041727120677,
      0.15676008753478526,
      0.15645609737063448,
      0.1772437092040976,
      0.14891562986498078,
      0.16404652991642554,
      0.15639601243659854,
      0.15409402755399546,
      0.15543353134766222,
      0.15807250377411644,
      0.1651528694232305,
      0.13412432006249825,
      0.17407727014273405,
      0.1713249888891975,
      0.17287401763722302,
      0.11088134473189712,
      0.15402318190783262,
      0.15440049210563303,
      0.15765321108823022,
      0.16607116697976987,
      0.1995336776226759,
      0.159790124502033,
      0.14550949254383644,
      0.18558298155044517,
      0.16940662919233243,
      0.16048877247298757,
      0.16234155011673768,
      0.20308537226791182,
      0.1856257170252502,
      0.16917391867066423,
      0.19731887808748677,
      0.23660963385676345,
      0.16797554119800528,
      0.1618228370199601,
      0.18568784068028132,
      0.25234936537841957,
      0.18182352039963007,
      0.17030386604368686,
      0.16042849461858472,
      0.1587010309038063,
      0.15945359046260515,
      0.17451979941378037,
      0.17425260743126272,
      0.15876310727248588,
      0.15630640301853418,
      0.17244559003040194,
      0.22216809915999572,
      0.1633969088147084,
      0.19941380127022665,
      0.17243356103698412,
      0.15892771075790127,
      0.16241109901418288,
      0.15246501331528028,
      0.16742642844716707,
      0.1845263467853268,
      0.15990392472594978,
      0.1638269852971037,
      0.1487493722513318,
      0.35426961379125715,
      0.17900718713800112,
      0.17186400674904387,
      0.16328949011241398,
      0.1688780420459807,
      0.17729602104673783,
      0.1773828797414899,
      0.1645439809684952,
      0.3450763305214544
    ],
    "sla_URLLC": [
      0.4696866817772388,
      0.46183078741033873,
      0.45092097371816636,
      0.7037683965762457,
      0.4099739817281564,
      0.45171180337667466,
      0.47406609416007994,
      0.4527453866104285,
      0.5002425275246303,
      0.3637835367023945,
      0.474702853957812,
      0.4749438838660717,
      0.4225923280169566,
      0.409460750396053,
      0.4489791213472684,
      0.4382477146883806,
      0.48272876381874086,
      0.5094886112213135,
      0.48943565244476,
      0.5273928206662337,
      0.46856327382226787,
      0.4260943754514058,
      0.5193037390437287,
      0.46684845055143037,
      0.8469624902804692,
      0.5005385617911816,
      0.48814133276542027,
      0.5080283205211162,
      0.849003982146581,
      0.5202697670459747,
      0.48602190787593524,
      0.5223435614009698,
      0.4693817507227262,
      0.49752769922216733,
      0.5402838256458441,
      0.9015659185250601,
      0.5282346896330515,
      0.4823637806375821,
      0.5053879613180955,
      0.5502507526179155,
      0.5676643260816733,
      0.5677389333645503,
      0.5683912153045336,
      0.5827200616896152,
      0.3502457874019941,
      0.6096279524763425,
      0.5591599178810914,
      0.6059862970312436,
      0.5374842817584674,
      0.6644530636072159,
      0.5840523833533128,
      0.5945438359677792,
      0.5661264073848724,
      0.6251798171798388,
      0.64504643201828,
      0.615219453672568,
      0.6605757097899914,
      0.711884328921636,
      0.716639844973882,
      0.6042362870275975,
      0.6587096654375394,
      0.6569926543037097,
      0.6726997635761897,
      0.6424948025246461,
      0.7864306652545929,
      0.6031937746206919,
      0.5920931633313496,
      0.6365774473547936,
      0.6816362335781256,
      0.6258922856052717,
      0.6521116252243518,
      0.3991709216932456,
      0.6658097609877587,
      0.685131473839283,
      0.8138191711902618,
      0.748747393488884,
      0.6201771717270216,
      0.6391525527834893,
      0.6571579853693644,
      0.5142713649074236
    ],