{
  "args": {
    "method": "nested",
    "drift": "multi",
    "n_agents": 3,
    "horizon": 150,
    "episodes": 80,
    "seed": 2,
    "hidden": 64,
    "ppo_epochs": 4,
    "lr_ippo": 0.0005,
    "severity": 1.5,
    "log_every": 80,
    "outdir": "results"
  },
  "metrics": {
    "episode_reward": [
      31.21982072935337,
      35.18753455277119,
      35.35394284905246,
      38.71867678328936,
      32.55589383734495,
      39.46933403110858,
      36.572910677248416,
      37.50064558975609,
      44.828185631562484,
      35.57648836740605,
      40.94441893025201,
      41.29770875022647,
      42.42465797002536,
      44.96369493429858,
      41.62330495588897,
      36.51555699995826,
      40.83406398186669,
      38.69702434918534,
      40.211689213922064,
      52.16639817595075,
      41.3408269511122,
      40.96361336247066,
      51.820428141247966,
      42.41142007460199,
      35.57088734780746,
      44.24367236877898,
      46.30927501360162,
      43.81078109316945,
      42.22172896677837,
      42.1834705350093,
      43.68626227817603,
      51.324931796536646,
      46.2937729932627,
      45.93845174637524,
      46.80133406967965,
      46.2355692694378,
      46.67872981807841,
      48.263998760154784,
      49.735567284318556,
      48.79166626350749,
      48.24402953736074,
      52.90938130955012,
      50.794177076468856,
      47.02814819727924,
      39.121235219016654,
      47.96581111289564,
      45.347978134122194,
      47.961574899281096,
      48.24188500831116,
      50.49647457094658,
      39.711531226538774,
      48.06627898199695,
      48.03435241364775,
      51.29689719082996,
      48.99467061977423,
      51.26530075735519,
      52.74899398092597,
      51.155483798165285,
      51.017460639940396,
      50.4090079999012,
      49.4795859916343,
      52.212663479501224,
      47.096624919937746,
      51.615618223365836,
      49.00007174702157,
      50.27614230443211,
      58.82607330003139,
      62.74161976714515,
      53.3777258037693,
      55.989888599167024,
      40.441559199388614,
      50.667664914433374,
      53.48333704463312,
      53.58468947899013,
      53.304917437873,
      54.60784732889798,
      52.87613272553104,
      52.29124539097153,
      39.118351933049645,
      60.01024939833832
    ],
    "sla_eMBB": [
      0.15387677696843943,
      0.1544760403370795,
      0.16988893171151478,
      0.15397514022886752,
      0.15782536895945667,
      0.16758079472929238,
      0.1557365141933163,
      0.18313175868242978,
      0.20687312006950379,
      0.157735346754392,
      0.17954899446417888,
      0.16585819210857153,
      0.16913610813518365,
      0.13731542772303024,
      0.17527674090117215,
      0.17541267219310006,
      0.15949595017358661,
      0.16548284377281863,
      0.200895487057666,
      0.30771104032794633,
      0.17129227228462696,
      0.1833287406526506,
      0.22735250428318976,
      0.16408409720907607,
      0.11696482638518016,
      0.19613327773287892,
      0.13342061386754114,
      0.1761775935192903,
      0.1625568000165125,
      0.1757932245110472,
      0.17070495684320727,
      0.4877590665904184,
      0.1771346658219894,
      0.21407745050266386,
      0.18246640831232072,
      0.19839323764666916,
      0.19146184568603833,
      0.1733338920585811,
      0.19070647812138,
      0.18742292168239752,
      0.17513531676183144,
      0.20780933948854605,
      0.14571896582841873,
      0.2004723967301349,
      0.13863865167523423,
      0.18474415374919773,
      0.2134701003630956,
      0.17373924501240254,
      0.19323038356378675,
      0.17500668780878187,
      0.1498117730083565,
      0.18299843264122803,
      0.17747819012651841,
      0.20797726996243,
      0.17216308100149036,
      0.18919777511308591,
      0.19323946380366883,
      0.1430132155989607,
      0.1778679544478655,
      0.1901423813899358,
      0.1874687758088112,
      0.18744179022808868,
      0.16383946878214678,
      0.19880720034241675,
      0.1642452718441685,
      0.1640129803866148,
      0.19863602396876862,
      0.2824533086021741,
      0.17830950245261193,
      0.24786273442829648,
      0.15387047155449787,
      0.18474284008145334,
      0.23676477173964183,
      0.23045955071846644,
      0.20667639315128328,
      0.2438349467267593,
      0.2374129145592451,
      0.21989852691690126,
      0.1268624419843157,
      0.26118896921475726
    ],
    "sla_URLLC": [
      0.39069341915349165,
      0.434405503620704,
      0.408806866556406,
      0.48745362341403964,
      0.3856762951115767,
      0.4870469736059507,
      0.4608313370247682,
      0.4638245659073194,
      0.4812266543507576,
      0.4612585591028134,
      0.4961366754770279,
      0.49532000775138535,
      0.5200206684072812,
      0.8547819582621257,
      0.5117633417745431,
      0.4282188519835472,
      0.5177796404063701,
      0.49529794653256737,
      0.4246411548058192,
      0.5329202429950237,
      0.5092196380595366,
      0.5133087128400803,
      0.5555226476987203,
      0.5372041340172291,
      0.9386765404542288,
      0.5668914833664894,
      0.9103467897574107,
      0.5488513355950514,
      0.5374024796485901,
      0.5436250781019528,
      0.587184621244669,
      0.41117510517438255,
      0.6120700867474079,
      0.556522832463185,
      0.6269936889410019,
      0.5676488521695137,
      0.5895888634026051,
      0.6113790124158065,
      0.6012354527910551,
      0.625025556832552,
      0.6065855075915655,
      0.5852171006798744,
      0.963078438838323,
      0.5749357418219249,
      0.9455583159128825,
      0.5866694031159083,
      0.5760422064860662,
      0.5849882426857949,
      0.5941162723799547,
      0.6574449061354002,
      0.6373428976039092,
      0.5741613717377185,
      0.5864115641017755,
      0.6134734478592873,
      0.6295177482565244,
      0.6191612463196119,
      0.6841608387728532,
      0.9595021061102549,
      0.677561178902785,
      0.5946071482698123,
      0.6203723115722338,
      0.6423405391474565,
      0.6002960773309072,
      0.6144663846492767,
      0.6242480401694774,
      0.6704765637715657,
      0.6520347337176402,
      0.7487373680869738,
      0.6988835484782855,
      0.6737853372097016,
      0.9720572566986084,
      0.639544541935126,
      0.6441889905929565,
      0.665767886241277,
      0.6810315578182539,
      0.7094316656390826,
      0.6465333751837412,
      0.6161321140329044,
      0.9695446785291036,
      0.7037642092506091
    ],