{
  "args": {
    "method": "nested",
    "drift": "multi",
    "n_agents": 3,
    "horizon": 150,
    "episodes": 80,
    "seed": 5,
    "hidden": 64,
    "ppo_epochs": 4,
    "lr_ippo": 0.0005,
    "severity": 1.5,
    "log_every": 80,
    "outdir": "results"
  },
  "metrics": {
    "episode_reward": [
      36.98002661853291,
      30.811471607660284,
      36.63871316653161,
      33.48687430994792,
      35.78207943578149,
      39.03525084662769,
      36.018850803882295,
      38.873921593118276,
      39.96745135130157,
      38.362081768881126,
      37.275146221110816,
      39.43285375051204,
      41.488936233103615,
      45.16076254238792,
      44.41682073788515,
      47.089274153196236,
      41.400799157987905,
      36.27920939932682,
      38.943061897365595,
      44.54871926903727,
      43.99488490753706,
      45.1490803908971,
      43.90755369267948,
      41.53519540856492,
      43.500022716411515,
      41.83336873398063,
      47.79684063669091,
      49.42505251438771,
      47.39393078606165,
      43.51858389467626,
      44.31868576806871,
      48.515883434087904,
      43.03863938789197,
      44.64269842459925,
      44.20256380426392,
      44.796317957486586,
      44.38266742121846,
      38.06548213503429,
      46.22942804640369,
      46.87364824898028,
      46.046468006695356,
      51.335785189498644,
      49.60363810927507,
      33.40988268992705,
      51.32151154501161,
      44.80098989862535,
      53.47490164948008,
      49.375464290661206,
      50.67024119614834,
      58.19979150984443,
      54.670428712417696,
      55.017636252981106,
      51.6374708966456,
      51.32513557989153,
      53.80632790791185,
      38.8765937693986,
      51.42768175444673,
      52.566549609870556,
      55.73416490496863,
      52.245546020333315,
      52.60865996889772,
      51.33526286000595,
      52.599177360679555,
      55.94790979716927,
      55.285274965026325,
      53.67700240812784,
      63.622291733262465,
      39.442594018542316,
      54.1771041341747,
      55.4045022789389,
      56.116069712365665,
      55.55688279014495,
      55.01620601024479,
      55.81214817244844,
      58.58005023157845,
      38.82991564971291,
      56.540964759518936,
      57.37429349747382,
      55.0711173147998,
      55.71598075713137
    ],
    "sla_eMBB": [
      0.19587999497850736,
      0.14515842069561283,
      0.16906802125896017,
      0.16294839474062126,
      0.16789495571206015,
      0.15851040734599034,
      0.1546386734272043,
      0.17391540149847667,
      0.18171664486949643,
      0.15369506493210794,
      0.1654711949949463,
      0.1617691937585672,
      0.1583276081457734,
      0.20346034073581298,
      0.17752145265539487,
      0.20480742101867994,
      0.1734367455293735,
      0.1412442378513515,
      0.1865959504029403,
      0.1710366657562554,
      0.17904024243354796,
      0.15859563110396266,
      0.16015669459477067,
      0.1368337966563801,
      0.1426152618850271,
      0.1417920433729887,
      0.15093660560126107,
      0.13951281111687422,
      0.14612656538685162,
      0.16228810341407857,
      0.1281747018918395,
      0.17834282955154776,
      0.14427726895858844,
      0.15579819556946556,
      0.14740825863555074,
      0.14981714181602002,
      0.13585923322166005,
      0.11582764009945094,
      0.14707460390403868,
      0.16058068797613184,
      0.1349006013261775,
      0.12819431206211448,
      0.13347702593853075,
      0.0931344603553104,
      0.12516933939109245,
      0.23794355314224958,
      0.14214157761385043,
      0.13699040886635583,
      0.1682962806491802,
      0.21088314320892096,
      0.16674259809156258,
      0.1603019272784392,
      0.1554921235330403,
      0.15671516719584663,
      0.19703058050945402,
      0.09553643078853687,
      0.17010425961265963,
      0.17568747490023573,
      0.1551340872483949,
      0.14925422625616191,
      0.15224020586659512,
      0.14540038709839184,
      0.15523680868248144,
      0.15773489311958352,
      0.17136811337123314,
      0.1751943693930904,
      0.2603350502004226,
      0.15009860953316093,
      0.1767894892518719,
      0.19352452364439765,
      0.29350410249084236,
      0.1742591337983807,
      0.1917286723231276,
      0.19329989703993003,
      0.19502019063880047,
      0.1444727140168349,
      0.20722017258405687,
      0.21773266156514487,
      0.21147938515990972,
      0.21657028034329415
    ],
    "sla_URLLC": [
      0.3780678624411424,
      0.3870370751619339,
      0.4409818568825722,
      0.4077701043337584,
      0.4496318369110425,
      0.4896085680772861,
      0.4390899804979563,
      0.4699822005629539,
      0.48643974458177885,
      0.4928780872871478,
      0.4234083104133606,
      0.49638299668828645,
      0.5283952587842942,
      0.4796223378181457,
      0.5072304901480674,
      0.5082684944321711,
      0.521218784848849,
      0.48878490035732586,
      0.5054684533178806,
      0.5601902985076109,
      0.5431846501429876,
      0.6181941860914231,
      0.5565055668354034,
      0.5282421018679937,
      0.552632557998101,
      0.5589488494892915,
      0.6225122506419818,
      0.7243118005990982,
      0.6448571495215099,
      0.5462537728746732,
      0.611087950070699,
      0.6370799399415652,
      0.5639201032121977,
      0.5778124955296516,
      0.571267604380846,
      0.5658229471743107,
      0.5710082207620144,
      0.6502869666616122,
      0.5723097340762615,
      0.6083942170937856,
      0.6204196719328562,
      0.7185574263334275,
      0.6479236037532489,
      0.879376437664032,
      0.6771838819980621,
      0.3910343676805496,
      0.7420279534657797,
      0.6824158746997515,
      0.629053319990635,
      0.5947347942988078,
      0.6852132201194763,
      0.7099952478210131,
      0.6851782575249672,
      0.7007345912853876,
      0.6653076512614886,
      0.9743194405237834,
      0.6357357229789098,
      0.6540654160579046,
      0.7291252424319585,
      0.691005113919576,
      0.6711681976914405,
      0.6566370254755021,
      0.6538604868451754,
      0.7032299063603084,
      0.7096819625298182,
      0.6483452003200849,
      0.610360183318456,
      0.632732122540474,
      0.6323155890901884,
      0.6293610497315725,
      0.4599167016148567,
      0.70767807751894,
      0.6301258310675621,
      0.6315440951784452,
      0.671638174255689,
      0.6264600735902787,
      0.6554410844047864,
      0.555673609872659,
      0.6100115876396497,
      0.6111825770139694
    ],