{
  "args": {
    "method": "nested_no_ema",
    "drift": "multi",
    "n_agents": 3,
    "horizon": 150,
    "episodes": 80,
    "seed": 0,
    "hidden": 64,
    "ppo_epochs": 4,
    "lr_ippo": 0.0005,
    "severity": 1.5,
    "log_every": 80,
    "outdir": "results"
  },
  "metrics": {
    "episode_reward": [
      35.07623306932961,
      30.955120341334933,
      36.32235922285667,
      35.37878732991717,
      35.91898151547134,
      37.27636350946915,
      34.59244861327527,
      34.709757716498466,
      36.26492866660573,
      42.28865088743885,
      36.56085812343906,
      39.16580846828099,
      36.739504005527124,
      34.951770248536384,
      41.08806263692677,
      37.82879945027333,
      38.98305891555631,
      33.459435739513054,
      49.34855663147232,
      42.26161089796162,
      42.37178850349352,
      41.298988024124675,
      40.71206833858873,
      41.06721921071614,
      42.681509857955916,
      34.741409564742604,
      51.046492337518316,
      44.0647407963665,
      42.28667718213138,
      41.258345096175454,
      43.448135498476574,
      42.80100788561006,
      45.55676989615378,
      45.63732026183152,
      42.082077649359896,
      32.90834810756561,
      42.111360736211985,
      46.904484892884874,
      48.71817717462159,
      43.13218444578297,
      46.466463753829395,
      46.40647368648399,
      49.66652441979385,
      48.67358238624615,
      49.998864385285806,
      52.61424011333536,
      49.4143917452544,
      47.33715522229259,
      58.45322187741598,
      43.625017498785404,
      47.00650243746738,
      46.311875295856346,
      47.790930215786744,
      42.85709549637716,
      48.39182715752266,
      51.4524895662235,
      47.75284541002994,
      53.079264151925834,
      56.62350545132329,
      51.26992483165685,
      54.50212369604662,
      47.830545210589975,
      50.57421532233972,
      56.74920634656317,
      53.08386905994269,
      55.31145393071284,
      55.18874232569297,
      58.09765833889446,
      53.1962439111124,
      49.99247455770776,
      54.771836231172905,
      50.78193871743152,
      55.52860052306206,
      51.93867982096143,
      54.74125600281277,
      57.4239756414253,
      56.234925652274676,
      54.071553420772204,
      52.77982642054561,
      55.28762373204034
    ],
    "sla_eMBB": [
      0.16261284561206898,
      0.15863030207032958,
      0.15950329101954897,
      0.1740962923069795,
      0.14995072940985363,
      0.15387275956571103,
      0.16229289612422387,
      0.1678548885943989,
      0.17317396468172472,
      0.1663232896414896,
      0.16967405068377653,
      0.1502133665792644,
      0.1538297286381324,
      0.1514330111257732,
      0.14966804263492425,
      0.15320554283137122,
      0.1623184171008567,
      0.15613477325066924,
      0.7031261344688634,
      0.16312314378718534,
      0.15299425228188435,
      0.16174465427796045,
      0.1576226427468161,
      0.2582202455836038,
      0.1634867085578541,
      0.10891546933290859,
      0.2285471192250649,
      0.15671845262249312,
      0.3709970760097106,
      0.1655126014103492,
      0.15629681722571453,
      0.2668443944801887,
      0.14812048888454835,
      0.16986633626744152,
      0.15394521038979292,
      0.140767371977369,
      0.15670094369600215,
      0.17192834596460063,
      0.20280611048762998,
      0.17762611159433922,
      0.2044264496366183,
      0.2087337990043064,
      0.19518664423376322,
      0.20009187035262585,
      0.19312922942141691,
      0.19849095760534208,
      0.16793088180323443,
      0.18482202685127655,
      0.2768522073328495,
      0.3167517139452199,
      0.1787126889017721,
      0.16654955855260292,
      0.17671749158451955,
      0.18348934881389142,
      0.18024383109528572,
      0.17308985962842902,
      0.18313378158956767,
      0.13014142898842693,
      0.36284632128973804,
      0.2149378259976705,
      0.19037280149757863,
      0.17973536948362986,
      0.18468955136835574,
      0.16798260923475028,
      0.2572499333570401,
      0.17105758418639502,
      0.1878028953447938,
      0.1616616423924764,
      0.16653780810534954,
      0.30073261000216006,
      0.16657910481095314,
      0.2900781222557028,
      0.16837021107474962,
      0.18146314141650996,
      0.17691215763489404,
      0.17825638747463624,
      0.1809736756980419,
      0.17874313334623973,
      0.2855148080488046,
      0.17491616770625115
    ],
    "sla_URLLC": [
      0.4234294616182645,
      0.3740670407811801,
      0.43362795079747835,
      0.420908995817105,
      0.45020111168424287,
      0.46156792680422465,
      0.427606755644083,
      0.4030852262675762,
      0.4572191688915094,
      0.5145474691689015,
      0.436893846988678,
      0.45875638037919997,
      0.42852128778894744,
      0.4055026390651862,
      0.5118081276118756,
      0.48495510349671045,
      0.48258496542771656,
      0.3392354310552279,
      0.32975394402941066,
      0.5313509962956111,
      0.5437278776864211,
      0.5155780080457528,
      0.5296131861706574,
      0.3589104476074378,
      0.5334477577110132,
      0.9076323060194651,
      0.5275162158409754,
      0.5539689070483049,
      0.34904630775252976,
      0.5155348462363084,
      0.5487054552137852,
      0.37044734582304956,
      0.5904639272391796,
      0.5650424355765183,
      0.5715017477671306,
      0.5565697439014912,
      0.5226322533686956,
      0.5852066240211328,
      0.5922642331322034,
      0.5534069028496742,
      0.5402550064524014,
      0.5182197002569834,
      0.5689297792315483,
      0.5937686354915301,
      0.5717151204744975,
      0.6467860093216101,
      0.595268634458383,
      0.5412019885579745,
      0.5815399170915285,
      0.37466019521156946,
      0.6164903629322847,
      0.5724269471565883,
      0.5694625167051951,
      0.9508910671869913,
      0.5781912814080715,
      0.6325834705432256,
      0.5618800837794939,
      0.9582327659924825,
      0.5216722668210665,
      0.5781562099854152,
      0.5622582923372587,
      0.560221827228864,
      0.5690123517314593,
      0.6997152730822563,
      0.5876530735691389,
      0.6690489641825358,
      0.624554407397906,
      0.7308451195557912,
      0.622332333723704,
      0.41114971349636714,
      0.6881666549046834,
      0.4270217830936114,
      0.658074467877547,
      0.5848320856690407,
      0.626473071873188,
      0.7084494495391845,
      0.6799992416302363,
      0.6055880422393481,
      0.5163668252031008,
      0.661114379564921
    ],