{
  "args": {
    "method": "nested_two_level",
    "drift": "multi",
    "n_agents": 3,
    "horizon": 150,
    "episodes": 80,
    "seed": 0,
    "hidden": 64,
    "ppo_epochs": 4,
    "lr_ippo": 0.0005,
    "severity": 1.5,
    "log_every": 80,
    "outdir": "results"
  },
  "metrics": {
    "episode_reward": [
      35.07623306932961,
      31.617355928673536,
      35.66926435093501,
      35.361229967657074,
      35.226813352418475,
      37.082290803475516,
      34.5347258364161,
      31.597549393400566,
      35.60603539200708,
      41.24315349635568,
      35.794328460883776,
      38.024734011080334,
      36.40942649682466,
      34.5699825856421,
      37.95753432876534,
      37.66718273502258,
      38.072918860428054,
      32.451495449969336,
      47.461225259221216,
      39.759603365345164,
      39.48425263509985,
      36.39662515087468,
      35.694366946650895,
      37.606931056320235,
      39.06404257998803,
      32.95755919787204,
      47.352476147727884,
      40.51082588467333,
      39.28234501076446,
      37.77497527626242,
      39.36058653603415,
      37.88949372290323,
      40.980763355304326,
      44.05567654705504,
      38.384430879706294,
      29.086589985506407,
      37.89382242314107,
      42.17347623831076,
      42.34855372552607,
      37.42825033270446,
      40.49809342296796,
      39.239354748547925,
      43.391588331593425,
      41.49551658897351,
      42.910208742837945,
      43.14708301288389,
      40.037132960785605,
      39.14911006271015,
      52.10930795001076,
      39.01455215993853,
      41.91039348728956,
      42.32107185533062,
      42.84164794555141,
      38.543059154475735,
      42.81676855921333,
      46.58497944314862,
      39.755311425651115,
      47.99631499542542,
      49.04432793582097,
      43.932789780634145,
      46.70772834316727,
      40.77446154368422,
      45.11768481218156,
      46.79022323970373,
      46.92852107921825,
      45.164471330659275,
      46.652974838784196,
      46.357535613359296,
      45.316238362859536,
      47.08010734268202,
      44.54990178919916,
      45.98465091283949,
      45.43906673199188,
      43.8307804302623,
      48.62107393197304,
      50.3491686165747,
      48.86666217632594,
      48.27469280759495,
      44.46861787966145,
      49.485228298708
    ],
    "sla_eMBB": [
      0.16261284561206898,
      0.15811850115035972,
      0.1593979583370189,
      0.17550726457188526,
      0.15282758466278512,
      0.1538316651682059,
      0.16409477458025018,
      0.16864781241243085,
      0.17010297048836948,
      0.1661915190393726,
      0.16924295817812285,
      0.15284396554653842,
      0.15144525727878014,
      0.1489354979308943,
      0.15270321380347013,
      0.15124966103583573,
      0.16117832923308015,
      0.15682496530314285,
      0.698232750389725,
      0.16297234720860918,
      0.15028526787956556,
      0.16399031860133012,
      0.1551103664189577,
      0.23860758380964397,
      0.15849167338262002,
      0.11470283795458575,
      0.2308784400920073,
      0.14509822003543377,
      0.3741243639029562,
      0.15975635045518477,
      0.14872916667411726,
      0.29806443439486124,
      0.14236806987163922,
      0.1663111236753563,
      0.1470312018940846,
      0.12734390969698628,
      0.1432464245458444,
      0.15775376196329793,
      0.19208160157625873,
      0.15431043770164252,
      0.18334251195192336,
      0.18718986889347433,
      0.17123649378617606,
      0.16656079417094588,
      0.16697369880974292,
      0.1612922124688824,
      0.15703936226665974,
      0.16420993832871317,
      0.20748681388795376,
      0.30368690940861903,
      0.15761368346711,
      0.15806333784013987,
      0.1604843066756924,
      0.18926938594629367,
      0.17176476039613287,
      0.15862880545357863,
      0.16008108597869675,
      0.13296096720422307,
      0.2426610908905665,
      0.18371348027760784,
      0.18401576178769272,
      0.16214312105750045,
      0.16766514049222073,
      0.17967360539982716,
      0.19133414315059782,
      0.17319443254110714,
      0.192927441354841,
      0.16300300483902294,
      0.17625502988075217,
      0.37366757153222957,
      0.1755014296186467,
      0.39236174047614136,
      0.18263695117707054,
      0.18652957720682026,
      0.18297766675551733,
      0.17870687536895274,
      0.16585053106149036,
      0.19595124037315448,
      0.21453332876165707,
      0.17884684267143408
    ],
    "sla_URLLC": [
      0.4234294616182645,
      0.38067022984226545,
      0.4241675921281179,
      0.4202768445014954,
      0.4414865163465341,
      0.45540487512946126,
      0.43241356189052266,
      0.35491840456922846,
      0.4442278201629718,
      0.5013849114378294,
      0.4270489664375782,
      0.4415318241218726,
      0.41933614283800125,
      0.40153034289677936,
      0.4628548349936803,
      0.48228668262561164,
      0.4696254187822342,
      0.3163288216789564,
      0.3170900344103575,
      0.4912838063389063,
      0.4991671093304952,
      0.45069209029277163,
      0.45345007166266443,
      0.3288562858601411,
      0.4772164557874203,
      0.8520210220416387,
      0.49159151564041775,
      0.5151598086953163,
      0.3213669113566478,
      0.4671801569064458,
      0.4953096937139829,
      0.3249620577444633,
      0.5234148648629586,
      0.5334967437883218,
      0.5017348453899224,
      0.5185094053546587,
      0.4752934508770704,
      0.5285505067805449,
      0.4897114599247773,
      0.48194143310189247,
      0.481612063596646,
      0.4595307080944379,
      0.5101072037220001,
      0.49596279427409173,
      0.5115329047540823,
      0.5522611297667026,
      0.49593969588478404,
      0.45015306611855826,
      0.5516061147054037,
      0.339819841782252,
      0.5620305951933066,
      0.5203628194828828,
      0.5199598286549251,
      0.8948002823193868,
      0.5304575392603874,
      0.5737495316565037,
      0.48753140459458033,
      0.9006217288970947,
      0.4928093699614207,
      0.5206816024084886,
      0.5055609807372093,
      0.5003615864117941,
      0.5495151661336422,
      0.554522775610288,
      0.5671492465337118,
      0.5696920506159464,
      0.5555962043007215,
      0.6084798022111257,
      0.5474473289648691,
      0.3820880833764871,
      0.5582095609605312,
      0.3779429376622041,
      0.568655464053154,
      0.5280399233599504,
      0.5736363116403421,
      0.6664776874581972,
      0.6018031256894271,
      0.5608774338662624,
      0.4873120254774888,
      0.5914597091078758
    ],