{
  "args": {
    "method": "ewc_ippo",
    "drift": "multi",
    "n_agents": 3,
    "n_slices": 3,
    "horizon": 150,
    "episodes": 80,
    "seed": 9,
    "hidden": 64,
    "ppo_epochs": 4,
    "lr_ippo": 0.0005,
    "severity": 1.5,
    "log_every": 80,
    "outdir": "results"
  },
  "metrics": {
    "episode_reward": [
      33.55228003549079,
      27.432512025038402,
      34.37063518601159,
      35.464376789828144,
      34.19225057090322,
      35.5214049530526,
      35.79876854581138,
      35.9480455002437,
      30.402543072278302,
      31.432342377801735,
      32.64279503623644,
      36.9587134886533,
      38.2824226009349,
      39.1564602230986,
      39.36641199079653,
      38.46129017199079,
      39.2326556549718,
      34.9936600321283,
      34.525521267826356,
      34.965955559164286,
      34.622862227261066,
      37.43707689208289,
      34.19257082541784,
      35.18282598443329,
      33.348670701806746,
      35.33353663856784,
      39.5537097286433,
      37.57733297906816,
      31.612323080499966,
      34.173829306537904,
      32.79141986183822,
      29.439256377518177,
      29.778867738942306,
      36.47320669082304,
      38.22513863816857,
      29.92089022261401,
      42.12115000809232,
      32.74891190355023,
      30.945692243675392,
      43.362543477366366,
      37.08495451758305,
      38.17744858562946,
      31.017930860941608,
      33.33880447472135,
      36.66473573694626,
      42.2928693027546,
      37.03952338732779,
      42.69021227769554,
      34.85922475531697,
      32.4627724904567,
      38.18368273600936,
      33.01571215813359,
      40.45341442835828,
      39.59126751062771,
      37.253615375608206,
      37.876974914222956,
      41.50773566029966,
      35.72644572456678,
      34.475164848690234,
      34.46070688031614,
      28.66827748529613,
      28.712116666138172,
      37.242075119788446,
      30.828261104722817,
      37.480394469574094,
      33.121090991422534,
      35.76930416313311,
      42.77483532205224,
      34.98711117481192,
      34.85554476827383,
      37.853331526741385,
      36.779707596326865,
      35.730630011608206,
      35.41601966135204,
      38.52116595270733,
      39.17951439072689,
      43.634273293738566,
      41.22259575252732,
      37.99447233912846,
      37.96397164836526
    ],
    "sla_eMBB": [
      0.16710560883705813,
      0.17998965136085948,
      0.17196635950977604,
      0.1629159217948715,
      0.16060515734056632,
      0.1845408643844227,
      0.16887495244542758,
      0.16741557364662488,
      0.1642187911334137,
      0.17105534228806693,
      0.1689888121187687,
      0.1696514729037881,
      0.20699729720751445,
      0.16093071740120649,
      0.18293598285565774,
      0.16104890987897913,
      0.1839081503202518,
      0.14525273405015468,
      0.17881860851620635,
      0.1721766761193673,
      0.16508689090609552,
      0.1743540101374189,
      0.17536547732229035,
      0.1837834814066688,
      0.17027176739647984,
      0.1981354355936249,
      0.19953886101643245,
      0.17606867151955763,
      0.15359663820515077,
      0.17070129107683896,
      0.16511521274844806,
      0.173111643238614,
      0.1921025224402547,
      0.16530786499381064,
      0.1765858459410568,
      0.10629018058379491,
      0.15080146353070933,
      0.26795729010055463,
      0.17513285749281446,
      0.15107093062562246,
      0.15624160149445138,
      0.17674657640978694,
      0.17673055975387494,
      0.17362837749843796,
      0.16506289457902312,
      0.16610033969084423,
      0.1529145649448037,
      0.21410091428707043,
      0.18096992870171866,
      0.1647982534642021,
      0.16916984249527256,
      0.18015026946241658,
      0.19056067372982702,
      0.1865854834144314,
      0.18638876114661496,
      0.18079067191729942,
      0.2320376130193472,
      0.18007469597583015,
      0.18153223702684046,
      0.17774037312716245,
      0.14314160757387678,
      0.1691000146046281,
      0.16766082078839342,
      0.16893041943510373,
      0.18294832543780407,
      0.16364414138098557,
      0.17480313779165346,
      0.21969120211899282,
      0.14384061884135008,
      0.1508384694593648,
      0.17016850321864088,
      0.1677812195693453,
      0.15215937102834384,
      0.16153699620316425,
      0.1793590929483374,
      0.17075428764646253,
      0.2070579053958257,
      0.2093733315418164,
      0.16979499859114489,
      0.15396236790965
    ],
    "sla_URLLC": [
      0.4084236086408297,
      0.2861330916235844,
      0.4282897377262513,
      0.42897205804785093,
      0.4184735218932231,
      0.42966568569342295,
      0.4484558070699374,
      0.42709046736359596,
      0.34583813096086186,
      0.3850803292294343,
      0.4972550436357657,
      0.44286826491355896,
      0.37849327181776365,
      0.4637521674732367,
      0.46427669008572897,
      0.47480795631806055,
      0.4538028437892596,
      0.4394447961449623,
      0.41940341259042424,
      0.4343815152347088,
      0.42080529098709424,
      0.4539635294179122,
      0.40205616638064384,
      0.3966870081424713,
      0.39777974302570024,
      0.4005577778319518,
      0.42916950630644957,
      0.47353226333856585,
      0.39208384210864705,
      0.4120040301978588,
      0.40163949608802796,
      0.34281711243093016,
      0.32888061220447223,
      0.45399782014389833,
      0.45164836247762047,
      0.810018405119578,
      0.7842730198303859,
      0.2749498742818832,
      0.3698491498331229,
      0.7986424009005229,
      0.4545904609560967,
      0.45683812469244,
      0.3413187162578106,
      0.3848434266448021,
      0.44044779645899934,
      0.730728513499101,
      0.43766128972172735,
      0.4544692108531793,
      0.37020476907491684,
      0.39990250684320927,
      0.4595776459077994,
      0.3698491910099983,
      0.4722971878449122,
      0.4645987649261951,
      0.4249708662927151,
      0.45417060595471415,
      0.4787586340308189,
      0.42068751270572347,
      0.39499540530145166,
      0.4022095693151156,
      0.49357554654280344,
      0.32454686959584556,
      0.45059027393658957,
      0.3610300696144501,
      0.44383799873292445,
      0.41035880371928213,
      0.43229112597803276,
      0.45558399404088656,
      0.449873453527689,
      0.42814832446475826,
      0.46375696137547495,
      0.4437663476169109,
      0.43718058506647745,
      0.44993807932982843,
      0.47307604918877283,
      0.4976361427456141,
      0.47043572828173635,
      0.42857715929547946,
      0.45985523713131743,
      0.4657699072857698
    ],