{
  "args": {
    "method": "ewc_ippo",
    "drift": "multi",
    "n_agents": 3,
    "n_slices": 3,
    "horizon": 150,
    "episodes": 80,
    "seed": 2,
    "hidden": 64,
    "ppo_epochs": 4,
    "lr_ippo": 0.0005,
    "severity": 1.5,
    "log_every": 80,
    "outdir": "results"
  },
  "metrics": {
    "episode_reward": [
      31.219822044173878,
      34.965743059292436,
      34.32089978394409,
      37.3134383286039,
      31.98906400303046,
      37.70951213253041,
      34.94436588138342,
      36.467632584273815,
      42.489560045301914,
      32.68823689967394,
      39.33610066461066,
      39.59953372428814,
      39.127449090903006,
      41.577222953240074,
      38.18262126048406,
      31.92214062685768,
      36.18107075802982,
      35.418944743151464,
      31.366652401785057,
      43.664310559630394,
      34.034841967746615,
      35.754015596583486,
      43.582380932445325,
      37.22052613211175,
      33.924147967249155,
      38.46884487941861,
      40.120207849269114,
      37.36978240186969,
      30.27505214015643,
      33.322240110486746,
      36.02535015468796,
      42.736949913203716,
      39.79421350794534,
      35.22837386590739,
      33.42256514541805,
      37.7107286353906,
      35.74832280352712,
      36.24922398105264,
      34.91733564808965,
      41.31994145798186,
      39.14799640327692,
      40.377780597036086,
      46.263908003767334,
      34.867165983965,
      32.14861251786351,
      39.07979276155432,
      35.97387586720288,
      34.38300969141225,
      34.04336804524064,
      38.70742480394741,
      30.84718371431033,
      37.40735590954622,
      39.016946667184435,
      37.64845099424323,
      40.49001936676601,
      39.51219276214639,
      40.238768400624394,
      43.83279230197271,
      40.88003701219956,
      40.07607691672941,
      36.98952486179769,
      37.05802060787877,
      34.78687140221397,
      41.43728363017241,
      35.64248403596381,
      38.48236672269801,
      44.42618682421744,
      44.8517158019046,
      43.168443943063416,
      40.41891184387108,
      33.93786596879363,
      35.38242170214653,
      38.258273150771856,
      36.2838416043669,
      41.36716199914614,
      39.828610794618726,
      36.74648420264324,
      36.04578855199119,
      30.632833684484165,
      40.0545932687819
    ],
    "sla_eMBB": [
      0.15387677696843943,
      0.1557164651240843,
      0.169360075990359,
      0.15723048110802967,
      0.1598168991257747,
      0.1735609616478905,
      0.15897107658286888,
      0.18422202141334612,
      0.20284264809141556,
      0.16035283699631692,
      0.17406313552210728,
      0.16355970337986947,
      0.16496694525703787,
      0.13940051440149545,
      0.1851885569964846,
      0.17008930942043662,
      0.15569570963581403,
      0.15599369539568822,
      0.19396992860982815,
      0.23655670814216137,
      0.1646870764158666,
      0.17456764043619236,
      0.22174356171240409,
      0.15979393068080147,
      0.11720710081358751,
      0.20439097387095292,
      0.13018468502288064,
      0.1707019796098272,
      0.15638270908345778,
      0.16614470303058623,
      0.1510926809348166,
      0.5369450108334423,
      0.15256272834415238,
      0.19171349893634518,
      0.16029277374967932,
      0.17970762993519504,
      0.17542203489070138,
      0.16156300924097497,
      0.1681222254037857,
      0.17092926201721031,
      0.15897837897762657,
      0.19305268540978432,
      0.14881916498144468,
      0.1849390422987441,
      0.13120228287453453,
      0.1793683641590178,
      0.18278542851408322,
      0.15671756314734617,
      0.17442646740625303,
      0.1618080976481239,
      0.14673208757614095,
      0.16809861381227773,
      0.16627819230159124,
      0.16800089371701082,
      0.164833124037832,
      0.17332783792788783,
      0.1680676884142061,
      0.13270260297382871,
      0.1613443240399162,
      0.16557938875009617,
      0.17184002549697955,
      0.17506322205687563,
      0.15490828396131595,
      0.18492161996662618,
      0.15767502113555867,
      0.16134523350124558,
      0.17859885903696218,
      0.18523838210230073,
      0.1723136409620444,
      0.17620360142861805,
      0.13257420763373376,
      0.15486062394455075,
      0.1585426145295302,
      0.17058438286185265,
      0.16410147601117692,
      0.1678646726782123,
      0.17720819260925055,
      0.17494889515762527,
      0.1097501620153586,
      0.1799312301600973
    ],
    "sla_URLLC": [
      0.39069341915349165,
      0.42935604726274806,
      0.3953801049292088,
      0.46995108405749003,
      0.3759371540447076,
      0.4603244943420092,
      0.44046316757798193,
      0.44691478957732517,
      0.4588442130883535,
      0.41421192067364854,
      0.47867264345288274,
      0.47534963871041935,
      0.4690941105782986,
      0.7804108850161234,
      0.4664011303583781,
      0.36672761855026087,
      0.4409759622812271,
      0.4429330549761653,
      0.2963441483552257,
      0.4646416398882866,
      0.421001080100735,
      0.4422917774071296,
      0.461569438179334,
      0.4675292976697286,
      0.8716002023220062,
      0.461623874232173,
      0.7411489314834276,
      0.4535191008448601,
      0.36430599763989446,
      0.4220272958775361,
      0.44818423052628836,
      0.32605650504430134,
      0.5037674268583456,
      0.4172388887902101,
      0.40552413031458856,
      0.460293061931928,
      0.4288483588894208,
      0.4415276441971461,
      0.42264228949944177,
      0.5080109643936157,
      0.49164753660559657,
      0.43875036828219893,
      0.8765511576334636,
      0.4184791612128417,
      0.7810239295164744,
      0.46729270721475286,
      0.49708351304133735,
      0.4186090647180875,
      0.414105526227504,
      0.4969279251495997,
      0.5094311663508415,
      0.4427566826840242,
      0.47069781166811786,
      0.47128362968564036,
      0.5119230038921039,
      0.4659562541047732,
      0.5145041031638781,
      0.8556100591023763,
      0.5192327052851518,
      0.4914075821141402,
      0.43391219730178515,
      0.4494569355249405,
      0.44408193697532017,
      0.4900999773293734,
      0.4409275264541308,
      0.4787448300917943,
      0.5033364827682575,
      0.5378818955024084,
      0.5360032177964846,
      0.47847796261310577,
      0.8665775928894679,
      0.45101321453849474,
      0.46254040037592253,
      0.4396788682540258,
      0.5083332159866889,
      0.5248928248385588,
      0.4611030599474907,
      0.44070264205336573,
      0.7770031009117763,
      0.4935896654923757
    ],