{
  "args": {
    "method": "ewc_ippo",
    "drift": "multi",
    "n_agents": 3,
    "n_slices": 3,
    "horizon": 150,
    "episodes": 80,
    "seed": 5,
    "hidden": 64,
    "ppo_epochs": 4,
    "lr_ippo": 0.0005,
    "severity": 1.5,
    "log_every": 80,
    "outdir": "results"
  },
  "metrics": {
    "episode_reward": [
      36.98002758063376,
      30.63368585209052,
      36.13312838971615,
      32.991829358662166,
      34.546925569574036,
      36.529938496649265,
      33.29709015103678,
      33.95917507447302,
      38.9664203816404,
      33.34807490681609,
      32.65409798671802,
      35.26109869964421,
      38.47564318527778,
      37.27010101887087,
      39.621839264407754,
      42.25592566343645,
      34.92086610880991,
      26.771298868581653,
      31.686343745018046,
      38.42051256944736,
      37.18231371603906,
      36.970078506196536,
      34.28379538282752,
      34.67480458505452,
      37.532231698433556,
      35.71055187781652,
      38.18772076629102,
      34.81079096160829,
      33.050520249952875,
      35.24236371554434,
      33.73921302271386,
      38.952545354763664,
      37.12071308431526,
      37.104205415273704,
      37.542302045350276,
      39.195101811861,
      35.910390527918935,
      31.928330233320594,
      32.63188716955483,
      34.291931708032884,
      36.63470475872358,
      37.01886701459686,
      34.07888542550305,
      28.88801194044451,
      38.16249826550484,
      36.685660107682146,
      38.54799603112042,
      37.24725084938109,
      39.03372738137841,
      39.283666770905256,
      35.390963238974415,
      30.416737291341025,
      35.921663957337536,
      35.69491387096544,
      38.1241064115117,
      32.50056732073426,
      32.59791777158777,
      38.323512732982635,
      38.77971980099877,
      38.51216848380864,
      32.90360311170419,
      37.058313904330134,
      38.39578437867264,
      40.03325643390417,
      39.98222455941141,
      38.50430587182442,
      39.295067473625146,
      28.042662802462775,
      33.869741943354406,
      40.458758894974984,
      38.047895254567266,
      37.61429449543357,
      34.15058177026609,
      38.04756552105149,
      36.52147051754097,
      28.61445690939824,
      38.74377263585726,
      34.53399393086632,
      40.54571541709205,
      42.11596365210911
    ],
    "sla_eMBB": [
      0.19587999497850736,
      0.14681322052453954,
      0.16881003339464465,
      0.1658360674418509,
      0.17235021507988374,
      0.16743178390587368,
      0.16206172491113344,
      0.17908043220639228,
      0.1884357871984442,
      0.15926212011526028,
      0.17466109540313482,
      0.16315812629957993,
      0.1613901926825444,
      0.20667575137068828,
      0.18270626187324523,
      0.2175036510825157,
      0.17217914400001366,
      0.1551363120538493,
      0.2017889734233419,
      0.1841161419202884,
      0.20094286443665624,
      0.16648071280370155,
      0.18796415360644458,
      0.16127241515244048,
      0.16015133685121932,
      0.16203692697609465,
      0.1596955380961299,
      0.16587557531893254,
      0.15937581246097882,
      0.1764880426414311,
      0.146961968280375,
      0.20538693896184365,
      0.16257861209412416,
      0.17375362179552514,
      0.16640479284649093,
      0.16708957575261593,
      0.15233309033016365,
      0.1301349113850544,
      0.16642775441209476,
      0.17250860697279374,
      0.15994551633795104,
      0.15504172749817371,
      0.16552290286247928,
      0.11039471050724387,
      0.1680422042372326,
      0.5402897927661737,
      0.17306417401880025,
      0.16877636965364218,
      0.18844904510925214,
      0.20658771712332963,
      0.17396029895792406,
      0.17234867898126444,
      0.1754064434642593,
      0.16632534558574358,
      0.19542550013711055,
      0.11515897678211331,
      0.17129098718365032,
      0.16082881299157936,
      0.15007936927800378,
      0.1459828499580423,
      0.16311368256652106,
      0.1515576024663945,
      0.1481371134830018,
      0.15459328865632416,
      0.151401399821043,
      0.1739123818775018,
      0.2060893014073372,
      0.13350265758732954,
      0.1646808759868145,
      0.15850759390120706,
      0.3924056128660838,
      0.14581456335183854,
      0.1732263370603323,
      0.16147941935807467,
      0.18387383580828706,
      0.11206763943657279,
      0.17990080412477255,
      0.19193378288298846,
      0.19168160300080975,
      0.1703501833664874
    ],
    "sla_URLLC": [
      0.3780678624411424,
      0.3835195478796959,
      0.43563099175691605,
      0.4036907948553562,
      0.43259122744202616,
      0.4442172435298562,
      0.39469334701697034,
      0.39089543429513773,
      0.45657238344351453,
      0.4205754640698433,
      0.35372258382538957,
      0.42656295905510583,
      0.47925214206178984,
      0.37373687480886775,
      0.45199765235185624,
      0.4533140872915586,
      0.4401767607778311,
      0.30304666792352997,
      0.35748454262812934,
      0.4661875725785891,
      0.43180790399511654,
      0.4416217929124832,
      0.4116967720290025,
      0.4360018237183491,
      0.47029957321782906,
      0.45369156981507935,
      0.4683480535447597,
      0.4570445354282856,
      0.3957467422882716,
      0.41901867918670177,
      0.41726217230161033,
      0.44928165192405384,
      0.46055623884002367,
      0.4517903419335683,
      0.4862014365196228,
      0.4867345216621955,
      0.45432428176204365,
      0.5252663192152977,
      0.39561130399505295,
      0.4001049835483233,
      0.4642499916255474,
      0.4731763105094433,
      0.4046980583667755,
      0.7283745801448822,
      0.46608185723423956,
      0.2651818230499824,
      0.49464237650235493,
      0.4782621486485004,
      0.4599750723441442,
      0.41615341770152253,
      0.45240553451702,
      0.35652438893914223,
      0.449233052333196,
      0.4417682905991872,
      0.46386964013179144,
      0.8470015446345012,
      0.4003693265716235,
      0.5010403816153606,
      0.4910955979178349,
      0.4864737622936567,
      0.40438318585356076,
      0.46978016225000224,
      0.487901154011488,
      0.4927558230857054,
      0.5090819490949313,
      0.47756916100780167,
      0.41257959413031736,
      0.4945691064745188,
      0.40171270042657853,
      0.5103654285271962,
      0.30578765260676544,
      0.48716558086996276,
      0.3962745509545008,
      0.49506080369154615,
      0.4135277523597081,
      0.5155225715041161,
      0.48035009210308394,
      0.3379927228391171,
      0.5056080567340057,
      0.5209064601858457
    ],