{
  "args": {
    "method": "ewc_ippo",
    "drift": "multi",
    "n_agents": 3,
    "n_slices": 3,
    "horizon": 150,
    "episodes": 80,
    "seed": 4,
    "hidden": 64,
    "ppo_epochs": 4,
    "lr_ippo": 0.0005,
    "severity": 1.5,
    "log_every": 80,
    "outdir": "results"
  },
  "metrics": {
    "episode_reward": [
      36.33504030543069,
      36.65676428874334,
      39.11507459667822,
      38.8004456050694,
      35.30428264165918,
      35.40288344708582,
      38.587853559603296,
      38.065748773515224,
      38.519066377853356,
      29.689384936665494,
      39.14278077147901,
      37.44355373084545,
      34.439091051618256,
      33.374622593944274,
      34.364238400012255,
      34.71720357673863,
      38.64254468368987,
      40.26888913785418,
      38.01039386789004,
      38.12267271305124,
      33.099040963997446,
      32.43507178003589,
      30.12646788172424,
      35.83265861247977,
      40.70890790720781,
      36.7439766737322,
      36.270495910197496,
      38.39732150298854,
      31.443792446206015,
      36.00296860995392,
      33.71684334178766,
      37.074368848775826,
      34.986511992290616,
      41.87536074345311,
      35.58288919056455,
      45.34124237174789,
      36.77671793103218,
      33.72443340780834,
      33.2139618974179,
      33.86871438970169,
      43.051371651391186,
      40.19356480675439,
      38.71753593658408,
      32.771133206784725,
      33.236601230998836,
      39.60644260793924,
      37.78800184652209,
      33.184693383673824,
      41.01855371271571,
      40.30342946263651,
      33.18886215736469,
      32.61141230724752,
      35.718824080501996,
      39.60771707072854,
      38.02973246263961,
      36.53089764031271,
      37.47309500661989,
      41.795858250310026,
      38.43441609789928,
      38.71222069424888,
      36.988190706819296,
      38.62387119544049,
      39.68235758754114,
      37.95636206244429,
      40.12331852565209,
      38.76414353586733,
      34.59947829941908,
      39.00445259176195,
      39.445157465835415,
      39.251961002747215,
      37.15752598270774,
      39.05671630178889,
      42.72916487728556,
      39.20927626825869,
      41.242884293819465,
      40.81195769893626,
      35.96066805658241,
      39.87443873907129,
      39.02934058072666,
      39.667807656650744
    ],
    "sla_eMBB": [
      0.1603283134723703,
      0.1698970780769984,
      0.17755748386805256,
      0.16257579570636152,
      0.16294485799968242,
      0.15966708982984226,
      0.15678640050192674,
      0.1763038049886624,
      0.18188162552192808,
      0.1632359288384517,
      0.1823823156580329,
      0.17081460755318403,
      0.1442231399131318,
      0.183125654378285,
      0.15798747717092435,
      0.15294190499310692,
      0.1840802597378691,
      0.14906503058969975,
      0.16463539473712444,
      0.160218153676639,
      0.15720453469703594,
      0.1539481799863279,
      0.1553605988311271,
      0.16502702991788587,
      0.13342003193994365,
      0.16250879025707643,
      0.16980618558824062,
      0.16497590573504567,
      0.10957449287797014,
      0.14876687207569678,
      0.1581137532989184,
      0.1570626740840574,
      0.1654110423102975,
      0.1982176528374354,
      0.16249373342220982,
      0.14570989929139613,
      0.18673581950987378,
      0.16104629033555587,
      0.1519779570835332,
      0.16006865913048388,
      0.19368324142570298,
      0.18272198549161356,
      0.1687076799136897,
      0.2006915846342842,
      0.27444505180542667,
      0.1677864061233898,
      0.16365763656795024,
      0.1809758262646695,
      0.2687527062992255,
      0.1743370882041442,
      0.16778772476439674,
      0.14989911887794732,
      0.15582628617063166,
      0.15799318859974543,
      0.17537330615023772,
      0.15938231079528728,
      0.15395205710083246,
      0.1533066255102555,
      0.16258716139321525,
      0.1988739130894343,
      0.16667698824157318,
      0.18988532305384676,
      0.16503623994688194,
      0.16079678372790415,
      0.15429646293943128,
      0.14917106437807282,
      0.16672371459503968,
      0.17759107458715637,
      0.17236461043357848,
      0.16270498460779587,
      0.14249614290272197,
      0.3342121200201412,
      0.17244788204630215,
      0.1547580541173617,
      0.16769165489822627,
      0.15652917925889293,
      0.16275887858122587,
      0.1750114696472883,
      0.15734197625890375,
      0.4069027272798121
    ],
    "sla_URLLC": [
      0.4696866817772388,
      0.46183078741033873,
      0.45092097371816636,
      0.7037683965762457,
      0.4099739817281564,
      0.45097106258074443,
      0.47170227209726967,
      0.44959210594495136,
      0.5004445196191469,
      0.3531493207812309,
      0.47527388865749043,
      0.47020570412278173,
      0.42526034099360305,
      0.3877567622065544,
      0.43215500444173816,
      0.4187379492322604,
      0.45999764849742253,
      0.49739502559105553,
      0.47349398242930574,
      0.4945206000904242,
      0.4342546276251475,
      0.38831641430656116,
      0.4992427533864975,
      0.4335553280512492,
      0.7542708311478297,
      0.4534694432467222,
      0.4580296174188455,
      0.4663154622912407,
      0.8069027076164882,
      0.4462286886076132,
      0.40238868984083337,
      0.4522237083812555,
      0.42650340383251506,
      0.4620968928436438,
      0.4348918571571509,
      0.8503446531295776,
      0.45336237937211993,
      0.4020482085645199,
      0.43547269850969317,
      0.4188565477728844,
      0.47872933169205983,
      0.48178407569726306,
      0.46892465099692343,
      0.3734118327995141,
      0.2857922353843848,
      0.5021840133517981,
      0.45307832434773443,
      0.38931320240100226,
      0.4196902988106012,
      0.4960693190495173,
      0.38565340762337047,
      0.392071806738774,
      0.4366621866077185,
      0.4938423943022887,
      0.47229392573237416,
      0.46011427325507004,
      0.4667390007774035,
      0.5112833151221275,
      0.4696506546934446,
      0.41247370071709155,
      0.44233477145433425,
      0.46061657538016637,
      0.5045767987767855,
      0.47692012444138526,
      0.5482000393172105,
      0.48990012526512144,
      0.5084672053158283,
      0.47638620421290395,
      0.47273201927542685,
      0.4934696064889431,
      0.479512131686012,
      0.325521040558815,
      0.519945966253678,
      0.501995909884572,
      0.5378415007889271,
      0.5225660445789496,
      0.4779848653574785,
      0.48838362673918406,
      0.4712116877486308,
      0.3273289576669534
    ],