{
  "args": {
    "method": "ewc_ippo",
    "drift": "multi",
    "n_agents": 3,
    "n_slices": 3,
    "horizon": 150,
    "episodes": 80,
    "seed": 1,
    "hidden": 64,
    "ppo_epochs": 4,
    "lr_ippo": 0.0005,
    "severity": 1.5,
    "log_every": 80,
    "outdir": "results"
  },
  "metrics": {
    "episode_reward": [
      36.496726276353,
      34.95346548470358,
      35.606783686205745,
      39.20591849771639,
      31.22384281642735,
      42.63770071913799,
      37.29815832649668,
      34.937103444710374,
      35.40095035980145,
      29.665578660244744,
      37.90845764614642,
      34.6137876107047,
      35.13897695516547,
      33.185213259110846,
      33.93146277591586,
      36.80056000314653,
      33.33594583471616,
      33.56890459917486,
      32.465736751134195,
      35.5248022445788,
      40.870720397681,
      34.278303268676005,
      37.822618578871094,
      36.364857575545706,
      36.635242857659854,
      37.695937937125564,
      38.78163370179633,
      35.01185255497694,
      32.77519721227387,
      38.315188908328615,
      34.85968589720627,
      45.15771362992624,
      38.036753388121724,
      40.87408587274452,
      41.40984907063345,
      36.20499883840481,
      35.70894424493114,
      31.023246282711625,
      36.719123639787234,
      49.38857372229298,
      39.32652822509408,
      37.144104375193514,
      42.55302462478479,
      41.18079404222468,
      37.41741783668598,
      38.564546087135874,
      37.71058093818525,
      42.70339239823321,
      39.078844198336206,
      37.12568325238923,
      33.98604332531492,
      38.012125908086695,
      35.472624112541475,
      43.915530605862536,
      36.68725045025349,
      33.41248981654644,
      36.71126523738106,
      43.01881900429726,
      39.476705596471824,
      35.71036997810006,
      35.79005638509989,
      39.82487010086576,
      34.48650885000825,
      32.99076836369932,
      38.156250650684036,
      40.81333841818074,
      40.37111091737946,
      39.208447094385825,
      42.68082062527537,
      36.698024439935885,
      39.15065171259145,
      38.145418590555586,
      28.750893250728648,
      39.84648583394786,
      34.69684632432958,
      42.22517275375625,
      38.118800876041256,
      40.00180468335748,
      39.299051114047565,
      38.830848690122366
    ],
    "sla_eMBB": [
      0.1689165044079224,
      0.16526090561101833,
      0.1611322318514188,
      0.1575083070869247,
      0.14206936871632933,
      0.14052850440144538,
      0.17977005127817391,
      0.159609247520566,
      0.15656228216364979,
      0.15636881452053786,
      0.20587632134556771,
      0.16290833053489526,
      0.15232256250455975,
      0.16343988640233875,
      0.14908837163820862,
      0.15147032092635832,
      0.16066901066650946,
      0.160030526543657,
      0.16491499699031315,
      0.14903834687545894,
      0.2054359795898199,
      0.15784638814007243,
      0.17836895897363622,
      0.351615393999964,
      0.15296413693577052,
      0.16032917090381185,
      0.16665387738496065,
      0.27780796208108466,
      0.16440605940297245,
      0.14363618627190589,
      0.15786510292440653,
      0.22205474734306335,
      0.16410175789147616,
      0.1497261855006218,
      0.16931232939163843,
      0.3184282387296359,
      0.17483901098370552,
      0.12956289755180478,
      0.1524552688623468,
      0.17823478906104961,
      0.15210629146546126,
      0.15496126492818196,
      0.186556510788699,
      0.19259677169223627,
      0.15213641030093034,
      0.15563558482875425,
      0.16095692674318948,
      0.1833341238220843,
      0.20324044999976953,
      0.17708513205870985,
      0.1629502135825654,
      0.14917986494799454,
      0.1611653342160086,
      0.12144517606124282,
      0.1800269580942889,
      0.12179900918155909,
      0.1510567587055266,
      0.1483371723194917,
      0.15002002901708086,
      0.1553540614123146,
      0.16798592589795588,
      0.1520916809203724,
      0.16949671742195885,
      0.15381910071397822,
      0.15341252092892924,
      0.15873587173720202,
      0.15722514176741242,
      0.15339157852033775,
      0.16759470243627828,
      0.17155158640195925,
      0.16015974160283805,
      0.15667801957577468,
      0.12430473625039061,
      0.15757730181639393,
      0.15732521725197632,
      0.1925132790207863,
      0.15556144166737795,
      0.1453919168996314,
      0.143847463876009,
      0.15128078972299894
    ],
    "sla_URLLC": [
      0.4347028958052397,
      0.4411126773307721,
      0.4473686593025923,
      0.49917904717226824,
      0.3758786757538716,
      0.8017251282930374,
      0.41309495757023496,
      0.42559410706162454,
      0.4297421125570933,
      0.35950274735689164,
      0.394269509986043,
      0.42960265214244525,
      0.4317184460659822,
      0.39832879789173603,
      0.4136006559928258,
      0.4558967207123836,
      0.3920888834198316,
      0.4033678759634495,
      0.40135848939418795,
      0.4371870427330335,
      0.4335510421047608,
      0.3969953888158004,
      0.467276125450929,
      0.29631609658400215,
      0.477481406951944,
      0.45712269430359204,
      0.49480418433745704,
      0.30037066251039507,
      0.41000266502300897,
      0.7018210089206696,
      0.47135447214047116,
      0.45471297894914947,
      0.451403955022494,
      0.5244971785942714,
      0.45505220105250677,
      0.2952300152679284,
      0.42782848596572876,
      0.5298320426046849,
      0.4588858300447464,
      0.6259099293500185,
      0.4772383418182532,
      0.44763258556524915,
      0.46510786429047585,
      0.4355005761484305,
      0.481055391728878,
      0.4771247100333373,
      0.4605836838980516,
      0.46534521855413913,
      0.41991419717669487,
      0.46166763571401437,
      0.41463869710763296,
      0.47839400241772334,
      0.4295809383690357,
      0.8643361576398214,
      0.44213280707597735,
      0.8492926609516144,
      0.43808190951744713,
      0.5307004805405935,
      0.4914617130160332,
      0.4630394360423088,
      0.43405819714069366,
      0.5010123105843862,
      0.4081720753510793,
      0.4049095471203327,
      0.47997201353001095,
      0.4997715948025386,
      0.484053951750199,
      0.47825355634093286,
      0.5245100132624309,
      0.46330555660029255,
      0.4974681009352207,
      0.4794536417225997,
      0.5135705467561881,
      0.4814874565104644,
      0.4406865976254145,
      0.45404151106874147,
      0.4617489609122276,
      0.5138513744870822,
      0.4879768285652002,
      0.49404372995098433
    ],