{
  "args": {
    "method": "ewc_ippo",
    "drift": "multi",
    "n_agents": 3,
    "n_slices": 3,
    "horizon": 150,
    "episodes": 80,
    "seed": 8,
    "hidden": 64,
    "ppo_epochs": 4,
    "lr_ippo": 0.0005,
    "severity": 1.5,
    "log_every": 80,
    "outdir": "results"
  },
  "metrics": {
    "episode_reward": [
      30.883934422706563,
      34.52836478625735,
      34.89784131074945,
      29.560063198829692,
      31.15811098491152,
      37.47560915350914,
      35.40563901451727,
      32.95843445882201,
      38.25481316881875,
      29.196809276317556,
      42.02544564753771,
      32.39820312211911,
      37.79935971647501,
      38.787983405714236,
      38.28608799353242,
      32.385075963412724,
      33.660266199459635,
      41.29493956702451,
      27.647261457517743,
      40.76856514376899,
      33.72305648649732,
      38.696714328601956,
      39.56754487194121,
      29.028803228711087,
      39.765740287179746,
      34.71192512164513,
      33.4635552149266,
      31.004959310715396,
      37.22777247056365,
      39.7070631030947,
      35.07746786251664,
      32.10281474329531,
      38.079169103875756,
      40.00462472252548,
      30.662214596445363,
      37.132940996438265,
      35.403448309749365,
      39.29984937980771,
      34.080491353447236,
      33.59206569008529,
      38.46925448440015,
      34.79343753928939,
      36.78162191559871,
      36.20962195470929,
      37.7594111363093,
      42.12500155096253,
      37.20317211250464,
      38.318083925793566,
      37.774088986838855,
      35.79255842541655,
      37.4789854940027,
      32.420118724927306,
      36.9385469208161,
      38.247034550334014,
      38.11430874901513,
      42.54518749689063,
      40.718528820201755,
      37.95869539740185,
      38.90125595219433,
      34.395409535616636,
      37.602946896106005,
      39.962613244230546,
      35.54935000526408,
      36.80629311005274,
      37.08690855341653,
      39.12763448059559,
      40.64744580412904,
      37.592036581908665,
      37.89908014362057,
      40.448636274163924,
      37.3235299680382,
      38.44300285540521,
      37.31385645021995,
      37.72830978222191,
      35.45139523781836,
      37.561519385005035,
      37.2682834174484,
      42.585821272184454,
      39.9546474913756,
      30.721037846058607
    ],
    "sla_eMBB": [
      0.15969399663309256,
      0.15821968171745537,
      0.17041486099983255,
      0.18596730770543218,
      0.1643182831630111,
      0.48029343894993265,
      0.159480863896509,
      0.1752212669327855,
      0.16188957610478003,
      0.14000931695103647,
      0.20675897645453611,
      0.16233722177644572,
      0.13784967066720127,
      0.17236617907881738,
      0.16097863683477043,
      0.1756707868166268,
      0.16554763949786624,
      0.17400720292081437,
      0.16467505099872748,
      0.1442152956686914,
      0.13471173259740074,
      0.2004057152941823,
      0.1948709708141784,
      0.16681222641219695,
      0.4049228946119547,
      0.17077230302616953,
      0.15840716190015278,
      0.17233446629097066,
      0.17033810142427683,
      0.14991537114605308,
      0.4160643258007864,
      0.16564895695075393,
      0.17547746324911714,
      0.1725361112318933,
      0.17328964289277793,
      0.1543540229772528,
      0.15727737889935572,
      0.17620057767877975,
      0.17722082029484834,
      0.15225972836216292,
      0.19924188713232677,
      0.15763344684615732,
      0.172658023070544,
      0.16344373275836308,
      0.19344171254585188,
      0.14178146665294966,
      0.17635667864233256,
      0.1722909841562311,
      0.1711771619444092,
      0.14983221646398306,
      0.16160830597703654,
      0.16548957644651333,
      0.1546862040211757,
      0.1462857268936932,
      0.17759749054908752,
      0.16605203681314984,
      0.17766266980518897,
      0.1721304132975638,
      0.15711880973229805,
      0.17813528477524718,
      0.1576000928382079,
      0.15163559881970287,
      0.1928717289865017,
      0.16738921660929917,
      0.15403497102980812,
      0.16336144875735045,
      0.17381934648379682,
      0.17483131197591623,
      0.16139400880162916,
      0.1856547906436026,
      0.18329228596140942,
      0.17718262561907372,
      0.17612993640204272,
      0.1687534273167451,
      0.17671121978511414,
      0.16169996448482077,
      0.1638250099805494,
      0.17555972749367357,
      0.1656875257131954,
      0.14022192244107526
    ],
    "sla_URLLC": [
      0.36079219813148183,
      0.41681296601891515,
      0.42410801763335865,
      0.3452348744372527,
      0.392812543263038,
      0.2793797931075096,
      0.4313508816063404,
      0.4052423878510793,
      0.4810121389478445,
      0.5090338073670864,
      0.46454433610041934,
      0.3810894470910231,
      0.6902648344635963,
      0.49343173089126746,
      0.4674034261385289,
      0.38540263911088307,
      0.4164775783320268,
      0.499894578854243,
      0.2989127030223608,
      0.5487628474831581,
      0.8430515253543853,
      0.4239985436201096,
      0.46514888023336726,
      0.337962227165699,
      0.2986097264289856,
      0.3917471271008253,
      0.3918923077483972,
      0.38751557980974516,
      0.44442854161063833,
      0.5284085354705652,
      0.283839657107989,
      0.3828401259581248,
      0.4658770617842674,
      0.48727189511060714,
      0.3443582413593928,
      0.4461944363514582,
      0.42137555884818234,
      0.48523465819656847,
      0.39417793611685437,
      0.4103545145690441,
      0.45740257531404493,
      0.4148274241884549,
      0.4475830415636301,
      0.46026814634601276,
      0.4495867252846559,
      0.7681737591822942,
      0.4528112920373678,
      0.46998678768674534,
      0.4606246830523014,
      0.4369179130345583,
      0.4516959848503272,
      0.38263441806038223,
      0.4596327612300714,
      0.4822069481511911,
      0.486576878229777,
      0.5187481003751357,
      0.4877635777990023,
      0.48160717335840064,
      0.5024152166644732,
      0.40141734257340433,
      0.4673011680940787,
      0.5224408581480384,
      0.3972454813619455,
      0.45238614156842233,
      0.47920746405919395,
      0.476762401436766,
      0.49506271873911223,
      0.4619940140346686,
      0.46864098380009334,
      0.49077291155854863,
      0.4356655748685201,
      0.46229570761322974,
      0.4521178014576435,
      0.481176369736592,
      0.4286170616745949,
      0.4623326259106398,
      0.47032461444536844,
      0.5111195137103398,
      0.4720368059972922,
      0.5204402078191439
    ],