{
  "args": {
    "method": "ewc_ippo",
    "drift": "multi",
    "n_agents": 3,
    "n_slices": 3,
    "horizon": 150,
    "episodes": 80,
    "seed": 6,
    "hidden": 64,
    "ppo_epochs": 4,
    "lr_ippo": 0.0005,
    "severity": 1.5,
    "log_every": 80,
    "outdir": "results"
  },
  "metrics": {
    "episode_reward": [
      40.26498734640578,
      29.65513408370316,
      35.40378546218077,
      34.5697702759256,
      35.24626583357652,
      33.574717865635954,
      38.33308564623197,
      37.7990449902912,
      37.36621540101866,
      37.49038760674497,
      34.28675920019547,
      34.17137920173506,
      36.45193236755828,
      35.43676446378231,
      35.80866778766116,
      33.959519650787115,
      36.20217388123274,
      39.575585878143706,
      30.14455067180097,
      36.23616537141303,
      35.66637321934104,
      31.7773873967429,
      36.49082603181402,
      32.10407363561293,
      35.21487103154262,
      36.920433305203915,
      33.918097258235015,
      33.5085123591125,
      35.28944742990037,
      35.83385462438067,
      36.35069801223775,
      33.335131830225386,
      39.47179848141968,
      36.06694539512197,
      37.99430649355054,
      37.831476184229054,
      30.68704463293155,
      37.173914305865765,
      32.048273747166,
      34.69332586849729,
      37.91913177755972,
      33.3061109619836,
      39.44750037044287,
      34.35044966079295,
      40.68211383000016,
      34.7808587718755,
      38.94861992945274,
      36.21416671015322,
      34.35881561165055,
      30.285296832521755,
      38.72112266533077,
      33.433658650144935,
      42.10601073751847,
      41.36100692984959,
      39.153886534273624,
      32.919000486532845,
      38.68284390183786,
      32.32312553438047,
      33.433544177562,
      37.115275685365,
      36.01375751631955,
      31.689663241306942,
      35.90363657536606,
      34.23296565500399,
      27.963304764901597,
      36.80255022148291,
      37.57859048433602,
      39.00399290397763,
      37.18866911033789,
      39.08557469459871,
      33.955812464778624,
      37.566931360711656,
      45.27182779274881,
      35.746945798397064,
      38.7798324264586,
      34.1946438960731,
      38.07193277776241,
      40.203117279335856,
      38.92321314662695,
      41.153058774769306
    ],
    "sla_eMBB": [
      0.15547932348524532,
      0.16992220784847936,
      0.16260968903079628,
      0.1761674195093413,
      0.4940701969712973,
      0.3534649075071017,
      0.16886233473196627,
      0.1812333808032175,
      0.16914252106721203,
      0.17781737214128954,
      0.1468843493858973,
      0.161806380469352,
      0.16387343992789585,
      0.1668158674115936,
      0.17107355974614621,
      0.16368104273453354,
      0.1607887425397833,
      0.1294095538618664,
      0.16531046075746417,
      0.16337915536637107,
      0.16292662058025598,
      0.1676494362267355,
      0.18448160580048958,
      0.2296297995435695,
      0.1870291255787015,
      0.16350789553796252,
      0.1813582296172778,
      0.17682562818129857,
      0.18292036809648077,
      0.16629773118222754,
      0.16647155507778127,
      0.1841905186139047,
      0.17638357498372595,
      0.15346744786947966,
      0.16161961243798337,
      0.17625229967137176,
      0.18807850010693072,
      0.1698552589211613,
      0.16452120160218328,
      0.16449981436754266,
      0.15868010162065427,
      0.16674216301490863,
      0.1626046991472443,
      0.1819356432495018,
      0.19727860717723766,
      0.16327265511577327,
      0.16623787354057035,
      0.17480535346393783,
      0.16038777537643908,
      0.1471425932087004,
      0.17763670052712163,
      0.16189396455263097,
      0.14637941483408212,
      0.22975372195243834,
      0.20294825789829096,
      0.17154651044557492,
      0.18622706840435663,
      0.17125988646099966,
      0.16822635394831498,
      0.1579867529310286,
      0.17559340837101142,
      0.15864311751599114,
      0.1551092607838412,
      0.17211688335984945,
      0.12226303371911247,
      0.1739384175464511,
      0.16222070357451837,
      0.17855280199398596,
      0.17649482760578394,
      0.1643217367430528,
      0.17237137261157234,
      0.16331221404795845,
      0.2060760951290528,
      0.17075622814397018,
      0.16458436430742343,
      0.17563963488365214,
      0.16435636944758394,
      0.17049656764914592,
      0.14944511981680988,
      0.16678402913113435
    ],
    "sla_URLLC": [
      0.49991988147298494,
      0.35717288344167175,
      0.4513927048444748,
      0.4051105796049039,
      0.2696174844602744,
      0.2740963365137577,
      0.4678593827039003,
      0.4536729210863511,
      0.4514846516648928,
      0.47743528184791406,
      0.43812687988082566,
      0.4158611572533846,
      0.4477455483873685,
      0.43762110290428,
      0.4501599328219891,
      0.4158643953502178,
      0.45859517335891725,
      0.7405091482400894,
      0.3893150239686171,
      0.449822142769893,
      0.4399189561357101,
      0.38665093913674353,
      0.4318034650882085,
      0.3172168055952837,
      0.4234342700242996,
      0.44544023523728055,
      0.40818515996138255,
      0.40628657485047975,
      0.41756592417756716,
      0.4424935315797726,
      0.427577210466067,
      0.3897690445681413,
      0.47773931046326956,
      0.41108824864185106,
      0.47246899306774137,
      0.4522236089905103,
      0.3458573152124882,
      0.45299474308888116,
      0.36588458448648453,
      0.43057432847718397,
      0.5020400496323904,
      0.4012793081998825,
      0.4970073668162028,
      0.42994998584191,
      0.42757836225132145,
      0.4304376352826754,
      0.4625378531217575,
      0.4286218564709028,
      0.4403434467315674,
      0.4792371772726377,
      0.4691847704599301,
      0.41786210728188355,
      0.7874226641654968,
      0.42281846379240356,
      0.4587642857432365,
      0.39855251714587214,
      0.47361063840488593,
      0.3893661146859328,
      0.4177218667666117,
      0.46397410601377487,
      0.445248425056537,
      0.39254987945159275,
      0.4628926679988702,
      0.4103510991235574,
      0.5057075844829281,
      0.4404162480433782,
      0.4755193889637788,
      0.46574593770007294,
      0.4469925663371881,
      0.46955253745118775,
      0.4067680325607459,
      0.4810836356878281,
      0.49951245772341885,
      0.47119686524073284,
      0.4566179645806551,
      0.4090988035003344,
      0.4846421544253826,
      0.4841898187994957,
      0.5024998681495587,
      0.5113804714381694
    ],