{
  "args": {
    "method": "ewc_ippo",
    "drift": "multi",
    "n_agents": 3,
    "n_slices": 3,
    "horizon": 150,
    "episodes": 80,
    "seed": 0,
    "hidden": 64,
    "ppo_epochs": 4,
    "lr_ippo": 0.0005,
    "severity": 1.5,
    "log_every": 80,
    "outdir": "results"
  },
  "metrics": {
    "episode_reward": [
      35.07623448098699,
      31.107192983229954,
      35.36668238975108,
      33.850848980247974,
      34.96768870266775,
      36.61691966839135,
      33.2237655458351,
      30.588403942684334,
      34.67918315902352,
      39.641256691267095,
      33.89160415716469,
      36.61519616780182,
      34.21959423956772,
      32.21164943960806,
      34.50240870130559,
      36.30038668525716,
      36.313001699124776,
      30.096821706121165,
      44.629763631771006,
      37.50803927021722,
      38.79769239202142,
      33.7422499936074,
      32.61606201094886,
      36.182562256231904,
      33.331886000310384,
      31.05758547410369,
      42.36486674596866,
      34.340622628728546,
      36.44869966804981,
      32.71431818045676,
      33.6293355251352,
      32.42008899524808,
      37.453034453094006,
      40.88424165174365,
      32.46917442853252,
      26.535202101493876,
      34.09569373664757,
      38.56051219440997,
      36.268672766163945,
      32.25356215238571,
      32.57521885757645,
      33.11118199427923,
      35.99098258651793,
      35.03391659321884,
      37.90070256839196,
      36.31749436569711,
      33.81002524805566,
      32.02087069737414,
      43.122670247529946,
      34.42189933732152,
      36.34097068011761,
      35.904128474493824,
      37.025856455788016,
      32.454231499383845,
      34.208175959686436,
      39.57161446598669,
      33.40971450818082,
      41.68687514215708,
      37.86781755400201,
      34.435793302332364,
      36.820482140406966,
      32.032423063491784,
      38.27530378227433,
      39.56449957626561,
      33.78029998888572,
      37.41205856887003,
      38.547642946864165,
      36.0933663447698,
      34.5382759279261,
      36.298976100981236,
      35.60155041702092,
      38.419807106877364,
      34.87230312017103,
      34.350507067516446,
      37.573803431664906,
      39.64637679296235,
      41.586805215726294,
      38.4369958397001,
      31.94160218226413,
      40.27683352306485
    ],
    "sla_eMBB": [
      0.16261284561206898,
      0.15924203862125674,
      0.1598071224677066,
      0.17154858395457268,
      0.1522439663670957,
      0.15829178920015693,
      0.16411457411323985,
      0.16830185818796356,
      0.17364773843437434,
      0.1623616955305139,
      0.16927717342972756,
      0.15946829175576568,
      0.15114957235132653,
      0.14839119015261532,
      0.1504080092906952,
      0.15245358367760975,
      0.17198909241706134,
      0.16623380388404863,
      0.7362973351217806,
      0.168057116450121,
      0.1517321607656777,
      0.16462582210699717,
      0.1534640815357367,
      0.2979012470071514,
      0.1604366642733415,
      0.11314937073737383,
      0.2319166955103477,
      0.1546849489212036,
      0.4109707849783202,
      0.15938838449617226,
      0.15064898861572146,
      0.29314211258043843,
      0.14491519646098217,
      0.18014170535529653,
      0.15697147839392225,
      0.12779884277532497,
      0.14716191370040177,
      0.16949408744772276,
      0.18589542324344316,
      0.16030047817155718,
      0.19297265257686377,
      0.1823596426906685,
      0.17323354532321295,
      0.17292847324783603,
      0.1675319050749143,
      0.16757476299380264,
      0.15737744834274053,
      0.17001059491808215,
      0.22738513541718325,
      0.347062315531075,
      0.16257269974797964,
      0.16082481866081555,
      0.16846198563774425,
      0.18517577804004154,
      0.16404848139733075,
      0.16345831835021576,
      0.16137371458734076,
      0.13684481610233584,
      0.24417158804833888,
      0.1703559477441013,
      0.17967838673541944,
      0.1531405419204384,
      0.14587469178562362,
      0.17665145698934792,
      0.17636747085178892,
      0.16741877200702826,
      0.17172024322052798,
      0.1469060025239984,
      0.1493157021763424,
      0.36273740511387587,
      0.15158707378432154,
      0.3741379366628826,
      0.17572087574129303,
      0.17212192758917808,
      0.16452479377388954,
      0.17226082579543192,
      0.1443457083652417,
      0.18007916942238808,
      0.19930765882134438,
      0.16080558049182098
    ],
    "sla_URLLC": [
      0.4234294616182645,
      0.3729200925429662,
      0.42210797652602194,
      0.40252365698417025,
      0.43848188638687136,
      0.4418758093814055,
      0.4159242702027162,
      0.3386115076641242,
      0.4236033687243859,
      0.4851622207959493,
      0.3960770269234975,
      0.4214082470039527,
      0.3986855792502562,
      0.3718123004833857,
      0.42260694588224096,
      0.46678932386140026,
      0.43816753710309664,
      0.27554492870966596,
      0.292686507627368,
      0.4556644043574731,
      0.47906233797470726,
      0.4120600599050522,
      0.41037316173315047,
      0.30173931571344537,
      0.40706745649377507,
      0.7940586133797963,
      0.4332033707201481,
      0.4242869887501001,
      0.28336536121865114,
      0.4062648467719555,
      0.41885815540949506,
      0.27317129289110503,
      0.4575053604692221,
      0.48482169282933074,
      0.41523764389256634,
      0.48233898522953195,
      0.42301177226006986,
      0.47657897939284644,
      0.42765024249752365,
      0.41412318401038645,
      0.3820774984359741,
      0.38625380501151085,
      0.42233340340356035,
      0.40726007960736754,
      0.4465292522062858,
      0.4469240854183833,
      0.42422906662027043,
      0.37574147487680115,
      0.4573159216841062,
      0.288138223066926,
      0.46982615316907567,
      0.4519019856552283,
      0.4343104188640912,
      0.7473615576823552,
      0.4372634350260099,
      0.47590923170248667,
      0.41571971197923024,
      0.7693413086732228,
      0.3759262495984634,
      0.40107742384076117,
      0.40373404301702975,
      0.38221417625745135,
      0.473751701960961,
      0.47865994304418563,
      0.3971910304327806,
      0.4667966684202353,
      0.4834068463742733,
      0.4635252052048842,
      0.43821099201838176,
      0.29705557649334274,
      0.4692821958661079,
      0.3068370378762484,
      0.4346410457293193,
      0.4290858537952105,
      0.4458395196000735,
      0.4517597980797291,
      0.5094806276261806,
      0.46994168043136597,
      0.3390521938850482,
      0.48176510507861775
    ],