{
  "args": {
    "method": "ewc_ippo",
    "drift": "multi",
    "n_agents": 3,
    "n_slices": 3,
    "horizon": 150,
    "episodes": 80,
    "seed": 3,
    "hidden": 64,
    "ppo_epochs": 4,
    "lr_ippo": 0.0005,
    "severity": 1.5,
    "log_every": 80,
    "outdir": "results"
  },
  "metrics": {
    "episode_reward": [
      33.262009682133794,
      37.63727636386951,
      33.18999110534787,
      35.422901989892125,
      35.056883066892624,
      34.02508342266083,
      33.317221234863005,
      35.015785275648035,
      33.26635405855874,
      33.538107573365174,
      39.44041336514056,
      38.12451193792125,
      36.80183138449987,
      36.560021759321295,
      35.940588703999914,
      38.819063962747656,
      37.169520419090986,
      36.12245109242698,
      38.20635506634911,
      38.444897175456084,
      39.13688423857093,
      38.964180336644255,
      38.01647034411629,
      38.99507795770963,
      35.26195580077668,
      35.287334302440286,
      42.35444125098487,
      35.31384088409444,
      32.26159087071816,
      31.086792507519323,
      38.601808705056705,
      34.618065221856035,
      30.937644608318806,
      36.895069167638816,
      37.807364866758384,
      36.00169981519381,
      39.77394294925034,
      40.72039471877118,
      39.278334003562726,
      39.4302109486113,
      42.96606269106269,
      42.59231883473694,
      33.836302454272904,
      33.68124156507353,
      33.02077955752611,
      32.46926038712263,
      36.815815430755414,
      34.42228037305176,
      31.741251971572638,
      35.098921324436866,
      38.177250972017646,
      35.43578423187137,
      36.325288009519376,
      39.461789824689426,
      41.31122330762446,
      39.27767766018709,
      43.84951653517783,
      32.50609768430392,
      39.28544032635788,
      41.99538002535701,
      32.656829215586185,
      39.60518212368091,
      38.32665856803457,
      32.3876340650022,
      39.05499751865864,
      37.545411156490445,
      35.837374755491815,
      38.718332663178444,
      36.943457835664354,
      44.97301189415157,
      38.98726845843097,
      38.340810638541974,
      35.75023152679205,
      36.93898665097853,
      38.89109623121718,
      39.63132403666774,
      37.14751782206198,
      37.107210160543524,
      36.18141790851951,
      42.54591536273559
    ],
    "sla_eMBB": [
      0.1599993810678522,
      0.45582271222646037,
      0.15760542217642068,
      0.19285771784062186,
      0.29738679332037765,
      0.16395682197685044,
      0.1612954817091425,
      0.17772056616221865,
      0.16776687998324633,
      0.1586871976715823,
      0.1919385458001246,
      0.1690817095215122,
      0.16277060499414803,
      0.1632457527394096,
      0.12798105351005992,
      0.17051615544905266,
      0.1516637091214458,
      0.15966699258734782,
      0.17656390594318508,
      0.16095107247432072,
      0.15585389463851848,
      0.15609451657781998,
      0.1986431124061346,
      0.15313374249575037,
      0.1772220697812736,
      0.1582576740036408,
      0.5931698666575055,
      0.17548835918307304,
      0.16366446825365225,
      0.1787869010741512,
      0.1650234259540836,
      0.16554417034611105,
      0.11473530439659953,
      0.20463634411493936,
      0.2632055830582976,
      0.16862607518831887,
      0.17440220705543955,
      0.18391152100016672,
      0.21224834067126117,
      0.16424853498116135,
      0.16746701803058386,
      0.17231399779518444,
      0.17197137707223495,
      0.1628827087705334,
      0.14855569565668703,
      0.17398609230915704,
      0.16539463285977643,
      0.1592384900835653,
      0.16007559698075055,
      0.16737049418811997,
      0.15249181738123296,
      0.17398147892206908,
      0.19629039969916146,
      0.15885966133326293,
      0.17654422439013917,
      0.16518626869345704,
      0.18429808042943477,
      0.17062312187626957,
      0.17264432962983847,
      0.1794567359176775,
      0.11878043537338574,
      0.16039317348351081,
      0.1674720307563742,
      0.17083152669171492,
      0.1779010721730689,
      0.1748499966536959,
      0.16340232351173958,
      0.17299338256319363,
      0.1927536009127895,
      0.23692266436914602,
      0.16759983231623968,
      0.16341422222554683,
      0.18117958471179008,
      0.1709899588736395,
      0.16113176897789042,
      0.17240876785169046,
      0.15474634417022268,
      0.1638399499282241,
      0.169850842282176,
      0.16165013182287416
    ],
    "sla_URLLC": [
      0.3992625678082307,
      0.2868739766130845,
      0.40381828635931016,
      0.4088329918682575,
      0.28975472583125034,
      0.4183333651473125,
      0.3977545508742332,
      0.435839952925841,
      0.4031463043329616,
      0.42115811636050543,
      0.4741897293925285,
      0.4568515537679195,
      0.44804929037888847,
      0.44782067532340686,
      0.6574401368697484,
      0.47183278247714044,
      0.45196578904986384,
      0.45468143954873086,
      0.48004657509426274,
      0.4918032495677471,
      0.4874623862405618,
      0.7136990487575531,
      0.3995233995219072,
      0.48600043619672456,
      0.43735316435496013,
      0.42021786083777746,
      0.30672162572542827,
      0.43059062922994296,
      0.38802702764049174,
      0.35577610759064554,
      0.4600461887816588,
      0.41955951422452925,
      0.8009815839926402,
      0.37805148276189965,
      0.3191460681458314,
      0.4226497013866901,
      0.474452145298322,
      0.4883293444911639,
      0.4327386173605919,
      0.49038841513295967,
      0.7897328275442124,
      0.5112931815783183,
      0.3895082154870033,
      0.3954860630631447,
      0.4984016358355681,
      0.37257774170488117,
      0.46576041236519816,
      0.42570166329542797,
      0.3818022903054953,
      0.4337890361249447,
      0.46193856067955497,
      0.42088940714796386,
      0.4927309349179268,
      0.49489280832310517,
      0.5116703056792418,
      0.4839965836455425,
      0.5257474268972874,
      0.37521494954824447,
      0.4838679597278436,
      0.5312189075529264,
      0.867194471359253,
      0.49144300234814486,
      0.47494971777002015,
      0.40229171339422465,
      0.4923122635980447,
      0.46299617514014246,
      0.44969139685233434,
      0.49602759420871734,
      0.4240921997030576,
      0.4490326218493283,
      0.4732957316438357,
      0.46936720214784144,
      0.4434455318748951,
      0.45029115209976833,
      0.47528619612256684,
      0.48734657287597655,
      0.4711247490098079,
      0.46199155141909914,
      0.4199833046893279,
      0.5252429321904977
    ],