{
  "args": {
    "method": "ewc_ippo",
    "drift": "multi",
    "n_agents": 3,
    "n_slices": 3,
    "horizon": 150,
    "episodes": 80,
    "seed": 7,
    "hidden": 64,
    "ppo_epochs": 4,
    "lr_ippo": 0.0005,
    "severity": 1.5,
    "log_every": 80,
    "outdir": "results"
  },
  "metrics": {
    "episode_reward": [
      35.14780965819955,
      36.62710713967681,
      33.42218331371745,
      34.358845549325146,
      34.46521266674002,
      38.04312616524597,
      35.620616890490055,
      39.61356557595233,
      34.13789552077651,
      35.67356676297883,
      34.69555818165342,
      37.84751800571879,
      32.82727622054517,
      33.132618963097535,
      34.957579880952835,
      39.4830011750261,
      28.78833131181697,
      32.485004867737494,
      30.46599625609815,
      29.88362992182374,
      35.01734374215206,
      30.32149859579901,
      37.14324743921558,
      36.10850868746638,
      33.939325277383126,
      36.514424071336784,
      37.852446027720966,
      36.22304783761501,
      38.4308008843412,
      32.77721651829779,
      41.000219746803246,
      33.913680862014495,
      30.127947311848402,
      34.219449484720826,
      34.775069830939174,
      28.301528779168923,
      34.749066816022,
      36.68521811875204,
      34.67160004377365,
      38.163877384116255,
      34.916238720839225,
      37.381728287165366,
      36.67695626989007,
      40.36799584204952,
      28.948061360046268,
      32.995904253174864,
      38.54552134871483,
      36.19612651256224,
      36.992188642422356,
      32.21486775825421,
      30.173473542556167,
      38.37869771694144,
      33.939129723856844,
      38.964018270373344,
      33.63774172899624,
      38.471199076622725,
      35.2052535880357,
      31.49283798225224,
      43.22956348521014,
      36.47973038007816,
      35.63744908260802,
      36.85273932106793,
      30.631704757610958,
      37.21793253161013,
      38.8176840711385,
      33.32586011104286,
      38.763446617250644,
      35.470357074712716,
      33.65311927720904,
      40.32064895145595,
      37.686585541193686,
      39.64424607468148,
      38.786852772037186,
      40.69100502009193,
      40.69625254596273,
      38.06429047572116,
      36.19820621299247,
      36.845824694881834,
      39.98910423492392,
      34.94145289435983
    ],
    "sla_eMBB": [
      0.1684435497907301,
      0.16870379349216819,
      0.17017130778481562,
      0.1403813283642133,
      0.1528545097199579,
      0.15360044851899146,
      0.3824048010384043,
      0.1751202776779731,
      0.158141846327732,
      0.18746644450972477,
      0.16718282796442507,
      0.1678083566793551,
      0.15449148746207356,
      0.16274811402584116,
      0.16828473505253594,
      0.21949391509095828,
      0.1702236656534175,
      0.17662760172660152,
      0.16087694566696883,
      0.1703558780439198,
      0.1578171463869512,
      0.1755157649392883,
      0.16421377958108982,
      0.18700722857067983,
      0.1642924527513484,
      0.19066796495268742,
      0.15607482014844815,
      0.21790187122921148,
      0.15140391950805981,
      0.16470882760360836,
      0.19608952154715856,
      0.1777287888340652,
      0.15453282977764804,
      0.1721377329652508,
      0.17781734286497036,
      0.1747766952899595,
      0.17908108942831555,
      0.16140025941034158,
      0.16723347193251054,
      0.1893854121553401,
      0.17654031289741398,
      0.16121835409353177,
      0.1481474536533157,
      0.1608361603381733,
      0.13957646961013476,
      0.12935215630258123,
      0.1683619248898079,
      0.1607739753338198,
      0.15951736896609267,
      0.1614890641098221,
      0.14160978253309925,
      0.1716936537134461,
      0.15808262946705023,
      0.1669535437723001,
      0.17696401486173272,
      0.17069470286369323,
      0.1527434541285038,
      0.15357318704947828,
      0.21024125941097738,
      0.1610897007212043,
      0.15710906519864995,
      0.1892200519889593,
      0.1607808621538182,
      0.21965028438717127,
      0.17411058830718198,
      0.1668549578823149,
      0.1657747134193778,
      0.18087723237772782,
      0.16867784870167574,
      0.19723238820830982,
      0.19775662168860436,
      0.20388164556274813,
      0.17527882918094595,
      0.15244174051408965,
      0.15279566501577696,
      0.16972849138701956,
      0.1803604424993197,
      0.15082128329823413,
      0.15579570120200514,
      0.1822997962186734
    ],
    "sla_URLLC": [
      0.43259335701664287,
      0.45677215019861855,
      0.38482463752230006,
      0.6080482731262843,
      0.6101616374651591,
      0.4704729541639487,
      0.2899925341208776,
      0.4798284916579723,
      0.43204591115315755,
      0.4086417619884014,
      0.40859635643661024,
      0.463600391348203,
      0.4102772831420104,
      0.4161654420072834,
      0.4417831823726495,
      0.4186067506670952,
      0.33184470248719056,
      0.38822359750668206,
      0.3651008099317551,
      0.3573987325032552,
      0.42737499689062436,
      0.32859450216094654,
      0.45183500622709594,
      0.3939855261147022,
      0.4031746771931648,
      0.41679862966140113,
      0.48754383673270546,
      0.3750154871741931,
      0.49280316395064194,
      0.5069205984969933,
      0.4416491926958164,
      0.40446695044636727,
      0.7381622830033302,
      0.4006472464402517,
      0.4395319011559089,
      0.2994617608934641,
      0.405849279910326,
      0.43877232072254024,
      0.438841895510753,
      0.46148694107929866,
      0.42004433463017143,
      0.463494435151418,
      0.44780499845743177,
      0.5097149850428104,
      0.4810150486975908,
      0.8449769377708435,
      0.4811136501530806,
      0.4366082418461641,
      0.4642178072035313,
      0.38359876349568367,
      0.4864870631446441,
      0.4436003811409076,
      0.4158150534828504,
      0.46081295132637023,
      0.3849124146004518,
      0.46843970343470576,
      0.41901147621373336,
      0.49026880870262785,
      0.45731122384468714,
      0.4661188668012619,
      0.4322825550039609,
      0.4389554552982251,
      0.3683879255255063,
      0.38003256974120936,
      0.46984514554341633,
      0.39749749439458054,
      0.48353064512213073,
      0.40106509124239287,
      0.41456861262520156,
      0.47318195496996246,
      0.46299042532841367,
      0.4218138441443443,
      0.4590375706553459,
      0.5032000134885312,
      0.49818464602033297,
      0.4675782459477584,
      0.4272475578635931,
      0.4404385929306348,
      0.4869970593849818,
      0.5078154096007347
    ],