{
  "args": {
    "method": "ippo",
    "drift": "multi",
    "n_agents": 6,
    "n_slices": 5,
    "horizon": 150,
    "episodes": 80,
    "seed": 3,
    "hidden": 64,
    "ppo_epochs": 4,
    "lr_ippo": 0.0005,
    "severity": 1.5,
    "log_every": 80,
    "outdir": "results"
  },
  "metrics": {
    "episode_reward": [
      12.238992739779254,
      16.3563402282695,
      13.406765989338359,
      15.902717878421148,
      13.647307292868694,
      19.473916630260646,
      15.66535516579946,
      17.512374029494822,
      15.246693462754289,
      14.610291396267712,
      14.49740583791087,
      14.876570672728121,
      14.424612838464478,
      13.448777662900588,
      17.45665536634624,
      18.8455351870507,
      17.004947178065777,
      15.76156902934114,
      14.965321613165239,
      17.349312296758097,
      14.412682917589942,
      18.649371589533985,
      20.241184582933784,
      17.643330140970647,
      18.89916984923184,
      24.525288086074095,
      22.12359897978604,
      23.214636638760567,
      21.087428679689765,
      33.861186097065605,
      24.9178955135867,
      28.114855094191928,
      26.773979526013136,
      26.857727789940935,
      32.54792245943099,
      31.36324743522952,
      30.469204592828948,
      28.294484643576045,
      30.567965746857226,
      32.108964781587325,
      31.356587294799585,
      32.50068985670805,
      33.55260260589421,
      34.834762920315065,
      33.76866955930988,
      34.79908918061604,
      38.42175511736423,
      37.909432517675064,
      36.7742257428666,
      36.55900739443799,
      28.180939888892073,
      41.60674061191579,
      40.232757637277246,
      27.80153412837535,
      44.18660083537301,
      41.382102533864476,
      42.12376687520494,
      45.31375188690921,
      40.72599108827611,
      41.81229258328676,
      41.61412579752505,
      41.366311063058674,
      43.17452027710775,
      42.160919315492116,
      42.63152225129306,
      53.73356405645609,
      45.488110338027276,
      44.08648432263484,
      43.1193008730188,
      42.92490709014237,
      55.443278938531876,
      43.482222332929574,
      29.53998647381862,
      47.26310626976192,
      45.23270768703272,
      49.19807967636734,
      45.93040188215673,
      46.793002815296255,
      44.56584007665515,
      31.517110315461952
    ],
    "sla_eMBB": [
      0.0922758139607807,
      0.10208010965337357,
      0.09155967564632496,
      0.09895740550011396,
      0.09465670955677827,
      0.07627205694715182,
      0.09450206596404315,
      0.10617769523523748,
      0.09712570665404201,
      0.09414243303239346,
      0.08405440956354142,
      0.09202532591919105,
      0.08496981715705866,
      0.09796396065503359,
      0.09496227020397782,
      0.08980539167299867,
      0.08269825207690398,
      0.0854762944020331,
      0.08486299642982582,
      0.07811443434407314,
      0.0683025217956553,
      0.08775864486272136,
      0.07897158037871123,
      0.07667674712836742,
      0.06178782617673278,
      0.08141566620518764,
      0.06982243756453196,
      0.0711473260509471,
      0.07099483671908577,
      0.07200963512063026,
      0.06450799623504282,
      0.05591358091061314,
      0.06127213000630339,
      0.04938570559645693,
      0.06107936316480239,
      0.04791258939231435,
      0.04946209793910384,
      0.0545618957762296,
      0.04187643595660726,
      0.048510952598104874,
      0.044729252907757956,
      0.05073120854794979,
      0.04287565882628163,
      0.04570254073788722,
      0.0410158199382325,
      0.04422237699851394,
      0.0394895346959432,
      0.035682754100610815,
      0.0313091733896484,
      0.037600170044849314,
      0.03280686123296619,
      0.03930485801150401,
      0.04033768578742941,
      0.02486120183641712,
      0.03235018334041039,
      0.035432453956454994,
      0.038147910522917904,
      0.02344230675448974,
      0.03086338521912694,
      0.019845056490351756,
      0.024834883293757836,
      0.02201535298799475,
      0.017777879281590383,
      0.016842379755786775,
      0.021916182587544124,
      0.01868585730281969,
      0.017640663391600052,
      0.021953334103648862,
      0.015466292131071289,
      0.018892085005839665,
      0.017883607012530167,
      0.01721531791612506,
      0.020189477962752184,
      0.014023417606949806,
      0.017822001832537352,
      0.020743188994626204,
      0.015370519848850865,
      0.016556196995079518,
      0.012365505614628394,
      0.014827175959944726
    ],
    "sla_URLLC": [
      0.19668768775338927,
      0.26990066569919385,
      0.1963379126791066,
      0.24791228398680687,
      0.20745688137908777,
      0.381182546466589,
      0.20911608236531418,
      0.23763676054775715,
      0.1999586743613084,
      0.2186566980369389,
      0.23017003444333872,
      0.2205323840677738,
      0.17232949311534565,
      0.1970031336694956,
      0.2909729632238547,
      0.18405194277564685,
      0.21214177104334037,
      0.2132908606280883,
      0.1778213395550847,
      0.2458620641628901,
      0.46166717901825904,
      0.2498547081152598,
      0.25869417764246466,
      0.268101145774126,
      0.6051252563794454,
      0.3209660353511572,
      0.27453450185557204,
      0.38612373821437357,
      0.3200231891622146,
      0.3655862578749657,
      0.3492090691626072,
      0.41640206376711525,
      0.3539920803407828,
      0.3796763763576746,
      0.38942305468022825,
      0.4632172381381194,
      0.4244335318605105,
      0.4253821825236082,
      0.4301356268425783,
      0.45933816333611804,
      0.41663741099337737,
      0.7430402382214865,
      0.4627406313021978,
      0.49321778446435927,
      0.48162591228882473,
      0.5014941378434499,
      0.5695640695095062,
      0.5120737889409065,
      0.5240831171472867,
      0.5033337565263113,
      0.5619888281822205,
      0.5995304250717163,
      0.5702816275755564,
      0.5505411932865779,
      0.5489776057004928,
      0.5618227104345958,
      0.5878475932280223,
      0.39511905997991564,
      0.9275715514024099,
      0.6430926406383515,
      0.5649922630190849,
      0.5973452535271645,
      0.6314072388410569,
      0.5765256557861964,
      0.5791236383716265,
      0.5724390882253647,
      0.6643588204185168,
      0.6614400949080785,
      0.6490345884362857,
      0.6218826233347257,
      0.6068246984481811,
      0.605287850399812,
      0.9655038885275523,
      0.6319827723503113,
      0.6065151477853458,
      0.7358649174372355,
      0.6511895217498144,
      0.6811323541402817,
      0.6022438769539197,
      0.9751811106999715
    ],