{
  "args": {
    "method": "ippo",
    "drift": "multi",
    "n_agents": 3,
    "n_slices": 3,
    "horizon": 150,
    "episodes": 80,
    "seed": 8,
    "hidden": 64,
    "ppo_epochs": 4,
    "lr_ippo": 0.0005,
    "severity": 2.0,
    "log_every": 80,
    "outdir": "results"
  },
  "metrics": {
    "episode_reward": [
      29.99762302575012,
      33.311001194020115,
      34.26696353405714,
      29.0153349408259,
      30.50819417958458,
      35.88026538056632,
      34.1366497669369,
      32.73091029499968,
      38.063393546268344,
      29.444864142065246,
      42.00864554631213,
      33.801326870918274,
      39.332770931224026,
      39.35914182538787,
      39.449747648090124,
      35.07671366383632,
      36.45132936164737,
      41.73939830375215,
      30.203059842189152,
      41.24502316613992,
      33.76778944209218,
      41.77198298027118,
      40.57349984223644,
      36.18120381422341,
      41.35025681493183,
      39.30538329295814,
      39.18808789116641,
      35.77339571714401,
      39.884389755005635,
      40.83280347225567,
      38.95928937382996,
      40.61414645425975,
      42.42047427780926,
      44.520035891483225,
      43.35952848009765,
      44.18992932947973,
      42.40249616590639,
      45.460325737173356,
      44.90352626579503,
      47.750121139610805,
      47.3456480478247,
      46.38738495359818,
      45.20557307700316,
      45.9559683483094,
      45.994845685859524,
      49.58917993307114,
      46.732719319562115,
      47.32870856362084,
      46.64738540972272,
      45.83640088265141,
      47.31832918648919,
      45.83946751368543,
      46.90587053385874,
      46.84783828444779,
      51.97887013107538,
      53.76946131139994,
      51.22557940520346,
      48.36046153989931,
      48.41711335505048,
      48.282220455507435,
      49.32845716613034,
      49.39715529295305,
      54.2780698252221,
      49.68562820057074,
      51.04110335931182,
      49.70670836170515,
      49.88817721605301,
      51.05719895660877,
      50.546403755123414,
      50.762303156778216,
      49.96244150151809,
      50.54109929998716,
      51.17834976377586,
      58.97705097620686,
      51.927617490912475,
      50.47950593568385,
      51.36471939024826,
      51.80519481189549,
      51.296155224864684,
      37.02517846475045
    ],
    "sla_eMBB": [
      0.1566462218016386,
      0.1550951832657059,
      0.16839186643560727,
      0.17902301476026575,
      0.16314784660935402,
      0.496478972590218,
      0.15518786404281854,
      0.1698068713893493,
      0.15571133493756253,
      0.1348980090332528,
      0.20874102093279362,
      0.162542709633708,
      0.12882192867497602,
      0.16269686249395213,
      0.16106854824970165,
      0.172742907187591,
      0.16925684461990992,
      0.1720896830347677,
      0.15955145318061115,
      0.14573995100334286,
      0.12490626212830346,
      0.19791279350717864,
      0.19538447017470995,
      0.17215924929827453,
      0.41055728966370225,
      0.17719632446765898,
      0.16130968308697144,
      0.1706323442235589,
      0.16867009778817496,
      0.14258835542947054,
      0.33979624539613723,
      0.16697360646290083,
      0.16394799550995232,
      0.1768667259439826,
      0.17600554248318076,
      0.14827385064214468,
      0.15422828511645398,
      0.18018320800736545,
      0.17380655487378438,
      0.15448949123422304,
      0.19360607015589873,
      0.15858956126496196,
      0.16470954816167555,
      0.16755892938623826,
      0.17343387357890605,
      0.12590359137703974,
      0.16721993793422976,
      0.1703811855179568,
      0.17161078005408248,
      0.1550679738136629,
      0.1622730224703749,
      0.16827305049325028,
      0.16186406891793012,
      0.15903430281206965,
      0.19026966801534095,
      0.1678073141661783,
      0.1879167750912408,
      0.17845167798921466,
      0.17439235239600143,
      0.17201523682723444,
      0.1700246644951403,
      0.1713688226416707,
      0.2106637597332398,
      0.18335795750220615,
      0.16645427782088518,
      0.1840772852115333,
      0.19395636510103942,
      0.1946719864755869,
      0.19579590567077199,
      0.1924784050323069,
      0.19353915011510253,
      0.18794952537864446,
      0.19014681074147424,
      0.17117886054019132,
      0.1829438580820958,
      0.17726441820462543,
      0.17957960702478887,
      0.18166696574538946,
      0.1816161687920491,
      0.14804624688501158
    ],
    "sla_URLLC": [
      0.3561967400709788,
      0.39377776995301245,
      0.42162339051564535,
      0.34630846964816253,
      0.38877304501831533,
      0.26805925312141576,
      0.42610598901907604,
      0.40635953361789384,
      0.48736417810122173,
      0.5137847447395325,
      0.4661555615067482,
      0.4061441439886888,
      0.7365829064448675,
      0.5077187748998404,
      0.49364918887615206,
      0.4305120411763589,
      0.46493324264883995,
      0.5126712274054687,
      0.35789632682998973,
      0.5298540997008483,
      0.8716526321570078,
      0.46269997462630275,
      0.485658995260795,
      0.4503590295215448,
      0.3159794339289268,
      0.4634615509212017,
      0.4712872545917829,
      0.4439083327849706,
      0.4785390725483497,
      0.5319825970629851,
      0.3265156525870164,
      0.48775130793452265,
      0.5269122226039569,
      0.5472506674627463,
      0.5093118672569593,
      0.563759924719731,
      0.5472033098340034,
      0.5630868715047836,
      0.5485540584723154,
      0.612340182463328,
      0.6136863269408543,
      0.5905460210641226,
      0.5582678729792436,
      0.5779151773452759,
      0.5905624934534232,
      0.9464070701599121,
      0.5855665366351605,
      0.5944338846703371,
      0.6152038863301277,
      0.5784844480454922,
      0.5898015538354715,
      0.5770966574549675,
      0.5970896270871162,
      0.6158548861742019,
      0.6789417684078216,
      0.7065386268496513,
      0.63206274330616,
      0.6086316378911336,
      0.6191910244027774,
      0.6178971497217814,
      0.638680845797062,
      0.6422850506504377,
      0.6019573091467222,
      0.6250259695450465,
      0.647493746181329,
      0.6141688602169355,
      0.6332262194156647,
      0.6814608121414979,
      0.647525284687678,
      0.6408672222495079,
      0.6398140833775202,
      0.6193346409996351,
      0.6414734043677648,
      0.7652346418301265,
      0.6495794180035591,
      0.6062752732634544,
      0.6422341746091843,
      0.6493367289503416,
      0.61739400913318,
      0.6014586569368839
    ],