{
  "args": {
    "method": "ippo",
    "drift": "multi",
    "n_agents": 3,
    "n_slices": 3,
    "horizon": 150,
    "episodes": 80,
    "seed": 9,
    "hidden": 64,
    "ppo_epochs": 4,
    "lr_ippo": 0.0005,
    "severity": 1.0,
    "log_every": 80,
    "outdir": "results"
  },
  "metrics": {
    "episode_reward": [
      34.95235860658189,
      28.674108310292166,
      35.635588102663554,
      36.91367626811067,
      36.48425600181023,
      37.12421317088107,
      38.07116785210868,
      38.284170084943376,
      33.60152701226374,
      33.54260113711158,
      34.15256926293174,
      39.48662189704677,
      39.98363837351402,
      40.94317183767756,
      42.734476436550416,
      39.655208537975945,
      42.36931422414879,
      37.241425693035126,
      37.73842475749552,
      38.213840114573635,
      38.55682647538682,
      41.463819367190204,
      37.63617808992664,
      47.028230318178736,
      38.05205298649768,
      38.466852362578116,
      42.68199713155627,
      41.84980997443199,
      37.06274110202988,
      42.38699251040816,
      41.50442169172069,
      39.81271269979576,
      44.23302799401184,
      45.138656466578446,
      45.17598084112009,
      34.02413191025456,
      46.19467739636699,
      37.86706266490122,
      38.29444148143133,
      48.538621701300144,
      45.46286256052554,
      45.34427706959347,
      42.42982992219428,
      48.348783280079566,
      52.85787435372671,
      50.67438411215941,
      49.83979884162545,
      54.735448771466814,
      50.05887050802509,
      45.433625128120184,
      49.58088227671882,
      51.189182771369815,
      53.72575446652869,
      49.87599419926604,
      53.755848329514265,
      50.68188446201384,
      55.337675822898746,
      56.276085613916315,
      58.485630383094154,
      50.173244155322514,
      41.47659893396,
      47.824882519741855,
      52.65200418047607,
      50.25172249848644,
      51.90903022388617,
      52.61230726788441,
      50.52479907001058,
      61.16697689021627,
      51.78365107253194,
      54.0927227002879,
      56.19536345700423,
      51.36051260555784,
      55.99549503313998,
      61.33361945301294,
      58.559292656059064,
      54.82312677552303,
      59.89884555588166,
      65.54139917592208,
      58.221040150771536,
      51.990444437911115
    ],
    "sla_eMBB": [
      0.17122989585623144,
      0.18105872308214505,
      0.1738681800166766,
      0.1592736377629141,
      0.16310516729950905,
      0.18293461363762617,
      0.16878595565756163,
      0.16522144282857576,
      0.16991404329116147,
      0.17074144669498006,
      0.1695084645971656,
      0.1734277865414818,
      0.19928422309458255,
      0.16380624925717713,
      0.18742968825623393,
      0.16039149748782316,
      0.18555420820911725,
      0.14382887694363794,
      0.17976905748868982,
      0.17200645904988052,
      0.16764625416447718,
      0.1720093840981523,
      0.17472391616553068,
      0.19167198942353328,
      0.1701541790490349,
      0.20102987272044023,
      0.19958836587766807,
      0.17228258047252892,
      0.1525137374115487,
      0.17436019346117973,
      0.16748602776477733,
      0.17309301391864818,
      0.18666051568463446,
      0.16724239494651555,
      0.17604098470260698,
      0.1155897444797059,
      0.16402701482176782,
      0.17640835349758466,
      0.18517444986850023,
      0.16039240077137948,
      0.1688354534904162,
      0.1820985926563541,
      0.18590670000761747,
      0.1810034436794619,
      0.18107998942335446,
      0.1791958995908499,
      0.169309251109759,
      0.23433594909807046,
      0.20638734444975854,
      0.1713988565777739,
      0.18582553398484986,
      0.20598164978126685,
      0.21405453165372212,
      0.1979331120538215,
      0.19584265013535818,
      0.2047083685422937,
      0.24828205001850923,
      0.20411865897476672,
      0.19272840204338232,
      0.18679420006771882,
      0.16651106451948483,
      0.19642782652129728,
      0.19934884122262397,
      0.18858105176438889,
      0.20803570340077082,
      0.19076261696716149,
      0.20300818366309006,
      0.24765885238846144,
      0.17501788552850484,
      0.18093129845956962,
      0.18889205070833365,
      0.1921164068331321,
      0.1879527045910557,
      0.20375276831289132,
      0.2122480591883262,
      0.17660083010792732,
      0.23323019857207933,
      0.23278137974441052,
      0.1809838369488716,
      0.17549092578391234
    ],
    "sla_URLLC": [
      0.4161556064337492,
      0.29713637379308544,
      0.4351260752479235,
      0.4386073304216067,
      0.45717985202868777,
      0.4395500851670901,
      0.4630024581650893,
      0.4546999815106392,
      0.40796211986492076,
      0.4037652321656545,
      0.5064230819359848,
      0.46848694746692976,
      0.3902778568863869,
      0.4805369553125153,
      0.5120960887273153,
      0.4741110553840796,
      0.4786513544619083,
      0.466357221181194,
      0.4461255084971587,
      0.46362992162505784,
      0.4596176732579867,
      0.5238891364509861,
      0.43722471078236896,
      0.552188053453962,
      0.4604743578533332,
      0.43991896788279217,
      0.4625638027489185,
      0.5242704474925994,
      0.48292688543597856,
      0.5172339281439782,
      0.5488949116071066,
      0.47713560993472737,
      0.5612718130663659,
      0.545695028702418,
      0.5236119846999645,
      0.8829820084571839,
      0.8288924380143483,
      0.34240763828158377,
      0.47613330220182737,
      0.8612157674630483,
      0.5760289099812508,
      0.5374213015536468,
      0.4790468994776408,
      0.567917592972517,
      0.6864749014377594,
      0.8973389287789663,
      0.6437426980833213,
      0.5534411718448004,
      0.5248587097724279,
      0.5561195185780525,
      0.6059487396478653,
      0.6111624719202519,
      0.6952945572137833,
      0.5824606871604919,
      0.6755403759082158,
      0.6088634403546651,
      0.6715097551544508,
      0.6936386711398761,
      0.7486575335264206,
      0.6338198107481002,
      0.6801738044619561,
      0.5487246068318685,
      0.6319707249601682,
      0.5959636354943116,
      0.6034497729937236,
      0.6402731553713481,
      0.5852224911252658,
      0.5788280558586121,
      0.6639520486195882,
      0.6337976955374082,
      0.6828837589422861,
      0.5871975019574165,
      0.6732730820775032,
      0.7591798565785091,
      0.6778155100345612,
      0.667742688159148,
      0.5629080175360044,
      0.5952663399775823,
      0.6991102745135626,
      0.6448060268163681
    ],