{
  "args": {
    "method": "ippo",
    "drift": "multi",
    "n_agents": 3,
    "n_slices": 3,
    "horizon": 150,
    "episodes": 80,
    "seed": 4,
    "hidden": 64,
    "ppo_epochs": 4,
    "lr_ippo": 0.0005,
    "severity": 1.0,
    "log_every": 80,
    "outdir": "results"
  },
  "metrics": {
    "episode_reward": [
      37.70634883580109,
      38.651740181570254,
      43.99217377975583,
      39.48810300106803,
      37.14211764807502,
      36.370808244372405,
      40.82651746024688,
      40.642044350504875,
      40.4482918685923,
      32.19047181122005,
      42.463002263878785,
      39.80417363407711,
      36.620422123620905,
      37.738418120890856,
      37.816047977656126,
      38.679205199703574,
      41.220212407410145,
      45.125163884833455,
      41.69153296512862,
      43.134115582952894,
      40.121229846030474,
      36.92883193617066,
      34.04214307603737,
      40.27450252448519,
      45.90829026823243,
      42.85240573808551,
      41.142753153418504,
      46.44301054502527,
      34.79229943578442,
      44.31886297898988,
      41.89773275703192,
      47.257372902706265,
      41.3259956818074,
      56.62364162070056,
      49.947729755813874,
      48.97254133597016,
      47.700524877756834,
      43.29346250245968,
      44.34854482424756,
      46.645013723522425,
      56.31281012545029,
      52.401606212059654,
      52.66633376417061,
      57.125459330777325,
      40.642528596023716,
      55.44376712913314,
      48.951302931954466,
      51.28999522762994,
      53.90528239868581,
      57.743041199321546,
      49.72533410973847,
      49.14438038940231,
      45.67455424120029,
      52.34287225330869,
      54.854432233298816,
      49.232369327917695,
      53.90557186305523,
      59.38493359213074,
      62.20371017853419,
      63.11107346788049,
      51.191110434631504,
      53.11816767603159,
      51.554592741032444,
      50.541681161150336,
      60.9978141648074,
      48.193359016130366,
      53.10323383783301,
      55.69514423174163,
      59.06070988625288,
      53.75026960298419,
      54.51223971384267,
      51.64329293618599,
      57.00819416965047,
      59.52398848781983,
      70.13769928738475,
      62.50110294173161,
      49.951159516349435,
      53.37643337932726,
      54.43120501190424,
      69.22322014967601
    ],
    "sla_eMBB": [
      0.1616807477734983,
      0.17254223519315323,
      0.1781602369993925,
      0.1666859915976723,
      0.15997266732156276,
      0.1609224363230169,
      0.15603992003947498,
      0.1797482455894351,
      0.1852597611024976,
      0.16615834683179856,
      0.18217269279062748,
      0.17386520568281413,
      0.14715423074861367,
      0.1827838173819085,
      0.15893827634553115,
      0.1550221259271105,
      0.18036256081114213,
      0.15023912865047653,
      0.16804149481157463,
      0.1578484217139582,
      0.15372926728179057,
      0.15602847651888926,
      0.16085809369881948,
      0.16394708905369043,
      0.13697431397934753,
      0.17279981913665932,
      0.1720914663809041,
      0.16927043865124383,
      0.1233295932598412,
      0.15267413783818484,
      0.15974000440289576,
      0.15328382839759191,
      0.16908103047559658,
      0.1938360181947549,
      0.15985074780881406,
      0.1604712729838987,
      0.1837600101903081,
      0.1749487575267752,
      0.15765224277973175,
      0.16717638151720166,
      0.19898351358249783,
      0.18053135423610608,
      0.15306854993104935,
      0.18819715790450572,
      0.17324156050259867,
      0.1625463264187177,
      0.16046315153439838,
      0.1790258767704169,
      0.2207895997663339,
      0.17199422892183067,
      0.1585920633127292,
      0.13950136673947175,
      0.1505516868705551,
      0.14771052738030752,
      0.1659864535431067,
      0.15958131493379674,
      0.1413077963764469,
      0.14537903767079116,
      0.1574918496236205,
      0.18087522332866987,
      0.14803228929638862,
      0.18189891193062066,
      0.16254858009517192,
      0.14790255264689525,
      0.15464279253656665,
      0.1379629261046648,
      0.15120801722009977,
      0.16355892167737088,
      0.14455773075421652,
      0.14803580707559982,
      0.1238914109269778,
      0.1542273490751783,
      0.15316450119018554,
      0.15145277995616196,
      0.13456232329209647,
      0.1342559731254975,
      0.13572237856686115,
      0.13554969405134518,
      0.11599392423406243,
      0.15616712803641955
    ],
    "sla_URLLC": [
      0.4786932058632374,
      0.4737633100648721,
      0.5133812107642491,
      0.7061797666549683,
      0.43214324201146764,
      0.45671000123023986,
      0.5088832058012486,
      0.46804638504981994,
      0.5290845503409703,
      0.3734358370304108,
      0.5231125398476919,
      0.48506609444816906,
      0.44938693736990293,
      0.4281770502527555,
      0.47420395170648894,
      0.45631021236379943,
      0.49046239430705707,
      0.549380753301084,
      0.5261791609227657,
      0.5790029819806417,
      0.5018974155187607,
      0.4469735246896744,
      0.5360404684642951,
      0.5109074690937996,
      0.8648465017477671,
      0.540565318663915,
      0.5163160715500513,
      0.5881628028551737,
      0.8624250646432241,
      0.5794738947351774,
      0.5365807534257571,
      0.6251933380464713,
      0.5199355521798134,
      0.6569912185271581,
      0.6585250521699587,
      0.9142716189225515,
      0.6308687112728755,
      0.5252191249529521,
      0.6242398325105508,
      0.6122831635177135,
      0.6333882183829943,
      0.6623883499701818,
      0.6818618453542391,
      0.7108781886100769,
      0.38097503542900085,
      0.7252070975303649,
      0.6437651621550322,
      0.6952481826146444,
      0.5522975967327753,
      0.7857181193431219,
      0.6569229207436244,
      0.6347804346680641,
      0.6045412810643515,
      0.7290069515506427,
      0.7325555844108264,
      0.6519027621050676,
      0.7333630726238092,
      0.816008726855119,
      0.8501305240392685,
      0.6518077781796455,
      0.7448162044088046,
      0.714710381825765,
      0.7249580359458924,
      0.6944800477226575,
      0.8425431221723556,
      0.6576959227522214,
      0.7405026576916377,
      0.7302507124344508,
      0.7808198259274165,
      0.7144666184981664,
      0.7594784808158874,
      0.5404498597979546,
      0.7612000244855881,
      0.8416521471738815,
      0.9802475015322367,
      0.8707796148459117,
      0.6918013538916906,
      0.7612642616033554,
      0.8213183285792669,
      0.7668612778186799
    ],