{
  "args": {
    "method": "ippo",
    "drift": "multi",
    "n_agents": 3,
    "n_slices": 5,
    "horizon": 150,
    "episodes": 80,
    "seed": 4,
    "hidden": 64,
    "ppo_epochs": 4,
    "lr_ippo": 0.0005,
    "severity": 1.5,
    "log_every": 80,
    "outdir": "results"
  },
  "metrics": {
    "episode_reward": [
      14.337270894398292,
      11.642160775760809,
      16.892037572339177,
      12.23575572669506,
      14.303485537568728,
      11.596556476006905,
      18.206876445561647,
      15.279703302308917,
      13.412412087743482,
      15.751651274661223,
      15.046640070776144,
      13.591846138238907,
      17.714415778095525,
      16.329874280219276,
      15.703982586661974,
      15.070084197446704,
      17.711235176150996,
      17.661757407089073,
      16.911064638445776,
      24.19602028715114,
      16.893279291689396,
      18.878474391375978,
      18.565004490936797,
      22.803301335622866,
      19.97546294393639,
      27.275801209112007,
      23.00978669213752,
      25.97599197799961,
      22.74385932770868,
      24.934317864477634,
      23.91451734614869,
      26.210523915166657,
      25.886328268796206,
      30.39977608434856,
      29.855420512457687,
      29.933593252052862,
      31.79695954856773,
      33.204070856794715,
      32.14085992177328,
      31.226422851284344,
      37.44061166793108,
      33.5527975615114,
      33.690905636797346,
      35.771836172168456,
      36.75876843556762,
      37.25084697517256,
      49.99657024691502,
      40.195723716169596,
      36.6693757387499,
      39.81850931669275,
      42.82887272040049,
      41.39329312058786,
      40.37875997958084,
      41.91268874332309,
      57.0856342514356,
      46.22755054694911,
      47.25361529241005,
      60.05055011808872,
      47.197697170078754,
      45.19669835207363,
      44.79853759147227,
      45.22692075309654,
      44.91741986696919,
      46.72313542229434,
      45.413776782651745,
      54.176886628071465,
      46.35700777048866,
      48.24664801483353,
      47.13425399363041,
      46.28527436281244,
      47.48688131943345,
      47.132821782802544,
      46.12888558829824,
      48.86995356157422,
      53.34257053335508,
      48.72085163804392,
      33.286307791247964,
      48.74992897361517,
      49.335100423544645,
      52.26728688366711
    ],
    "sla_eMBB": [
      0.09610069243858257,
      0.08610361797424654,
      0.0776899752020836,
      0.10986189646025499,
      0.10179074744383494,
      0.10080876940240463,
      0.09321341957276066,
      0.09762743713955084,
      0.11117071659614643,
      0.10196714284519355,
      0.09549638390541076,
      0.10212556335454186,
      0.08629693192740281,
      0.10268601988752683,
      0.1134417604530851,
      0.09591333692893386,
      0.09841984011232853,
      0.08583043574045102,
      0.09618830005327861,
      0.0911668823286891,
      0.09174141217644016,
      0.08888502253840368,
      0.0867712061231335,
      0.08164179199685653,
      0.08699585632731517,
      0.09975939681675906,
      0.07724219455073277,
      0.09387910417901973,
      0.08854840165625016,
      0.07378967979302009,
      0.07393094203124444,
      0.07010343607515096,
      0.06681245803833008,
      0.06514845081915457,
      0.05781201714028915,
      0.0773971821864446,
      0.06241741048792998,
      0.05364353840549787,
      0.055128375105559825,
      0.046391082306702934,
      0.051209588895241416,
      0.04209638313700755,
      0.03684367944175999,
      0.04559766225516796,
      0.0372397203805546,
      0.0450404136814177,
      0.03059128182629744,
      0.032181478769828874,
      0.030445043969278534,
      0.03512867288043102,
      0.023100097440183164,
      0.02487951905777057,
      0.02356337753434976,
      0.02273606225848198,
      0.018276149754722915,
      0.01865137156099081,
      0.020158439741159478,
      0.021852627073725064,
      0.02041560155029098,
      0.021055421362010142,
      0.018594950723151368,
      0.020477928519248963,
      0.02057934656739235,
      0.01798848917086919,
      0.016281253111859163,
      0.02032568699369828,
      0.01720178674906492,
      0.012916669398546219,
      0.018287611473351718,
      0.014288529952367146,
      0.01086381403108438,
      0.011074424392621343,
      0.01458572555333376,
      0.009576602578163148,
      0.010078794658184051,
      0.011688313310345014,
      0.011060759305643538,
      0.009775431553522746,
      0.010415927618741988,
      0.00866645413140456
    ],
    "sla_URLLC": [
      0.2391133456925551,
      0.1620405709495147,
      0.40195913523435595,
      0.1634648334700614,
      0.16097870136300724,
      0.16914938566585383,
      0.2561978381872177,
      0.22641516098442177,
      0.16164833504706622,
      0.14420881437758604,
      0.1796307982938985,
      0.1696010791727652,
      0.25943791210030515,
      0.20106149391271175,
      0.2230037407577038,
      0.22612962407370407,
      0.2587496890872717,
      0.27380569227039814,
      0.2228255436196923,
      0.3891137040158113,
      0.255642271215717,
      0.2692128481467565,
      0.2686565709114075,
      0.3785442647337913,
      0.32990130444367727,
      0.4185478860139847,
      0.33018510619799296,
      0.44112393995126087,
      0.39958367149035134,
      0.3225225209693114,
      0.3742735053102175,
      0.39065956917901834,
      0.3753655661145846,
      0.4843743892759085,
      0.46750025818745294,
      0.4431133238971233,
      0.510357910891374,
      0.5202079758544763,
      0.5252282917002837,
      0.5285101160903771,
      0.5799314569868147,
      0.5659575678408146,
      0.5453051293889681,
      0.5879087932407856,
      0.5635887130598227,
      0.563310868392388,
      0.6102737478911877,
      0.5739258765677611,
      0.5668305239578089,
      0.5805915321409703,
      0.5974476240078608,
      0.6063367376724879,
      0.5864209108551344,
      0.6217934618890285,
      0.6035105191667874,
      0.7161126899719238,
      0.6255629091958205,
      0.607916866739591,
      0.604339810560147,
      0.6207187130053838,
      0.6441776229441166,
      0.618434294462204,
      0.5964358656605084,
      0.636785267094771,
      0.6265798618396123,
      0.6552004173398018,
      0.6541290167967478,
      0.707686340312163,
      0.6714831792314847,
      0.6083787373701731,
      0.646020672917366,
      0.6405332843462627,
      0.9868153735001882,
      0.6922716605663299,
      0.7398047363758087,
      0.6911419621109962,
      0.6115080748001734,
      0.673154846628507,
      0.6671446787317594,
      0.7465032408634822
    ],