{
  "args": {
    "method": "ippo",
    "drift": "multi",
    "n_agents": 10,
    "n_slices": 5,
    "horizon": 150,
    "episodes": 80,
    "seed": 4,
    "hidden": 64,
    "ppo_epochs": 4,
    "lr_ippo": 0.0005,
    "severity": 1.5,
    "log_every": 80,
    "outdir": "results"
  },
  "metrics": {
    "episode_reward": [
      13.619867971353234,
      13.734622584655881,
      13.969560528174043,
      12.503325308486819,
      14.584004871360957,
      12.026018646731973,
      14.694529611244798,
      15.172573601454497,
      15.033409725502134,
      15.625660960376262,
      13.497803691215813,
      15.361107139848173,
      16.28765255585313,
      15.600351227261125,
      16.68876801803708,
      16.50362221058458,
      17.329515819996594,
      18.21565331108868,
      16.77853711862117,
      25.571093443222345,
      17.857936900295318,
      18.400738251022993,
      18.183924498036504,
      21.710492181405424,
      23.183719955570997,
      22.903525628335775,
      22.948572502098976,
      24.5144110519439,
      23.683521111868323,
      22.253661608323455,
      27.284824332781135,
      26.03854453265667,
      28.838661129400133,
      30.81765103600919,
      31.453304875455796,
      31.93094198293984,
      35.74086890835315,
      31.707340113818645,
      37.44904289077967,
      35.21154893301427,
      38.11855869386345,
      34.310946136154236,
      35.717058287002146,
      37.67667235266417,
      37.251443398557605,
      39.29475904777646,
      51.37347564324737,
      40.31280431076884,
      40.33209255319089,
      42.550163017958404,
      44.15623416304588,
      41.47350349389016,
      41.66338812801987,
      42.234892026521266,
      55.00169973000884,
      46.19744969829917,
      47.36110413912684,
      58.18099794201553,
      46.64460250176489,
      45.58605212923139,
      46.144938277825716,
      46.008029649965465,
      45.5535349752754,
      45.603084868751466,
      45.5140660263598,
      54.827461026981474,
      47.46470020413399,
      48.51900871321559,
      46.74256681185216,
      46.271730449050665,
      46.802783376723525,
      47.28359500076622,
      45.59214315377176,
      48.43361000157893,
      49.80454052034766,
      48.56508771274239,
      33.53723571356386,
      48.02139145229012,
      47.70379888918251,
      50.59292392842472
    ],
    "sla_eMBB": [
      0.0944605993044873,
      0.09429520367955169,
      0.07139389804874857,
      0.09803664412194242,
      0.1025821748500069,
      0.08728760641999543,
      0.0944531935888032,
      0.08515949280932546,
      0.09108928892761468,
      0.09044394910956423,
      0.08678357356538376,
      0.09420666020363569,
      0.08990001981457074,
      0.09179564726849397,
      0.0985975832492113,
      0.08508749422306816,
      0.0814021583336095,
      0.07967095886046688,
      0.07468475431203841,
      0.07539644333844384,
      0.08642903383821249,
      0.0835843527658532,
      0.07928505793524285,
      0.07252131707966328,
      0.0700782136619091,
      0.07696372342295944,
      0.06209814021363855,
      0.07149812652923478,
      0.06870895398470263,
      0.06699267060185472,
      0.05357131099328399,
      0.05714570418310662,
      0.058058541792755325,
      0.06046423107385635,
      0.05224200135407348,
      0.05592065821712216,
      0.052791722494487964,
      0.04447642967415353,
      0.047361500871678196,
      0.04544815911600987,
      0.04630833948031068,
      0.04512659812966983,
      0.04166922082814078,
      0.04381101538737615,
      0.039931840399901074,
      0.04108931690764924,
      0.03425086359803875,
      0.03427823898072044,
      0.035338349662100275,
      0.026396113038063048,
      0.028293840944146116,
      0.026790645957613986,
      0.026238425439223646,
      0.02514037157719334,
      0.023016126801570256,
      0.023646918777376413,
      0.02090378517983481,
      0.02073462024331093,
      0.01985495302787361,
      0.02055071429349482,
      0.017594165292878945,
      0.01541685479382674,
      0.014658831264823676,
      0.015681283387045067,
      0.016928395001838605,
      0.01475377744063735,
      0.015738912283753355,
      0.011898058479613003,
      0.014717495295529565,
      0.013113099060331783,
      0.011886107618920505,
      0.01296077439095825,
      0.016327908887760714,
      0.011644609853586492,
      0.011006031520664691,
      0.009771989364138183,
      0.011759834038093686,
      0.011576993968337774,
      0.010800285485262672,
      0.009227373263953875
    ],
    "sla_URLLC": [
      0.18756035899122556,
      0.16252301539915304,
      0.3632564185063044,
      0.16280900510648885,
      0.17726224857072034,
      0.16247950244694948,
      0.20120287321507932,
      0.2165921939474841,
      0.17755129193266234,
      0.19650965799887976,
      0.18552263711889586,
      0.1783119020362695,
      0.21910871292153994,
      0.17151116795837879,
      0.1972353190680345,
      0.21631442536910375,
      0.2261615799864133,
      0.2422535468886296,
      0.19371871389448642,
      0.4507290680706501,
      0.24412993972500166,
      0.25315395623445514,
      0.24489495237668354,
      0.2739276187121868,
      0.29382075600326063,
      0.32283290329078834,
      0.32318760725359125,
      0.3579082431892554,
      0.3271662292132775,
      0.2860487053791682,
      0.34870625788966814,
      0.31292428880929946,
      0.3805712785820166,
      0.39290154360234736,
      0.45940498282512027,
      0.4063197890420755,
      0.5007090529551109,
      0.44802061438560487,
      0.49984903146823245,
      0.4782832080622514,
      0.5044536969065666,
      0.45217573930819827,
      0.47052562768260636,
      0.4955971304575602,
      0.5019767555594444,
      0.5248824512958526,
      0.5287144401669502,
      0.5485883074005445,
      0.5429519824186961,
      0.550725343922774,
      0.5346151180068652,
      0.5707649765412013,
      0.5589758853117625,
      0.5816546005010604,
      0.5723223876953125,
      0.6545942602554957,
      0.6281859187285105,
      0.6018470797936122,
      0.5897237411141396,
      0.5989810107151667,
      0.639523848493894,
      0.5979683770736058,
      0.5978791958093643,
      0.6110725299517313,
      0.5982803187767665,
      0.6750902599096298,
      0.6843040286501249,
      0.6969025746981303,
      0.6448987978696823,
      0.6189652921756109,
      0.6622128303845723,
      0.6483914784590403,
      0.9733107622464497,
      0.6869813901185989,
      0.7225230717658997,
      0.6710772186517715,
      0.6124480958779653,
      0.6497463498512904,
      0.643510215083758,
      0.7171590379873911
    ],