{
  "args": {
    "method": "ippo",
    "drift": "multi",
    "n_agents": 10,
    "n_slices": 5,
    "horizon": 150,
    "episodes": 80,
    "seed": 1,
    "hidden": 64,
    "ppo_epochs": 4,
    "lr_ippo": 0.0005,
    "severity": 1.5,
    "log_every": 80,
    "outdir": "results"
  },
  "metrics": {
    "episode_reward": [
      13.933610370382667,
      14.198370690271258,
      15.908855482563377,
      18.304183734580874,
      16.891470881178975,
      20.446890130080284,
      13.906331191211939,
      14.066905515268445,
      16.42426980305463,
      13.341841638460755,
      14.972198527865112,
      14.832247677072882,
      14.677254437096417,
      16.297279228270053,
      15.345758276432752,
      20.366303731128575,
      19.887850113399328,
      17.35320023186505,
      15.814445455744863,
      21.97158546000719,
      18.721041344106197,
      18.354409388825296,
      20.709083462134004,
      20.11535675674677,
      20.04398232828826,
      21.82909165341407,
      22.557397632673382,
      27.51243930738419,
      26.283360432833433,
      24.696095933951437,
      27.751063174568117,
      26.311228648386894,
      31.87627394516021,
      30.380857692845165,
      28.788610537536442,
      31.62682582233101,
      32.630234381742774,
      32.8704850660637,
      32.00225407704711,
      32.66754804309458,
      32.52743915766477,
      34.68506650589406,
      36.9958112379536,
      37.12170940116048,
      36.792353879474106,
      40.13538289349526,
      38.86632951628417,
      41.25612437929958,
      42.09855528175831,
      44.16473141387105,
      43.17135297246277,
      40.360164288431406,
      43.83938709236681,
      31.98802043199539,
      45.35144922304899,
      43.116030509769914,
      50.483658616244796,
      46.902216288074854,
      49.071806675195695,
      44.80057988408953,
      45.11599841229618,
      47.28624551538378,
      46.68214978948235,
      47.29147908091545,
      44.76717779524624,
      47.45013411901891,
      48.25674000959843,
      45.81602659001946,
      31.549580244719984,
      47.306375317834316,
      47.81932766083628,
      33.34042895026505,
      47.27167412899435,
      47.63539110794663,
      49.799257709831,
      61.064033545553684,
      46.85931239109486,
      52.4845929466188,
      47.843667461909355,
      46.93836754318327
    ],
    "sla_eMBB": [
      0.10113552149385213,
      0.09413735375429193,
      0.11606221646691361,
      0.07819853962399065,
      0.11440134774272641,
      0.0850520543474704,
      0.09841489068542918,
      0.09121398109942674,
      0.09224251498157779,
      0.09177605991562207,
      0.10012402273714542,
      0.10561124336595337,
      0.10158845651584367,
      0.09464492832620938,
      0.09303308478246132,
      0.07341462355107069,
      0.0913445257395506,
      0.09491891863135,
      0.08699576137587428,
      0.10874010035147269,
      0.09184061520422498,
      0.08460091916844249,
      0.08564325146377087,
      0.08951529438296954,
      0.08607488484742741,
      0.07284380934511622,
      0.09025935758215686,
      0.07477101471585532,
      0.0754145187077423,
      0.0748969810269773,
      0.06831072251001993,
      0.07518734568729997,
      0.06726585125550627,
      0.07022465856435399,
      0.06390392066910863,
      0.06863947424727182,
      0.06551956851656238,
      0.06381846984227499,
      0.060729149657612044,
      0.06122901684294144,
      0.059234832556297384,
      0.05293339739243189,
      0.04171555949995915,
      0.045445428239181636,
      0.042743461752931276,
      0.048164917581404246,
      0.037615099363029,
      0.03871840873422722,
      0.03831671435851604,
      0.032661621815835436,
      0.023803645567968486,
      0.02260204981081188,
      0.029287606965129574,
      0.018741969056427478,
      0.022206635254745682,
      0.021090155027389604,
      0.025117504733304184,
      0.021822373072306316,
      0.01981887220715483,
      0.015895531916369995,
      0.01402881145166854,
      0.013949192098031441,
      0.016519985180736208,
      0.016023627724498512,
      0.017990079801529647,
      0.014104953703160087,
      0.013480248662332694,
      0.014441151600331069,
      0.018782240458143255,
      0.015655945350105564,
      0.014039076656724016,
      0.011231362465769052,
      0.014849412506446242,
      0.015205556343620022,
      0.013855708842165769,
      0.013404343860844771,
      0.01612123986124061,
      0.017877792241051793,
      0.014521286970896956,
      0.012833991330116987
    ],
    "sla_URLLC": [
      0.16207523172080981,
      0.18448915133873622,
      0.15094712900618712,
      0.30008062404890856,
      0.22005494321386018,
      0.35681523407498994,
      0.19685073040425777,
      0.19020114027584592,
      0.2232077103604873,
      0.1594770645101865,
      0.17401775347689788,
      0.19084746655076743,
      0.1579766465847691,
      0.18558746010065078,
      0.17920520526667436,
      0.37570921127994855,
      0.20332986141244572,
      0.21409729366501173,
      0.2212103857845068,
      0.26200311715404195,
      0.23763118793567023,
      0.26264029182493687,
      0.24559509749213854,
      0.24772315785288812,
      0.25912761201461154,
      0.27271191058059535,
      0.2792450230071942,
      0.24621634567777315,
      0.3236316692829132,
      0.3080850781251987,
      0.37107080114384494,
      0.34180158148209255,
      0.27973827327291173,
      0.37966374869147934,
      0.3625575758020083,
      0.3953870872656504,
      0.381326897641023,
      0.42144273916880287,
      0.3773635165890058,
      0.40143191799521444,
      0.42689340576529505,
      0.4480878399312496,
      0.32238921294609707,
      0.4434925683836142,
      0.4353946320712566,
      0.5136141821742057,
      0.47848807578285535,
      0.5731300380825997,
      0.5291163824995359,
      0.5294375534852346,
      0.3846934214234352,
      0.5387520051995913,
      0.5665572953224182,
      0.6058774714668592,
      0.6509072409073512,
      0.5502762724955876,
      0.6109447641173998,
      0.6319474911689759,
      0.5937770257393519,
      0.5761135785778364,
      0.3922097217043241,
      0.6221165066957474,
      0.6587884598970413,
      0.6059380863110224,
      0.9621841541926066,
      0.6550078141689301,
      0.6552778949340184,
      0.6379434172312418,
      0.9604943188031515,
      0.6506851279735565,
      0.6097631442546845,
      0.6158480236927668,
      0.634897354443868,
      0.6261841640869776,
      0.6657406884431839,
      0.6059735957781474,
      0.6150649223725001,
      0.6198021578788757,
      0.6455655930439631,
      0.6236357045173645
    ],