{
  "args": {
    "method": "ippo",
    "drift": "multi",
    "n_agents": 6,
    "n_slices": 3,
    "horizon": 150,
    "episodes": 80,
    "seed": 2,
    "hidden": 64,
    "ppo_epochs": 4,
    "lr_ippo": 0.0005,
    "severity": 1.5,
    "log_every": 80,
    "outdir": "results"
  },
  "metrics": {
    "episode_reward": [
      32.84366858781626,
      35.94901328564932,
      32.56275777705014,
      32.888087928295135,
      34.456028655171394,
      31.96774714222799,
      37.3843468905737,
      36.2122162313511,
      41.429633225003876,
      31.35178644830982,
      35.300187638029456,
      36.864938154506184,
      38.59931154766431,
      40.536413584525384,
      38.842237475017704,
      38.35220311116427,
      36.035324069981776,
      38.697869010580085,
      37.711406834733985,
      45.87690302915871,
      35.30672126170248,
      37.20265541629245,
      44.440140352894865,
      38.56497852690518,
      34.373071330289044,
      41.72226995012412,
      43.280096978259586,
      35.53224001980076,
      33.26332385775944,
      40.39732991717756,
      36.98459075173984,
      42.392869460086025,
      42.590897413901985,
      39.31408692679057,
      42.70958539160589,
      41.71951146951566,
      39.77400784039249,
      44.86681055215498,
      42.39991577590505,
      43.93632162207117,
      44.42121614019076,
      47.01597522478551,
      47.359393841276564,
      45.561904694264136,
      38.60138971482714,
      46.96006876664857,
      41.41201124650737,
      43.4976021979625,
      40.960722751915455,
      48.10973540165772,
      35.92516507705053,
      50.3464561952278,
      46.62679852514217,
      48.57045646570623,
      49.419487311815224,
      50.05635794531554,
      51.1087385447075,
      49.07889987466236,
      50.36889556795359,
      48.40233879505346,
      48.70362154363344,
      52.345575801717736,
      48.60475816236188,
      51.29153735097498,
      48.92082478478551,
      49.18289417835573,
      59.473534767205514,
      59.54910967312753,
      52.213249140419066,
      52.43283248972148,
      39.569171427438654,
      51.31204683240503,
      52.74760727242877,
      52.37656160692374,
      51.69238296709955,
      52.395581983961165,
      53.06249699244896,
      50.79003466696789,
      40.0132951165239,
      56.38028616582354
    ],
    "sla_eMBB": [
      0.15959964017073314,
      0.1605074090262254,
      0.16151708421607813,
      0.16750373943398397,
      0.17290317536331712,
      0.17887013742079338,
      0.1578079558412234,
      0.15815759943177302,
      0.22037710207204023,
      0.17160291294877728,
      0.1831547397747636,
      0.1597699765736858,
      0.17518014794836442,
      0.13985521465539932,
      0.17904033868263164,
      0.15731073062556486,
      0.17567422360181809,
      0.16707997733106217,
      0.18834409407029548,
      0.2664334640155236,
      0.16361932264640927,
      0.18058754202599328,
      0.20376613308986027,
      0.169083716198802,
      0.12343902076284091,
      0.1666939487059911,
      0.14335271388913196,
      0.1561478111334145,
      0.16160168165341018,
      0.16196595491841437,
      0.15684086409707865,
      0.4765107797334592,
      0.16960116047412158,
      0.17855492565780878,
      0.16069329283200204,
      0.1700488284540673,
      0.179199817419673,
      0.1723774605616927,
      0.1881233369745314,
      0.1917722331173718,
      0.17057628836482763,
      0.1994005488107602,
      0.14799514974157016,
      0.19050884541124105,
      0.16119434354205928,
      0.18287561343361933,
      0.19827778160572052,
      0.1762189675743381,
      0.17287810144325097,
      0.17654878307754795,
      0.1533848519126574,
      0.17581106952081124,
      0.174872232824564,
      0.17435944000879924,
      0.19070337110509475,
      0.17432321451604366,
      0.1876280960937341,
      0.1434841774404049,
      0.16712749511003494,
      0.18150185193866492,
      0.1986062388246258,
      0.16616785906255246,
      0.16253546512064834,
      0.20049622499694428,
      0.169998899611334,
      0.1668874422709147,
      0.19576663568615912,
      0.20833625885347526,
      0.1587711001560092,
      0.18588807076215744,
      0.13473862413316964,
      0.16126295033842325,
      0.1842367065573732,
      0.18073125957200925,
      0.17546021136144796,
      0.17473973102867604,
      0.1725934559851885,
      0.17193375565111638,
      0.11393483392894269,
      0.18981204060216744
    ],
    "sla_URLLC": [
      0.41106011991699537,
      0.45690242861708,
      0.3905900118003289,
      0.39534088927010697,
      0.4051645159473022,
      0.3750808067868153,
      0.46373714638253055,
      0.44537352047860623,
      0.4365373641749223,
      0.38078396014869215,
      0.42808794140815737,
      0.46469184557596843,
      0.473361218671004,
      0.7393094484011332,
      0.4661821145315965,
      0.4878845242659251,
      0.4346817749241988,
      0.5061684274176756,
      0.4047694243490696,
      0.46600402345259984,
      0.4332406759262085,
      0.45030475452542307,
      0.48402812334398426,
      0.48642820432782174,
      0.8740976067384084,
      0.5137032517294089,
      0.823467202981313,
      0.4366833734263976,
      0.41395389795303345,
      0.5101417257388433,
      0.47187389314174655,
      0.3403120711942514,
      0.5278058676669996,
      0.4843246442079544,
      0.5792215796311696,
      0.5127228240668774,
      0.47545265590151153,
      0.5545459066828092,
      0.5031441241999467,
      0.5324831567704678,
      0.542853639225165,
      0.5088512745002906,
      0.8866174773375193,
      0.5512919009725252,
      0.8954054073492685,
      0.569791483481725,
      0.541152776479721,
      0.5273603171110153,
      0.47993419110774993,
      0.5870932366450627,
      0.5615020091334979,
      0.6095937337478002,
      0.5829217057426771,
      0.6237704622745514,
      0.5947086990873018,
      0.612102073431015,
      0.6417933036883672,
      0.8856266756852468,
      0.6520769065618515,
      0.5790802508592605,
      0.6149201195438703,
      0.6472557448347409,
      0.5980261699358622,
      0.6277757679422696,
      0.622293991347154,
      0.6283265427748362,
      0.6571354754765828,
      0.757713937163353,
      0.6681880138317744,
      0.6584572901328405,
      0.9528828287124633,
      0.6682319662968318,
      0.664421145816644,
      0.6735076153278351,
      0.6664243294795354,
      0.6956660505135854,
      0.697775937517484,
      0.6451695181926091,
      0.97619411389033,
      0.7207393544912338
    ],