{
  "args": {
    "method": "ippo",
    "drift": "multi",
    "n_agents": 3,
    "horizon": 150,
    "episodes": 80,
    "seed": 0,
    "hidden": 64,
    "ppo_epochs": 4,
    "lr_ippo": 0.0005,
    "severity": 0.5,
    "log_every": 80,
    "outdir": "results"
  },
  "metrics": {
    "episode_reward": [
      40.0009888815176,
      39.50319377265662,
      38.56072613855617,
      36.819915583178705,
      40.16959259015407,
      48.050370474146774,
      36.52994811404237,
      35.84171119307478,
      42.05966875091608,
      50.36141360559398,
      41.450168499764494,
      47.15828417997497,
      41.739756663500636,
      40.20209409978448,
      44.66179745907172,
      46.41188353191698,
      45.226280349337806,
      34.972062423473425,
      44.4660733128329,
      45.722765884186266,
      49.331657877027645,
      40.03768894283308,
      41.74164031342499,
      47.55979881723308,
      44.30652950497137,
      34.837979404980096,
      52.182367892355124,
      47.363219427783044,
      44.2542281653939,
      43.106438801344495,
      47.75829823779254,
      51.56427741280448,
      53.50444547399465,
      51.77964592628803,
      40.494340398141894,
      33.25781287322234,
      41.55237424742018,
      53.89706651757783,
      52.641793730283275,
      41.78862716676151,
      48.014052772873804,
      46.01355806245573,
      54.37710728148622,
      56.15249327487417,
      49.16195969588074,
      61.458039086808775,
      48.567153366944844,
      52.13031277759003,
      64.21592438249952,
      42.164251812951036,
      50.56663145555388,
      51.360649786620534,
      50.84521597884598,
      40.09086296873867,
      50.35520104857991,
      61.14273388911451,
      46.56286476308278,
      48.25220467889062,
      65.4792348573812,
      59.65794364315354,
      62.74716700214066,
      59.055054068503296,
      57.135634644412335,
      59.3768438614905,
      56.71313069507793,
      64.60605311012931,
      62.05645577693364,
      63.15432946895146,
      56.287781777895184,
      64.40995702745603,
      58.09561767532593,
      67.39652969378768,
      61.27786310844951,
      60.64396174643186,
      67.78051670330007,
      67.32745403287312,
      66.55962409362613,
      58.48262389811376,
      49.95213156606383,
      63.375653673749845
    ],
    "sla_eMBB": [
      0.15897387648622194,
      0.15392150362332663,
      0.15835108030587436,
      0.17629424162209034,
      0.14666885131349167,
      0.1616438537960251,
      0.15874198088422417,
      0.16895077757537366,
      0.17634109733005365,
      0.16604680930574736,
      0.1696045338610808,
      0.15526389706879853,
      0.15510483669737976,
      0.13831189546734093,
      0.15842969310780367,
      0.14624195195734502,
      0.16302666455507278,
      0.1635098656018575,
      0.1946991543409725,
      0.16711254375676313,
      0.14851718784620366,
      0.1645552960659067,
      0.15901262224962315,
      0.15728544944276412,
      0.16030785623937846,
      0.1379219626262784,
      0.21416714293261369,
      0.14896213229745625,
      0.1811883832886815,
      0.16621355971942345,
      0.14322636796782415,
      0.1751310290178905,
      0.13851705769697825,
      0.17830483301232258,
      0.1540285668646296,
      0.14873670034110545,
      0.14848131456722816,
      0.1758640859896938,
      0.1980128708978494,
      0.16635960036267836,
      0.17215979255114994,
      0.18541237737983465,
      0.17731537910799186,
      0.17025781866163014,
      0.17183784052729606,
      0.16225500203669072,
      0.1527892674009005,
      0.17729816861450673,
      0.18384000308811665,
      0.1520126014202833,
      0.15085659073044858,
      0.14852082467327515,
      0.15192659854888915,
      0.19555480704953274,
      0.14907931907723349,
      0.13138028190781673,
      0.14111216307928165,
      0.13161912976453702,
      0.17839925855398178,
      0.16074595135947067,
      0.14408403092374406,
      0.12987149805451434,
      0.13655274507900078,
      0.13619087902208168,
      0.1588444084301591,
      0.14353211641932528,
      0.1711110478763779,
      0.14182950247079135,
      0.15800345624486606,
      0.16199674539268016,
      0.15805200085043908,
      0.1604044798389077,
      0.15773939602077008,
      0.17102058339864015,
      0.1748096883793672,
      0.17329416448871296,
      0.1648170944675803,
      0.18812856977184614,
      0.20909237034618855,
      0.17578311258926987
    ],
    "sla_URLLC": [
      0.4593613771100839,
      0.5125340408117821,
      0.45307460566361746,
      0.4320821723062545,
      0.5069166851540406,
      0.6202498136957486,
      0.4577456620335579,
      0.4308328608175119,
      0.5973004295428594,
      0.6392681386570136,
      0.46843345927695434,
      0.5620861928661665,
      0.45367052778601646,
      0.47586450338363645,
      0.5553677011529604,
      0.5761949383715789,
      0.6199982620278994,
      0.4486933811878165,
      0.35886355067292847,
      0.5527603482703368,
      0.6245846545998939,
      0.4718620839218299,
      0.5413133941342433,
      0.4270996237794558,
      0.5705884532630443,
      0.8216994665066402,
      0.5367499863108,
      0.6273521787921588,
      0.45581087544560434,
      0.5332680554191271,
      0.6086086197694143,
      0.50220718263338,
      0.7319798928499222,
      0.6753754410147667,
      0.5772646048168342,
      0.5425852333505948,
      0.525252274274826,
      0.6685589176416397,
      0.6903053961197535,
      0.5410756138587991,
      0.5777749624848366,
      0.5390745609998703,
      0.6888737592101097,
      0.7491372406482697,
      0.5837455682953199,
      0.845425484975179,
      0.6192166006565094,
      0.6210207911332448,
      0.6604959582289059,
      0.4433867582678795,
      0.7361459799607595,
      0.6632639328638713,
      0.6429521454373995,
      0.9091267816225688,
      0.6618032498657703,
      0.8150907089312871,
      0.6564958811799685,
      0.9030705110232036,
      0.6481495946645737,
      0.7844514159361521,
      0.7357418115933736,
      0.7934292954206467,
      0.7563267960151037,
      0.7960175663232804,
      0.7550031483173371,
      0.9021296834945679,
      0.7994591043392817,
      0.8827170622348786,
      0.7545738013585409,
      0.6977638246615728,
      0.7853190175692241,
      0.7633124440908432,
      0.8048153070608774,
      0.7951345616579055,
      0.8556328521172205,
      0.8535209691524506,
      0.8481639325618744,
      0.7273276713490486,
      0.5733538010716438,
      0.8165032549699147
    ],