{
  "args": {
    "method": "ippo",
    "drift": "multi",
    "n_agents": 10,
    "n_slices": 5,
    "horizon": 150,
    "episodes": 80,
    "seed": 2,
    "hidden": 64,
    "ppo_epochs": 4,
    "lr_ippo": 0.0005,
    "severity": 1.5,
    "log_every": 80,
    "outdir": "results"
  },
  "metrics": {
    "episode_reward": [
      13.875769387558103,
      12.261527434922755,
      13.849895329773426,
      15.789064885489642,
      15.066380355134607,
      15.049941059574484,
      12.556179028190673,
      13.580248251371085,
      14.186562944948673,
      15.147259643487633,
      14.710252157784998,
      14.226282287202775,
      16.834458965621888,
      17.672883696295322,
      15.918770943582057,
      16.894289069063962,
      17.768359214253724,
      18.19802673906088,
      24.892246883921324,
      16.060520258545875,
      20.31328799687326,
      19.393425089120864,
      23.45312612131238,
      24.35761527195573,
      23.501295138522984,
      32.186679693683985,
      24.268887536786497,
      26.075118801556528,
      25.317629186436534,
      25.41869027595967,
      25.10635015349835,
      24.872362129949032,
      26.52706231512129,
      29.72585838418454,
      31.187111095152794,
      31.352285285666586,
      31.167512676119806,
      31.582532755099237,
      33.93396216854453,
      30.191612343117594,
      32.14344964399934,
      34.51508118137717,
      36.18971849922091,
      36.874919812940064,
      39.20343363396823,
      37.507106266357006,
      42.57671588808298,
      39.232268660515544,
      38.82783264145255,
      39.81279245689511,
      39.87791457939893,
      39.95299606435001,
      42.93522301521152,
      41.96389604769647,
      41.3895580297336,
      41.473355442099276,
      44.21168226338923,
      43.4783371090889,
      45.45271787401289,
      44.26097120195627,
      44.209006074257196,
      45.99909253660589,
      46.53499542716891,
      46.143914849311116,
      47.94269175156951,
      47.023945121467115,
      46.95650871600956,
      46.38101561963558,
      46.819121670909226,
      34.202872899733485,
      47.82986474893987,
      47.565599222481254,
      50.163493672944604,
      49.07000225260854,
      47.51358342412859,
      47.2958511441946,
      31.984304559230804,
      48.45004445482046,
      47.76261790134013,
      54.59101308733225
    ],
    "sla_eMBB": [
      0.09005013757695754,
      0.09797132534906268,
      0.09700543760011593,
      0.08732480531558394,
      0.09363831417635084,
      0.09792183626132707,
      0.09142214381756882,
      0.08748941534509261,
      0.09908762566124399,
      0.09218113643117248,
      0.08901464765891433,
      0.09267635518064102,
      0.09580186072736979,
      0.0863918812572956,
      0.09441188303132853,
      0.08588030021016796,
      0.09059869234450162,
      0.09570612480863928,
      0.09383287223676841,
      0.08234422035515308,
      0.07655896903636555,
      0.07808734354252617,
      0.0752934899336348,
      0.07434725801150004,
      0.06440538365393877,
      0.09102352753281594,
      0.07057787093023458,
      0.06693153620387117,
      0.07355599192281564,
      0.06305841538434227,
      0.06768071339776119,
      0.06374285333169004,
      0.06373350376884143,
      0.06020147377935549,
      0.061307883355766535,
      0.05849519365467131,
      0.04925147802258531,
      0.04952245249801005,
      0.05021999349817634,
      0.05295504050329328,
      0.04826349723463257,
      0.04341302264481783,
      0.04184969611465931,
      0.03917166662712892,
      0.04204297506560882,
      0.03799041182423631,
      0.042906028054033714,
      0.03899889703219136,
      0.02917404644501706,
      0.0311995318873475,
      0.029864547854910294,
      0.025260628834366798,
      0.034257306881869835,
      0.02744839695903162,
      0.027354478888834518,
      0.023348188884556295,
      0.023115299328540763,
      0.01927278829117616,
      0.018028857363387944,
      0.017187026645988226,
      0.014884986886754633,
      0.014179602287088831,
      0.01567029963557919,
      0.01375418277263331,
      0.013278053035804382,
      0.014934153484646231,
      0.012173857698217034,
      0.012151255228091032,
      0.015047506407524149,
      0.012457237364724278,
      0.011908663346742591,
      0.01198277652884523,
      0.010692945430443312,
      0.011369089415917794,
      0.01253531730733812,
      0.011437869478637973,
      0.010637330225047965,
      0.010129234368602434,
      0.010937847842772802,
      0.011101927629982432
    ],
    "sla_URLLC": [
      0.16604620109622678,
      0.14259537003934383,
      0.1718649905671676,
      0.23269994270056485,
      0.2081315356741349,
      0.2154460756480694,
      0.17303773646553358,
      0.17617038535575072,
      0.17803083536525569,
      0.211810718725125,
      0.19893185123801232,
      0.17622882431993883,
      0.2534653965632121,
      0.2524960665653149,
      0.20979493173460165,
      0.25341245144605634,
      0.20545763256649177,
      0.23503912607828775,
      0.24891786806285382,
      0.1821472191810608,
      0.3339660095299284,
      0.2648562545329332,
      0.3313059271375338,
      0.3608514079948266,
      0.44132854759693146,
      0.34909780566891035,
      0.40451290478308993,
      0.3433034124970436,
      0.3566275160014629,
      0.3283167336881161,
      0.3410570355256399,
      0.5688411804040273,
      0.3589238711198171,
      0.3940975188712279,
      0.45748007982969285,
      0.4299154524505138,
      0.4047545716663202,
      0.45807463231186074,
      0.4814165821671486,
      0.4382489030559858,
      0.7402493635813395,
      0.4787210275729497,
      0.4580773870150248,
      0.49809058527151745,
      0.526799338956674,
      0.4857173763712247,
      0.5412807081143062,
      0.5478222850958506,
      0.5344759640097618,
      0.5566234032313029,
      0.5487832888960839,
      0.5492378694812456,
      0.6015918923417727,
      0.6256133536497752,
      0.5814627609650294,
      0.5665835811694463,
      0.6058470425009728,
      0.5816764820615451,
      0.6110830495754878,
      0.6039838698506356,
      0.6294456905126572,
      0.6876451750596364,
      0.6937752372026443,
      0.6340351819992065,
      0.697642276485761,
      0.6275558735926946,
      0.6730447977781295,
      0.6177859632174174,
      0.6906908321380615,
      0.6777266216278076,
      0.6375855141878128,
      0.6260909243424734,
      0.6667950608332952,
      0.6174314320087433,
      0.6677842231591543,
      0.7074902854363123,
      0.980646375020345,
      0.6764327877759934,
      0.6782346097628276,
      0.6305631575981776
    ],