{
  "args": {
    "method": "ippo",
    "drift": "multi",
    "n_agents": 10,
    "n_slices": 3,
    "horizon": 150,
    "episodes": 80,
    "seed": 2,
    "hidden": 64,
    "ppo_epochs": 4,
    "lr_ippo": 0.0005,
    "severity": 1.5,
    "log_every": 80,
    "outdir": "results"
  },
  "metrics": {
    "episode_reward": [
      32.70831941310316,
      35.250422512739895,
      34.65131736844778,
      37.15325250290334,
      36.39400789979845,
      36.1130635516718,
      37.60024551041424,
      36.892112554609774,
      42.98842678274959,
      32.05953503325581,
      38.56244077216834,
      35.55148120597005,
      37.90207430217415,
      43.0902824729681,
      37.47063435520977,
      35.46607864387333,
      34.80180999897421,
      37.458970243856314,
      40.98161719385534,
      47.06994980927557,
      35.784158357419074,
      37.651056857965884,
      42.352153468318285,
      35.438264640048146,
      34.37577331475914,
      40.13326494395733,
      43.08327549118549,
      39.08480857852847,
      36.30118832569569,
      36.163624859042464,
      40.515690569579604,
      43.79915490094572,
      42.22690235227346,
      40.40409498717636,
      42.90165491364896,
      41.989226174354556,
      41.302439962886275,
      44.35960649065673,
      46.529045451246205,
      45.055631413683294,
      44.816318017616865,
      48.833451176062226,
      47.74428700767457,
      45.22230650056154,
      36.58588915541768,
      46.31305439285934,
      42.28990857023746,
      45.21760041676462,
      43.67945491746068,
      46.608266697824,
      37.24767788909376,
      49.70948649272323,
      47.12988701853901,
      51.41120267827064,
      51.78068025074899,
      50.671571077592674,
      51.67479547299445,
      50.42114950940013,
      52.079537685588,
      49.745637148059906,
      51.04995070863515,
      52.4020977601409,
      47.860243326798084,
      53.36795788463205,
      51.183702521771195,
      51.061276686936615,
      62.50162156932056,
      62.01744752433151,
      55.729215514659884,
      53.34266862943768,
      39.798847175389525,
      51.839243940263984,
      52.01415991671384,
      53.25995189659297,
      54.59280823245645,
      52.35837656110525,
      52.492418240569535,
      53.09470148589462,
      39.27743659317493,
      58.845768187381324
    ],
    "sla_eMBB": [
      0.1697883252799511,
      0.16495802705486615,
      0.17111284305651983,
      0.1626069119075934,
      0.16385846900443235,
      0.17172149438410997,
      0.15765963601569336,
      0.17111627383778494,
      0.22323541107277076,
      0.15840670044223468,
      0.17617568399757147,
      0.1513707973435521,
      0.17096536389241615,
      0.13828256416444978,
      0.17662294344355664,
      0.15591967202723025,
      0.17272830247879029,
      0.163770079339544,
      0.1956079015880823,
      0.27568520707388716,
      0.1547262568026781,
      0.1659730952605605,
      0.2066857392589251,
      0.15869442019611596,
      0.11204794250428676,
      0.1589441053631405,
      0.14025562072793643,
      0.16116503027578194,
      0.16758932477484148,
      0.16748904844125112,
      0.16223940173784893,
      0.48485967971384525,
      0.17633540820330382,
      0.18535912685717146,
      0.16411105922112862,
      0.17751119730373224,
      0.16311705871174734,
      0.1718986476957798,
      0.1984661948805054,
      0.18361971696217855,
      0.15751087307929992,
      0.18853344236811,
      0.1473042878260215,
      0.18237614542245864,
      0.12925186907251676,
      0.1713391064107418,
      0.1958173663665851,
      0.17420015137642622,
      0.1704684831450383,
      0.17276349587986867,
      0.15115279878179233,
      0.17132129810750485,
      0.15831709459424018,
      0.16860936187207698,
      0.1686296968658765,
      0.16412854801863433,
      0.16079129328330358,
      0.12661441226800282,
      0.15619490476946035,
      0.16106529433280228,
      0.1618616410593192,
      0.16086852923035622,
      0.14881883757809797,
      0.17615791456152996,
      0.15823085012535254,
      0.1520657284806172,
      0.18024864395459492,
      0.1798158329973618,
      0.15628373965620995,
      0.1670838464051485,
      0.11802731255690256,
      0.1555159310872356,
      0.16180089371899764,
      0.16136028376718362,
      0.15798669315874578,
      0.16108433837691943,
      0.16778680415203173,
      0.15545187400033075,
      0.09710515227168798,
      0.1610298285509149
    ],
    "sla_URLLC": [
      0.4018215355773767,
      0.4341333970924218,
      0.4113900884985924,
      0.45520398740967116,
      0.4358501056333383,
      0.43538206736246743,
      0.4587633870045344,
      0.44410467267036435,
      0.44966322551170984,
      0.40301141982277233,
      0.46939751933018364,
      0.44620478396614394,
      0.4603553963204225,
      0.7952006419499715,
      0.4583489483594894,
      0.4373019161820412,
      0.41798745234807333,
      0.46855033953984576,
      0.4401322782039642,
      0.4873863439758619,
      0.4457763551175594,
      0.4618487842877706,
      0.4423291665315628,
      0.44581649531920753,
      0.894320573012034,
      0.5183280127247175,
      0.8003055361906687,
      0.474848434428374,
      0.4608067101240158,
      0.4420456279317538,
      0.5148055864373843,
      0.3438884125153224,
      0.520801717042923,
      0.5133625031510989,
      0.5501031522949537,
      0.5052270158131917,
      0.5321806913614273,
      0.5670035880804062,
      0.5699659070372581,
      0.552048475642999,
      0.5726326942443848,
      0.5485162873069446,
      0.9063441042105357,
      0.558341299990813,
      0.9170957823594411,
      0.575122713247935,
      0.5659154037634532,
      0.5774674333135287,
      0.5474423542618752,
      0.5915757926305135,
      0.6051175856590271,
      0.6259135908881823,
      0.6121273038784663,
      0.6780729296803475,
      0.6719891134897867,
      0.6368007437388102,
      0.6794623347123464,
      0.9552449023723603,
      0.6890873793760935,
      0.6219700368245443,
      0.6628087224562963,
      0.6608468967676163,
      0.5927067037423451,
      0.656219714085261,
      0.6587368623415629,
      0.674809666077296,
      0.6889935817321141,
      0.7806623603900273,
      0.7094483649730683,
      0.6914482275644939,
      0.9729741164048513,
      0.6756768308083216,
      0.6657928768793742,
      0.6902397700150807,
      0.7189891735712687,
      0.697063747048378,
      0.6524845854441325,
      0.6647447574138642,
      0.9810314436753591,
      0.7485892120997111
    ],