{
  "args": {
    "method": "ippo",
    "drift": "multi",
    "n_agents": 3,
    "n_slices": 3,
    "horizon": 150,
    "episodes": 80,
    "seed": 7,
    "hidden": 64,
    "ppo_epochs": 4,
    "lr_ippo": 0.0005,
    "severity": 2.0,
    "log_every": 80,
    "outdir": "results"
  },
  "metrics": {
    "episode_reward": [
      34.38194444403052,
      35.60405351842443,
      32.51788957541188,
      33.67060118292769,
      34.10688664019108,
      36.85547996001939,
      35.47824681426088,
      38.43679875073334,
      33.638174348821245,
      37.355838603029646,
      35.08245522715151,
      37.98710616119206,
      34.48193379615744,
      36.22620088296632,
      35.61250804613034,
      40.642108782505,
      29.877785975734394,
      34.89756799985965,
      34.307222206766404,
      32.73393612727523,
      36.73975621163845,
      37.32669214531779,
      38.62711043345431,
      36.336839558556676,
      37.642245691890516,
      39.165384067222476,
      39.64621822039286,
      39.85124120550851,
      40.73722008801997,
      34.17546101038655,
      45.86866404674947,
      36.26839899954697,
      31.370550137013197,
      39.24840776249766,
      38.342701802030206,
      36.825656006112695,
      40.65358408602575,
      40.324127900103726,
      39.87671102210879,
      42.54078395292163,
      44.35630216201147,
      41.43871687973539,
      41.98061743999521,
      43.981024933978915,
      31.44956307609876,
      34.9772606814901,
      42.46861684011916,
      43.61589655528466,
      42.54166985799869,
      38.980213321124516,
      34.38660215958953,
      46.89770828932524,
      45.08445746141175,
      47.02253710602721,
      47.54943060129881,
      49.27054615939657,
      48.268793458119035,
      38.37476259469986,
      60.65378077452382,
      49.52554670845469,
      50.14543652037779,
      52.36132317160567,
      51.96076459313432,
      60.41771143178145,
      52.246277098854385,
      52.05597917983929,
      53.128128516177334,
      53.86889964342117,
      52.43162974591056,
      53.348206017166376,
      54.23595265299082,
      61.50614381457368,
      53.026455427209534,
      52.75006793936094,
      55.321551870554686,
      52.42294723292192,
      52.77081531534592,
      53.55228338266412,
      52.705148082226515,
      50.233107682317495
    ],
    "sla_eMBB": [
      0.1675884127896279,
      0.1671651520455877,
      0.16571259224787355,
      0.13931582232937217,
      0.14925197832286358,
      0.14947725299745798,
      0.4352248816564679,
      0.1698425356236597,
      0.15519885931784907,
      0.1840376642718911,
      0.16152442514896392,
      0.16569109504731994,
      0.14647603827839095,
      0.15799275216956934,
      0.16171092301607132,
      0.22168166888256868,
      0.16988368779420854,
      0.17149570912743609,
      0.16060071321825187,
      0.1637934875426193,
      0.15938756455356876,
      0.17123409069453677,
      0.1646027212155362,
      0.19067750450844567,
      0.15396588675677778,
      0.17658014364540578,
      0.14573397319143017,
      0.21593494209150474,
      0.15009438648199042,
      0.1592537547958394,
      0.1907915693273147,
      0.16598190362254778,
      0.13662638656795026,
      0.16818809705475965,
      0.17014779179046552,
      0.1646363198508819,
      0.1794208053126931,
      0.16462571249033014,
      0.15959045751641193,
      0.18361987474064032,
      0.1681469075071315,
      0.15098959483827154,
      0.1505411527181665,
      0.15450158132240177,
      0.1255604662373662,
      0.11222968405112624,
      0.16481569287988046,
      0.1569124066643417,
      0.16129032103344798,
      0.1677367292282482,
      0.14460181095947822,
      0.17773635160798829,
      0.16612038238594928,
      0.17340256897732614,
      0.19099930824091038,
      0.18534990829105177,
      0.16373952074597278,
      0.16227180834859609,
      0.2569154848158359,
      0.17943608278408646,
      0.17036818775037924,
      0.19403934806585313,
      0.18614932853728533,
      0.2727676280339559,
      0.1868626093491912,
      0.19197401666392883,
      0.1796709135795633,
      0.19447010007997353,
      0.19120296485722066,
      0.2068290400132537,
      0.20324835595985255,
      0.2546448567012946,
      0.19056696326782305,
      0.1824362522860368,
      0.17359006746361652,
      0.1920487490296364,
      0.1807522915303707,
      0.17550140953312318,
      0.17567034197350342,
      0.23711948068191607
    ],
    "sla_URLLC": [
      0.42662767256299655,
      0.4503944048533837,
      0.3832747289041678,
      0.5974256216486296,
      0.612299203077952,
      0.4634175861130158,
      0.28402946901818116,
      0.4781494606037935,
      0.4325772623717785,
      0.4451479643086592,
      0.4262762129555146,
      0.47674345744152863,
      0.4433969375739495,
      0.4548513280848662,
      0.4557521365086238,
      0.4282799779375394,
      0.348076274668177,
      0.4262522727251053,
      0.4241720788677533,
      0.4128471354146798,
      0.4533137222627799,
      0.4470445528626442,
      0.4772389803330104,
      0.40198704500993093,
      0.4578124045332273,
      0.47296826149026555,
      0.5131405536085367,
      0.4143947497755289,
      0.5264932436992725,
      0.5177029876907666,
      0.5007927393416564,
      0.44771661827961606,
      0.8014497750997543,
      0.48277295351028443,
      0.47592399197320145,
      0.4257168734570344,
      0.4865135416388512,
      0.4767116666336854,
      0.4998277527590593,
      0.523434778302908,
      0.5659931560357412,
      0.5174259774386882,
      0.5223657549917697,
      0.5587935426831245,
      0.5275272747377554,
      0.9005034923553467,
      0.5256778046488761,
      0.5348429407676061,
      0.5323091339319944,
      0.46573605343699453,
      0.5521323098738988,
      0.5758733017245928,
      0.5506643044948578,
      0.5670003300905228,
      0.5617756352821985,
      0.5773531203965346,
      0.5683454612394174,
      0.5962290443480015,
      0.6006237188975017,
      0.5919587011635303,
      0.5946384359399478,
      0.6071971093614896,
      0.6091219346721967,
      0.5742037767171859,
      0.5982858282327652,
      0.590669497748216,
      0.6085747136672338,
      0.6324532957871755,
      0.5974396496017774,
      0.5968671563267708,
      0.6235106213887532,
      0.6017432842652003,
      0.6058825094501178,
      0.6071693400541941,
      0.6292890751361847,
      0.6023442868391673,
      0.6081696991125742,
      0.613189978003502,
      0.6073295902212461,
      0.5985803085565568
    ],