{
  "args": {
    "method": "ippo",
    "drift": "multi",
    "n_agents": 10,
    "n_slices": 3,
    "horizon": 150,
    "episodes": 80,
    "seed": 3,
    "hidden": 64,
    "ppo_epochs": 4,
    "lr_ippo": 0.0005,
    "severity": 1.5,
    "log_every": 80,
    "outdir": "results"
  },
  "metrics": {
    "episode_reward": [
      30.31297634355724,
      37.16529758181423,
      34.618246482126416,
      36.30245472714305,
      34.86972039695829,
      35.48523231055587,
      31.729331647604702,
      33.12715579979122,
      36.09296503216028,
      34.231367440335454,
      39.50655233114958,
      34.04058824218809,
      34.237849462404846,
      34.87840461302549,
      39.24328055046499,
      38.40573032796383,
      36.001087178848685,
      37.56364892479032,
      37.88560223430395,
      36.533640602976085,
      37.29263346418738,
      40.802653554081914,
      41.69245340917259,
      40.59197547659278,
      38.981638584285975,
      37.09982560873031,
      40.875720106996596,
      38.01566239092499,
      36.15572162680328,
      36.805644020624456,
      41.92710534445941,
      41.21682746037841,
      34.89494111016393,
      44.393302464298905,
      40.13303035292775,
      40.82176526617259,
      40.357293628528716,
      42.446374943293634,
      49.577688673324886,
      42.41496539991349,
      47.91094245687127,
      45.674806823767724,
      44.10124916993082,
      44.048210569657385,
      36.70481432080269,
      45.73973693773151,
      44.3602979535237,
      47.01538318581879,
      46.88828232903033,
      46.097230648249386,
      48.1578713927418,
      49.08602829910815,
      46.82280155681074,
      48.393185605853795,
      49.13347793854773,
      50.36901809629053,
      54.67763362098485,
      49.12624190151691,
      50.83663698993623,
      50.60580201540142,
      39.667854722216724,
      51.670660286024216,
      53.75608866307884,
      49.19437211100012,
      49.80404106583446,
      52.72618460468948,
      50.59279254283756,
      52.59656921159476,
      54.40248323027045,
      61.60941017791629,
      53.762972633726896,
      52.08294538743794,
      53.823569737561044,
      53.227789604105055,
      55.40095041245222,
      54.921678346022965,
      51.37137051783502,
      53.13798718992621,
      53.90066302679479,
      60.912273907288906
    ],
    "sla_eMBB": [
      0.16700402077287435,
      0.484086940685908,
      0.15993019887556634,
      0.174081877519687,
      0.30814004987478255,
      0.1664704006165266,
      0.17602621760219336,
      0.16727511004855236,
      0.16662377296636502,
      0.1689667750398318,
      0.17988185487687589,
      0.16412228661278883,
      0.15996441195408503,
      0.1780676108971238,
      0.1431983128314217,
      0.16658574658135572,
      0.15614729288965465,
      0.15394734310607117,
      0.20384289401272931,
      0.16231023836880923,
      0.16903476065645615,
      0.14341415669769048,
      0.19735307383040587,
      0.1595404678831498,
      0.17859542448073626,
      0.1481131216014425,
      0.5082984928538402,
      0.17044100016355515,
      0.15305420224865277,
      0.1612028739353021,
      0.16108729739983876,
      0.15877579453090826,
      0.11800849082569281,
      0.1955354685584704,
      0.2777385674354931,
      0.17665630033860605,
      0.17337257824838162,
      0.17286945588886737,
      0.20994332571824392,
      0.16307940121740103,
      0.1541953580578168,
      0.17372589867562055,
      0.16372371211647987,
      0.16132739956180256,
      0.14008729917307694,
      0.1716982265810172,
      0.1765278196707368,
      0.16651464639852445,
      0.15849569637328387,
      0.1671605496108532,
      0.15613211132586002,
      0.17544014930725096,
      0.19947956220557292,
      0.16324789597342412,
      0.16810725027074416,
      0.15056192425390086,
      0.16907091453671455,
      0.16173395857214928,
      0.16532879860450825,
      0.16370104879140854,
      0.12870606002708276,
      0.17098143503069876,
      0.16786974458644788,
      0.15476367253810167,
      0.1619165199995041,
      0.1632707814996441,
      0.16786391814549764,
      0.16872694784154493,
      0.1873777993520101,
      0.24899746492505073,
      0.16329210869967936,
      0.16404363988588253,
      0.18191524715473253,
      0.1832540959616502,
      0.17007788615922134,
      0.18393051757166784,
      0.17172987783948582,
      0.16097085980077586,
      0.1629719700664282,
      0.1611657882978519
    ],
    "sla_URLLC": [
      0.3590119707584381,
      0.2755989969521761,
      0.42542057201266287,
      0.4381639657914638,
      0.2827688926458359,
      0.4337692986428738,
      0.37689821551243463,
      0.38885058025519054,
      0.44060860643784205,
      0.4276910002032916,
      0.4782521732648214,
      0.42812051127354306,
      0.42638760566711426,
      0.410087093859911,
      0.7324856632947921,
      0.4813911238809427,
      0.433787616143624,
      0.47147542878985405,
      0.45473297938704493,
      0.46244612147410713,
      0.46419779206315676,
      0.7553446151812871,
      0.45391737326979636,
      0.5062951575219631,
      0.49227020526925724,
      0.4591550259788831,
      0.3135490047931671,
      0.462935506850481,
      0.4414839690923691,
      0.4422974694768588,
      0.5105125598112742,
      0.515715760588646,
      0.8917679985364279,
      0.47750227322181066,
      0.3424531212449074,
      0.5027858785788218,
      0.48721781422694527,
      0.5242813476920127,
      0.5304286160071691,
      0.5247721908489863,
      0.8993898538748423,
      0.5656312947471936,
      0.5715611908833186,
      0.5495179979006449,
      0.6085634196798007,
      0.5629810041189194,
      0.539688704808553,
      0.6072964535156886,
      0.5965398310621579,
      0.5957164992888768,
      0.6297280583779017,
      0.6180605299274127,
      0.5954374818007151,
      0.6505303621292114,
      0.6397505164146423,
      0.6739642892281215,
      0.7056291653712591,
      0.6636105362574259,
      0.6439284364382426,
      0.6477851756413777,
      0.9684541217486063,
      0.7067969133456548,
      0.7010706186294555,
      0.6015031506617864,
      0.6389282256364822,
      0.6772122768561045,
      0.6369127233823141,
      0.6951866298913956,
      0.7131265558799108,
      0.607106491525968,
      0.6842595944801967,
      0.6543469337622324,
      0.6515733553965887,
      0.672418605486552,
      0.7030291535456975,
      0.6719211316108704,
      0.640344509879748,
      0.6507435389359792,
      0.6656508346398672,
      0.7772006875276566
    ],