{
  "args": {
    "method": "ippo",
    "drift": "multi",
    "n_agents": 3,
    "n_slices": 3,
    "horizon": 150,
    "episodes": 80,
    "seed": 9,
    "hidden": 64,
    "ppo_epochs": 4,
    "lr_ippo": 0.0005,
    "severity": 2.0,
    "log_every": 80,
    "outdir": "results"
  },
  "metrics": {
    "episode_reward": [
      32.69046933141848,
      26.571010686457157,
      33.60474085249007,
      34.61564244826635,
      33.35074290881554,
      34.489584129303694,
      34.773025800163545,
      35.336881432682276,
      30.400209981327254,
      31.086752120405436,
      32.32085187236468,
      36.52798934777578,
      37.498531530300774,
      38.083148865029216,
      38.91644794431826,
      37.404680609703064,
      38.84791431762278,
      35.7456858176738,
      35.384855814278126,
      36.50139585261544,
      36.174651926383376,
      37.58513391204178,
      35.82049930840731,
      38.751162092511855,
      35.041886638229094,
      34.59989764665564,
      41.52108198776841,
      37.96279909585913,
      34.29788374528289,
      39.27454689579705,
      38.69882138135532,
      35.51220948745807,
      39.79266563182076,
      40.67775859683752,
      42.13407338038087,
      32.60008327911297,
      45.31276140610377,
      38.72702878403167,
      36.30909862369299,
      47.17187771201134,
      42.71426806474725,
      43.67521980280677,
      40.51385090562204,
      43.79383037301401,
      44.256598898520075,
      48.96919376651446,
      45.27886278741062,
      52.66769593209028,
      48.6238093910118,
      43.27626792714,
      46.03440269393226,
      45.6960105082641,
      49.05470032679538,
      48.048512030392885,
      48.85074387242397,
      48.147754956036806,
      49.90642239463826,
      51.1909623965621,
      48.87914149835706,
      48.99066385688881,
      35.524150216951966,
      48.3605396511654,
      49.26388249360025,
      49.222007339199386,
      50.97704712922374,
      51.47499451413751,
      50.00284735610088,
      61.109184846282005,
      51.40149965385596,
      51.11537746588389,
      51.10308872473737,
      52.32866705209017,
      52.91059996932745,
      54.063743288318314,
      54.41432308219373,
      52.47799245888988,
      62.84592084089915,
      68.92754819989204,
      54.62287287414074,
      53.33837782591581
    ],
    "sla_eMBB": [
      0.16387215714280803,
      0.1766700605303049,
      0.16884644812593858,
      0.15927266338219245,
      0.1573382805349926,
      0.17952893876160184,
      0.16525307305157186,
      0.16277131161962946,
      0.16370316504190366,
      0.1677733683399856,
      0.16678234880790113,
      0.16518010647346576,
      0.21052747880419095,
      0.15848339575653275,
      0.18380579576517145,
      0.16007329603036244,
      0.17733894812564055,
      0.14322174375255903,
      0.17289519546553492,
      0.16505749683827162,
      0.160578806810081,
      0.1663952275303503,
      0.1688455969716112,
      0.17592498858769734,
      0.17145467798536024,
      0.1930371296964586,
      0.20481524534523488,
      0.17202223749210438,
      0.1517516613441209,
      0.16808965729549527,
      0.16062681979189317,
      0.16852834655592838,
      0.18233874801546335,
      0.1627399229755004,
      0.17431829672927657,
      0.10471084361275038,
      0.14699038011332352,
      0.28991846927131215,
      0.18359508593877158,
      0.14445856543568272,
      0.16368293994416794,
      0.17181830252210298,
      0.17753318378080923,
      0.1749329824062685,
      0.17293876686443885,
      0.1621206370741129,
      0.16326433199147383,
      0.239166362931331,
      0.19962723893423875,
      0.1676578142680228,
      0.17614660279204447,
      0.178186001367867,
      0.20100881413867075,
      0.1791287927950422,
      0.1899953738413751,
      0.1813207405929764,
      0.23043356802314519,
      0.19275799926991263,
      0.17459774464989702,
      0.18863007904961704,
      0.14997107793887457,
      0.1851636015996337,
      0.18468786775444945,
      0.1802782101680835,
      0.18780979088818034,
      0.17526564138631026,
      0.18194367372741302,
      0.2560656334956487,
      0.1646381480495135,
      0.16974452675009769,
      0.17870660553996762,
      0.18244902115315198,
      0.17682865530873337,
      0.1824842621386051,
      0.19915056109428406,
      0.1776911514128248,
      0.25165838370720545,
      0.25842679890493553,
      0.18705253155281146,
      0.17866281487047672
    ],
    "sla_URLLC": [
      0.40345152039080856,
      0.2826234201093515,
      0.4251052709668875,
      0.424686391800642,
      0.4139765421052774,
      0.42459405332803724,
      0.44474584420522056,
      0.428635190675656,
      0.35402058268586795,
      0.3876777606209119,
      0.49504391034444173,
      0.4495821544031302,
      0.37377706142763295,
      0.4632889970391989,
      0.4643328028917313,
      0.46790616288781167,
      0.4610117071121931,
      0.4569283936917782,
      0.43670755356550217,
      0.46151705279946326,
      0.4513629517207543,
      0.47028969767193,
      0.4437375758836667,
      0.46562500794728595,
      0.4206817045311133,
      0.40772263452410695,
      0.4581134813527266,
      0.4896366601188978,
      0.4354107669989268,
      0.48245430216193197,
      0.4891789236664772,
      0.44709039320548377,
      0.48610806186993916,
      0.5151653563479582,
      0.5004277735948562,
      0.8919148806730907,
      0.8478533625602722,
      0.3137334510187308,
      0.4537600238621235,
      0.8780726993083954,
      0.533061560081939,
      0.5344336952269078,
      0.47201525678237277,
      0.5310834947725137,
      0.5682285122573376,
      0.9038924853006999,
      0.5542466017603874,
      0.54956814194719,
      0.5333117462197939,
      0.5501635973155499,
      0.5629231235881647,
      0.5672595070302486,
      0.5988475356996059,
      0.5738628563781579,
      0.5980819889903068,
      0.5813594224055608,
      0.5884735922018687,
      0.6243231765429179,
      0.6244851791858673,
      0.5826087179780006,
      0.5884029923876126,
      0.571998594601949,
      0.5875846627354622,
      0.6081115691363812,
      0.5985927161574364,
      0.6183845536907514,
      0.5965533048907916,
      0.6007425883412361,
      0.6575508796175321,
      0.6038457758227984,
      0.6037514578799407,
      0.6098934937516848,
      0.6170789193113645,
      0.6466440278291702,
      0.6128576659162839,
      0.6066562222441038,
      0.612294212381045,
      0.650256090760231,
      0.6223598805069923,
      0.6182370473941167
    ],