{
  "args": {
    "method": "ippo",
    "drift": "multi",
    "n_agents": 3,
    "n_slices": 3,
    "horizon": 150,
    "episodes": 80,
    "seed": 6,
    "hidden": 64,
    "ppo_epochs": 4,
    "lr_ippo": 0.0005,
    "severity": 1.0,
    "log_every": 80,
    "outdir": "results"
  },
  "metrics": {
    "episode_reward": [
      43.33218800649047,
      30.582970692465704,
      36.20226217682163,
      35.74914412262539,
      31.643343836069107,
      30.237069406857092,
      40.99703958816826,
      40.61830335917572,
      39.36432314539949,
      39.111405628422894,
      36.10849838703871,
      36.39589814158777,
      39.07576033659279,
      38.57840030454099,
      37.65731400127212,
      37.75316332653165,
      38.23469138766328,
      39.739816365142666,
      31.87027649457256,
      38.73838506825268,
      38.767597472916044,
      37.82197142764926,
      37.70634105801582,
      39.67142193454007,
      38.20130984919766,
      42.21329712495208,
      35.69499012765785,
      36.66691436432302,
      39.98438906607529,
      40.569204361488424,
      44.78654436084131,
      38.77843428465227,
      47.18279144540429,
      45.11452948985001,
      46.69163228074709,
      47.19700677320361,
      36.590785109748445,
      43.857700414955616,
      38.86989720662435,
      44.668217934668064,
      49.267205241446696,
      46.327505553141236,
      48.45326774132749,
      48.641594222436346,
      51.26002173498273,
      51.817378809675574,
      50.49611081555486,
      51.753243189925946,
      44.09425048964719,
      40.760753927752376,
      52.60867588967085,
      51.65592130521933,
      48.588081343720354,
      54.68784806256493,
      50.22814568566779,
      52.880390260989465,
      49.682866114502154,
      54.67585436441004,
      47.07779408122102,
      53.66447541986903,
      49.13787533839544,
      49.92582754790783,
      49.27974612762531,
      50.57747886454066,
      38.90735254995525,
      57.09266015390555,
      58.835184367373586,
      52.928726418564715,
      54.327151235193014,
      55.0255459677428,
      60.51728033274412,
      52.47542475474378,
      55.95719076320529,
      59.148534428328276,
      57.404996971289314,
      56.95508751086891,
      50.939457486073174,
      59.440136325235166,
      63.801666804899774,
      59.873497093717255
    ],
    "sla_eMBB": [
      0.15632230858008067,
      0.1689013986599942,
      0.16087465533365805,
      0.18058655112981797,
      0.23730529141922793,
      0.17527052331715823,
      0.17261526960879564,
      0.1817598764350017,
      0.172877367498974,
      0.1718225670126655,
      0.14498265385627745,
      0.15989683359861373,
      0.16547096392760674,
      0.16743688157449166,
      0.16967370587090652,
      0.168512609663109,
      0.16057309300949177,
      0.13491709424803655,
      0.16728082322205107,
      0.16279026125868162,
      0.16548083701481422,
      0.16527517331764102,
      0.18307782555619875,
      0.23307813230901955,
      0.18866359771539767,
      0.16412470874687035,
      0.19002747753014168,
      0.1740319525822997,
      0.18465407965083916,
      0.1711176926891009,
      0.17319082004328568,
      0.1871059328565995,
      0.19139344230294228,
      0.15189554510017236,
      0.1645590277140339,
      0.17992016189421217,
      0.1906598919754227,
      0.17261297404766082,
      0.17108826126903295,
      0.16910159271831313,
      0.17462997671216726,
      0.17540462619935474,
      0.17483709796021382,
      0.19037943224112192,
      0.1897889826570948,
      0.1646997299293677,
      0.17026774474730094,
      0.18084076867749294,
      0.16349992657701173,
      0.16032222870116433,
      0.1794650257875522,
      0.16238536983728408,
      0.15043122302740813,
      0.22906041100621224,
      0.2105833847820759,
      0.17534832059095304,
      0.19597606021910907,
      0.17093566903223595,
      0.1788961775849263,
      0.16611448002358278,
      0.18048267004390559,
      0.17268017385620624,
      0.1695647688706716,
      0.18244282010942697,
      0.13874270711094142,
      0.19287149315079052,
      0.16274702696750562,
      0.17794784204413494,
      0.16996324258546033,
      0.18299222401032844,
      0.1739355428889394,
      0.16528857120623192,
      0.22950582812229792,
      0.1642866216103236,
      0.17539661938945453,
      0.19295956142246723,
      0.1692320049740374,
      0.17964822169393302,
      0.14758469469845295,
      0.17390286712596814
    ],
    "sla_URLLC": [
      0.5376813364886524,
      0.3572843860834837,
      0.4546387932697932,
      0.41235606228311855,
      0.2818030308435361,
      0.28323512747883794,
      0.5012090770900249,
      0.5076204241812229,
      0.4984084989130497,
      0.48893908749024073,
      0.4516167476276557,
      0.43109642557799815,
      0.4661774984995524,
      0.47278134676317374,
      0.46763831868767736,
      0.4886920920448999,
      0.4803878548244635,
      0.7404388984044393,
      0.4222916618982951,
      0.4921545181920131,
      0.4685770270973444,
      0.4875758663813273,
      0.4521791525185108,
      0.4203919863700867,
      0.4600740297899271,
      0.508469448685646,
      0.41750938539703686,
      0.45208306178450586,
      0.487502681662639,
      0.49566755021611847,
      0.5267260878036419,
      0.47036881506443023,
      0.553696199953556,
      0.5582770542800426,
      0.6260094040135542,
      0.6007840779423713,
      0.421232621918122,
      0.5532759998738765,
      0.462775189379851,
      0.561146731376648,
      0.6994114862879117,
      0.6563020179669062,
      0.6366595523556073,
      0.6825095648566882,
      0.5917568667232991,
      0.676983960767587,
      0.692432292997837,
      0.7142019166549047,
      0.5726655848821004,
      0.6786543177564939,
      0.6754957691331704,
      0.719470881720384,
      0.922300755182902,
      0.5668008550008138,
      0.6685846013824145,
      0.722909441292286,
      0.6565036846200625,
      0.7642785795529683,
      0.641502419412136,
      0.7930858594179153,
      0.6637523025274277,
      0.6703382832805316,
      0.6397477432092031,
      0.7072618797421455,
      0.7185139661530654,
      0.7705593779683113,
      0.8451099906365077,
      0.7283513710896174,
      0.7670321397980054,
      0.761173492372036,
      0.8784646675984065,
      0.7495393565297127,
      0.6016454780101776,
      0.8464939961830775,
      0.7944369894266129,
      0.7891301105419795,
      0.7064581697185834,
      0.8594632401069006,
      0.9291065812110901,
      0.834481970469157
    ],