{
  "args": {
    "method": "ippo",
    "drift": "multi",
    "n_agents": 3,
    "n_slices": 3,
    "horizon": 150,
    "episodes": 80,
    "seed": 5,
    "hidden": 64,
    "ppo_epochs": 4,
    "lr_ippo": 0.0005,
    "severity": 0.5,
    "log_every": 80,
    "outdir": "results"
  },
  "metrics": {
    "episode_reward": [
      38.57368306505183,
      33.05265208830436,
      47.107677103330694,
      40.230374577765666,
      37.117712040121354,
      42.488334604228534,
      39.44541105565926,
      41.864559783910714,
      46.91791428377231,
      40.296909810354315,
      43.55775200637678,
      47.288097547988095,
      47.262788512433566,
      47.62573925902446,
      44.78334220622977,
      46.820698415860534,
      45.23473557084799,
      36.6869042913119,
      42.917718433464564,
      49.872374860569835,
      46.111116848265134,
      52.660838609561324,
      45.296424313137926,
      43.82279643416405,
      50.12577816595634,
      46.13977991479138,
      56.66616375061373,
      61.632368509968124,
      54.9097895125548,
      47.74681317433715,
      53.44373364498218,
      61.45605535618961,
      45.25236123862366,
      52.18328446149826,
      46.34166217657427,
      54.21373818938931,
      46.815744743372,
      47.75003580997387,
      48.126158168539405,
      53.84696917173763,
      52.470617926989995,
      57.69778621941805,
      63.088543428728975,
      33.8600127119571,
      58.626694620897375,
      51.86404822704693,
      66.52595777933796,
      57.04989170283079,
      62.3814295878013,
      68.65428216569126,
      58.61335422595342,
      63.099202166001,
      67.35238007207711,
      62.00092997898658,
      64.22174262131254,
      37.814479283988476,
      58.782140205303826,
      63.90575129414598,
      64.60466441387932,
      65.3352057163914,
      64.40812805791695,
      56.63924819231033,
      60.93416095028321,
      69.03597886239488,
      69.25114851569136,
      65.37578018878897,
      82.3402799119552,
      51.13716726129254,
      59.08260223890344,
      64.64864934484164,
      75.86070115119219,
      69.94442608704169,
      58.65918972902,
      67.8857702165842,
      64.94389564171433,
      55.83624649668733,
      68.82324986283977,
      69.39126232390602,
      60.03926516324282,
      61.071837962294616
    ],
    "sla_eMBB": [
      0.18586775586009024,
      0.1442025560575227,
      0.17108338012049595,
      0.1707836079597473,
      0.17389466998477776,
      0.16540023391445477,
      0.16682772886008024,
      0.1796841199323535,
      0.18411339224626622,
      0.15945176418870688,
      0.1742680211365223,
      0.15676000432421763,
      0.16251952556272348,
      0.1823079735909899,
      0.16448275953531266,
      0.1937729825327794,
      0.17548759726186594,
      0.1557680136958758,
      0.1974144308641553,
      0.18039202685157457,
      0.18386553059021632,
      0.1653425496816635,
      0.18569969796886046,
      0.15789361465722324,
      0.1581079058915687,
      0.15424624092876912,
      0.160131926437219,
      0.15856460495541494,
      0.16304087452590466,
      0.1838088150943319,
      0.1423181909819444,
      0.21966717675328254,
      0.1563711785276731,
      0.17222201123833655,
      0.1591812100633979,
      0.15017613732566437,
      0.14791264380017916,
      0.13084997113173208,
      0.1545118559276064,
      0.16716392630090315,
      0.14687530387658626,
      0.1437017031510671,
      0.15249452440689007,
      0.13581864611556133,
      0.15575322347382706,
      0.16085456571231285,
      0.17422130513936282,
      0.16828067687650522,
      0.18852186122288306,
      0.1740483876069387,
      0.17161352844287953,
      0.16968637138605117,
      0.16018650735418002,
      0.15704166542738676,
      0.16739636446038883,
      0.1252064201235771,
      0.16586010430008172,
      0.14385619000842173,
      0.14161689317474763,
      0.12898580266783635,
      0.13166652522981168,
      0.13154927478482326,
      0.130313981945316,
      0.12439118765294552,
      0.13882682558149098,
      0.14111238018920025,
      0.15195896660288175,
      0.1362750443816185,
      0.15033390859762827,
      0.13455733318502705,
      0.14371756173670291,
      0.14702107910066842,
      0.1597948391735554,
      0.16050759615997473,
      0.17802525959908963,
      0.13382579845686754,
      0.16724685065448283,
      0.1893077578023076,
      0.18485752650847037,
      0.190677708350122
    ],
    "sla_URLLC": [
      0.39338294580578803,
      0.3959350908299287,
      0.582331060965856,
      0.4672575325270494,
      0.441159411718448,
      0.4995008248587449,
      0.48348648340751726,
      0.5100923182070255,
      0.5684004167964061,
      0.501165195023641,
      0.46343814544379713,
      0.6043116826812426,
      0.6007004349927108,
      0.48303161409993967,
      0.5063917904595534,
      0.5023971841732661,
      0.5732374109327794,
      0.5074512751400471,
      0.5495685550291092,
      0.6265599131584167,
      0.5635940876106421,
      0.7021138008435567,
      0.5923218168814977,
      0.5551894191900889,
      0.6143310521543026,
      0.6207887288431326,
      0.7368581330776215,
      0.8454684805870056,
      0.751708801984787,
      0.6159547017204264,
      0.7587488142649332,
      0.7868560500939688,
      0.6478445160388947,
      0.7185075950622558,
      0.6506342501938343,
      0.7339846805731456,
      0.5858156676590442,
      0.7997566732764244,
      0.6459728507697582,
      0.7249549994866054,
      0.7772986476620038,
      0.8223658988873164,
      0.8567149078845978,
      0.7589699635903041,
      0.7852850932876269,
      0.5298050513863564,
      0.8986289811134338,
      0.7909685055414836,
      0.8209003802140554,
      0.7055696974198024,
      0.7691739631692568,
      0.8379456543922424,
      0.9364154342810312,
      0.859948574701945,
      0.8758483680089315,
      0.9428903857866923,
      0.8298893895745277,
      0.9097691877683004,
      0.9066396061579386,
      0.9375337398052216,
      0.8869419713815053,
      0.801835660537084,
      0.8480455076694489,
      0.9631216692924499,
      0.9664124806722005,
      0.9120235216617584,
      0.8217570622762044,
      0.8971746961275736,
      0.854735269943873,
      0.9104321487744649,
      0.8350821222861607,
      0.9593693415323893,
      0.8499651040633519,
      0.9410664331912995,
      0.8788227997223537,
      0.9313055483500162,
      0.9514323492844899,
      0.7966005671024322,
      0.8244840254386266,
      0.8026586470007896
    ],