{
  "args": {
    "method": "ippo",
    "drift": "multi",
    "n_agents": 6,
    "n_slices": 3,
    "horizon": 150,
    "episodes": 80,
    "seed": 1,
    "hidden": 64,
    "ppo_epochs": 4,
    "lr_ippo": 0.0005,
    "severity": 1.5,
    "log_every": 80,
    "outdir": "results"
  },
  "metrics": {
    "episode_reward": [
      35.80251146387309,
      37.4852800934265,
      35.947108706769846,
      33.823990415781736,
      35.13795339781791,
      41.86208524120351,
      36.105527261582516,
      36.4670087772732,
      34.95173665788025,
      37.678020390992366,
      43.034583922475576,
      35.82024587380389,
      39.22122097046425,
      36.998044370363154,
      37.74992356232057,
      37.64019693030665,
      36.6091378784428,
      37.802818685770035,
      35.841415976174176,
      39.34647942210237,
      45.407432662012674,
      36.994511712652944,
      40.07596771170696,
      40.41478779166937,
      40.40257186690966,
      41.0626757228747,
      41.57230807685604,
      41.11579816881567,
      40.196673883125186,
      46.04142777187129,
      42.057563690158226,
      50.300775340137385,
      44.52931830845773,
      46.54728264703105,
      47.58160504202048,
      41.51978269064178,
      46.53413404027621,
      38.387285482138395,
      43.06512469301621,
      55.60128542687744,
      44.43947394440571,
      46.05203269794583,
      50.84249574691057,
      51.63032404643794,
      45.73949615377933,
      45.846615446421005,
      46.87212352796147,
      54.29988204936186,
      49.86006825665633,
      49.9342145184055,
      45.94325657033672,
      46.32828623832514,
      49.773197453158595,
      48.7962161321193,
      48.35724250382433,
      37.75679226654271,
      49.02986719210943,
      49.1184209358568,
      49.89898521732539,
      51.03865253149221,
      49.39155421902736,
      49.35807840836545,
      47.186063105861344,
      47.033488590580724,
      50.24312531823913,
      52.526564412750304,
      49.45263809058815,
      49.40369352170577,
      50.778191236779094,
      51.91885427633921,
      49.867890284086265,
      51.099186396847166,
      36.833486738304295,
      51.87810133583844,
      49.985852651918925,
      56.1345608625561,
      50.55625625047833,
      52.989776018696524,
      50.38428933328638,
      52.02646694891155
    ],
    "sla_eMBB": [
      0.173694177120924,
      0.16830072614053884,
      0.1609507000632584,
      0.16180448195586603,
      0.15832275923341513,
      0.13705387213577827,
      0.1682593784853816,
      0.1638697363001605,
      0.15343253095944723,
      0.1630742338486016,
      0.20370012181500594,
      0.16696708049625159,
      0.15295824153348803,
      0.18503506624450286,
      0.15438524592667818,
      0.15942736153801282,
      0.1594528794164459,
      0.17709611658006907,
      0.16689436400930086,
      0.15193449418991803,
      0.22421595508853595,
      0.16903591460237902,
      0.17307368940363327,
      0.39140350562830767,
      0.17276999394098919,
      0.17665533914851644,
      0.16023562548061213,
      0.36071651174376407,
      0.163576610746483,
      0.15028577708949645,
      0.17932909292479357,
      0.22730431099732717,
      0.1677217089012265,
      0.1632569865634044,
      0.18424674569318691,
      0.31331661791851123,
      0.22726511585215728,
      0.15665176246936122,
      0.16953810699284078,
      0.20351139763991039,
      0.17805431106438238,
      0.17540197943647703,
      0.2079481736694773,
      0.21565201943119366,
      0.17312852363412579,
      0.17741596756502986,
      0.1822628367257615,
      0.22114703839023908,
      0.21229530923068524,
      0.20069490071386098,
      0.17008108213543893,
      0.17511077109724282,
      0.1808268897111217,
      0.1455476316437125,
      0.19884571491430203,
      0.1335180812701583,
      0.18122964317599932,
      0.1810612552240491,
      0.17410110926876465,
      0.2010236999578774,
      0.18863532412797213,
      0.1790088325366378,
      0.18090677627672752,
      0.19143036936720212,
      0.20558190324654183,
      0.200279287447532,
      0.2103000051404039,
      0.17677988025049368,
      0.1818805006146431,
      0.19994322294990222,
      0.2199860430508852,
      0.18117435303827126,
      0.14836846619844438,
      0.20800994447122018,
      0.17427441315104564,
      0.20987243995070456,
      0.18498351484537123,
      0.17622251943995557,
      0.1721981413414081,
      0.2207387190933029
    ],
    "sla_URLLC": [
      0.43504807432492576,
      0.469778887629509,
      0.45022979920109113,
      0.42812024148801964,
      0.42792222504814464,
      0.7950612898667654,
      0.4102946249147256,
      0.44832226204375425,
      0.44804495965441066,
      0.45633965626358985,
      0.4670872252434492,
      0.4433375447243452,
      0.49370537139475346,
      0.4486585040638844,
      0.4857087997595469,
      0.4628368981430928,
      0.44481720253825185,
      0.4446857127174735,
      0.45612647640208404,
      0.4964439316590627,
      0.4899842934310436,
      0.4423305967698495,
      0.5142270809908708,
      0.3319003184636434,
      0.5178331064184507,
      0.5309885856509209,
      0.5156637614468733,
      0.3467273003856341,
      0.5062175581852595,
      0.8633653155962626,
      0.5369867645700772,
      0.5202358964085579,
      0.5907876893132925,
      0.5765833021203677,
      0.5303589367866516,
      0.35512153287728626,
      0.5669208363691965,
      0.6266563442349434,
      0.5492250820994378,
      0.7119046602646509,
      0.5443098680178324,
      0.5764483267068863,
      0.5722116712729136,
      0.569474436144034,
      0.5822044480840365,
      0.5903425174951553,
      0.565978135963281,
      0.5963994677861532,
      0.5535936521490415,
      0.661383257607619,
      0.6231969530383746,
      0.591983448266983,
      0.6767426446080208,
      0.9442585154374441,
      0.5816342554489772,
      0.9539117797215779,
      0.646406371196111,
      0.6070019988218943,
      0.6389175288875898,
      0.6344203188021977,
      0.6278127788503964,
      0.632663993537426,
      0.5861915110548337,
      0.5629656207561493,
      0.5982356217503547,
      0.6289851048588753,
      0.581595770418644,
      0.6116554750005404,
      0.6163044836123784,
      0.6164044823249181,
      0.6019641728202502,
      0.6466224827369054,
      0.6206716649731,
      0.6237076479196548,
      0.6326522272825241,
      0.5992040650049846,
      0.6244160935282708,
      0.6872853165864945,
      0.6167853477597237,
      0.5942382814486822
    ],