{
  "args": {
    "method": "ippo",
    "drift": "multi",
    "n_agents": 3,
    "n_slices": 3,
    "horizon": 150,
    "episodes": 80,
    "seed": 7,
    "hidden": 64,
    "ppo_epochs": 4,
    "lr_ippo": 0.0005,
    "severity": 0.5,
    "log_every": 80,
    "outdir": "results"
  },
  "metrics": {
    "episode_reward": [
      38.73192931525409,
      46.0747289887319,
      38.87491702971359,
      34.51988289194802,
      35.5773659174641,
      44.022915414224066,
      34.789933164293565,
      50.44350723053018,
      38.39835453654329,
      47.94558569602668,
      41.52330214716494,
      44.59980161984762,
      39.321402402594686,
      45.27726145771643,
      43.78411884792149,
      51.87590025241176,
      33.861340402935944,
      38.83868479852875,
      38.70996100703875,
      36.781412947302066,
      44.23419873726865,
      53.04669453886648,
      50.863663072387375,
      47.38448808838924,
      44.664826648930706,
      46.94058303845426,
      47.91881310380995,
      44.497028555100165,
      53.633912118151784,
      45.993297985444464,
      51.5463918770353,
      47.6114075264583,
      34.10091086601218,
      51.791708612193666,
      57.43095667908589,
      47.05123783648014,
      49.9270517869542,
      49.11528891324997,
      52.24146826006472,
      52.20721544822057,
      63.88812702024976,
      51.36097825753192,
      52.12219995756944,
      57.20725331827998,
      44.38198700547218,
      38.96853065490723,
      56.0953120427827,
      63.282571114599705,
      54.3119410003225,
      48.65782378427684,
      49.29826641082764,
      68.33672806372245,
      60.030586594715714,
      69.14183479299147,
      58.30064437352121,
      64.00682259475191,
      63.54192358876268,
      56.821484480053186,
      91.67672851433356,
      57.611013085891805,
      65.44631813342373,
      67.0988544113934,
      57.094371404498816,
      81.15302144611876,
      60.66471718251705,
      66.64009259020288,
      66.70053362101316,
      64.83217035979033,
      58.27933085461458,
      63.31866341456771,
      63.935653944810234,
      84.02067634214957,
      64.15572285527985,
      58.947621474663414,
      70.04194487755497,
      63.62724863861998,
      66.13294284356137,
      72.91639808317025,
      71.28507959345977,
      79.55383778735995
    ],
    "sla_eMBB": [
      0.1639205908216536,
      0.16942023629943528,
      0.17410498888542256,
      0.15185492762674888,
      0.1669990369056662,
      0.15522394083440305,
      0.1753387800604105,
      0.1783968609198928,
      0.16331844571977855,
      0.19622806559006373,
      0.17076770653327306,
      0.1618833129076908,
      0.15017287950962782,
      0.16431494469443958,
      0.16851163595914842,
      0.19662285276999075,
      0.16686400076995292,
      0.1746100382382671,
      0.16163364071398972,
      0.1632896344612042,
      0.16407330938925346,
      0.17138750543196996,
      0.1572784771770239,
      0.19124564953148365,
      0.16345906037837266,
      0.18561908123393853,
      0.14632425542920827,
      0.18592842864493528,
      0.15101804602891206,
      0.1774349214633306,
      0.16924746451278527,
      0.16537343204021454,
      0.16192005460460981,
      0.16316128933802246,
      0.16813926046093305,
      0.16010761770109336,
      0.17972501213351885,
      0.15580595207711062,
      0.14765733756124974,
      0.1728630714242657,
      0.16240090621014436,
      0.15574686907231808,
      0.1415704275170962,
      0.15008941990633806,
      0.14398757011940083,
      0.13861465834081174,
      0.15916782399018606,
      0.15380101182187597,
      0.13777760667105515,
      0.14535373800744614,
      0.13999950108428796,
      0.164501973601679,
      0.1482765826707085,
      0.15661476664245128,
      0.16265192333608866,
      0.16638994943350555,
      0.13546462232867876,
      0.1643447690581282,
      0.20991588346660137,
      0.15216024067252876,
      0.13951647233217954,
      0.17142016655455034,
      0.16333059596518676,
      0.19514801499744255,
      0.15928900245577096,
      0.15644836710145077,
      0.1499959575633208,
      0.16376627396792173,
      0.15843978335460027,
      0.17832649160176517,
      0.1818786347657442,
      0.1869610802953442,
      0.16318979721516372,
      0.14838923015942176,
      0.1339723749955495,
      0.16033987904588382,
      0.15319445608804624,
      0.15547962171336016,
      0.13275646913796663,
      0.16295983280986548
    ],
    "sla_URLLC": [
      0.4672350943026443,
      0.5506700217227141,
      0.46693343326449394,
      0.5602523615956306,
      0.5857565914591153,
      0.5251807400584221,
      0.3214082368214925,
      0.6587201976776123,
      0.47422516394096115,
      0.5758430396517118,
      0.5131562457916637,
      0.5840568748116494,
      0.5359213522511224,
      0.585551480303208,
      0.5798796922961871,
      0.5293973950544993,
      0.3789549970766529,
      0.4931762417157491,
      0.4588863267997901,
      0.42737914765874546,
      0.5499713038901488,
      0.6833591140309969,
      0.653422386397918,
      0.5568533886969089,
      0.5290815585354964,
      0.5862312094370524,
      0.6474981525478264,
      0.4608765286207199,
      0.7126322038968405,
      0.7442153232296308,
      0.553025755683581,
      0.599456338584423,
      0.7937632069985072,
      0.6613911571602027,
      0.8044821427265803,
      0.5526722276707491,
      0.6544617110180359,
      0.6425838408867518,
      0.7404697085916996,
      0.6785279514392217,
      0.8711484634876251,
      0.6705820944408576,
      0.6794075428446134,
      0.8161079957087835,
      0.7482938742637635,
      0.9238386865456899,
      0.7606377458572388,
      0.8273983389139176,
      0.7339512850840887,
      0.6319645367066066,
      0.796611703634262,
      0.9204020504156748,
      0.8407197274764379,
      0.93026686668396,
      0.7645634518067042,
      0.8477626057465871,
      0.8052979505558808,
      0.9034535912672679,
      0.8711931816736858,
      0.8376086139678955,
      0.897813413143158,
      0.8914096007744471,
      0.7720743425687154,
      0.7706938113768895,
      0.8090066492557526,
      0.8646161266167959,
      0.9110507082939148,
      0.8654821296532949,
      0.8268579884370169,
      0.8190702711542447,
      0.8950793385505676,
      0.8149321426947912,
      0.8311127869288126,
      0.7905976249774297,
      0.933109793861707,
      0.8089721723397573,
      0.8907176613807678,
      0.9706189600626628,
      0.9430676070849101,
      0.8614354338248571
    ],