{
  "args": {
    "method": "ippo",
    "drift": "multi",
    "n_agents": 3,
    "horizon": 150,
    "episodes": 80,
    "seed": 1,
    "hidden": 64,
    "ppo_epochs": 4,
    "lr_ippo": 0.0005,
    "severity": 2.0,
    "log_every": 80,
    "outdir": "results"
  },
  "metrics": {
    "episode_reward": [
      35.60810566650085,
      34.0380080966486,
      35.08444282849217,
      38.766951191808225,
      30.68084247431513,
      42.1249954715423,
      36.626433008122795,
      34.59799303763592,
      34.83195067203294,
      31.761681229465964,
      38.45085028248533,
      35.32991335598958,
      35.97883673674533,
      35.02609275333171,
      36.04350885525349,
      37.08656721982277,
      34.19678029082718,
      36.77656550111457,
      35.34926361112546,
      37.91711368194472,
      45.255305826167294,
      38.65575398450925,
      40.75930248819706,
      38.08751381505538,
      39.73715797792085,
      40.481880498098,
      42.360372979959685,
      38.528908681431005,
      40.11241854064997,
      44.39647008698017,
      42.983572551690884,
      52.160823735449945,
      43.3073558602793,
      46.8984295114513,
      47.14619997352779,
      41.21725478439796,
      44.15688829030842,
      32.81685232348327,
      43.99560638910373,
      57.64408777496883,
      43.93912475653411,
      47.29990266602905,
      50.629611538661074,
      50.17020800469654,
      45.915104368748196,
      45.76066252572672,
      46.548921593961644,
      52.10642182168866,
      51.13615108377356,
      46.291644463605415,
      45.59696137420838,
      47.242781515419544,
      46.77534169701656,
      49.1364357760383,
      48.65419610122016,
      35.19681274787413,
      51.59067684252648,
      56.52032260886497,
      50.44055714761428,
      50.9271813234004,
      49.1505984734434,
      51.75962208318011,
      49.49112730278741,
      48.442788468570406,
      50.03919298671607,
      59.978234348735974,
      55.8167893778533,
      52.994104249340815,
      50.159821621928835,
      54.300873606155356,
      52.36680768263634,
      51.40240317353363,
      36.27494285373636,
      50.05698798810033,
      49.6521058413718,
      58.59260672386745,
      52.151484944630035,
      49.54146390923098,
      55.035257417170556,
      51.83085254016854
    ],
    "sla_eMBB": [
      0.16582131753365198,
      0.16303332848474383,
      0.15993397768586873,
      0.1579149220387141,
      0.14249306955064336,
      0.1354959081672132,
      0.17478983224059144,
      0.15660131864870588,
      0.1535557289266338,
      0.1532196226529777,
      0.20322601620107889,
      0.15797498520463704,
      0.14876329097275934,
      0.163001515828073,
      0.143336538883547,
      0.1432161325092117,
      0.15413253056506315,
      0.15752105267097552,
      0.15609931894888482,
      0.14328358811015884,
      0.2016394279524684,
      0.1498370739383002,
      0.1718855061630408,
      0.3116646405185262,
      0.15140435030062993,
      0.14606680946424602,
      0.1438561082755526,
      0.25474696402748426,
      0.1441151834713916,
      0.12198230077202121,
      0.14132414985448122,
      0.20160321650405724,
      0.14727646719664336,
      0.1354088216026624,
      0.16044325863321623,
      0.21735938885559639,
      0.15324820921445886,
      0.11397650646045804,
      0.14748281366502244,
      0.1555198235064745,
      0.14491667959839105,
      0.14149730312948425,
      0.16829485031465688,
      0.1855713785936435,
      0.14231011285757025,
      0.13988489034275214,
      0.13755651919171213,
      0.15943944128851095,
      0.16435542952269316,
      0.14170867533733447,
      0.12899572814193866,
      0.11548297808816035,
      0.10855486915757259,
      0.08034354974826177,
      0.10451170702154437,
      0.06772385193655889,
      0.08714517242275178,
      0.08249741561089953,
      0.10011708802854022,
      0.10446748330413054,
      0.10916988480215271,
      0.10114715099334717,
      0.09829295422881841,
      0.10041709703082839,
      0.1162531068486472,
      0.112947822821637,
      0.12196290690451861,
      0.11130523062000672,
      0.10626157384986679,
      0.12015529965981842,
      0.121854245296369,
      0.11389022655164202,
      0.09334132662663858,
      0.11955942766120037,
      0.10185950618858139,
      0.1369826591387391,
      0.11640855814019839,
      0.10173535840275387,
      0.11441678941249847,
      0.10341086516777674
    ],
    "sla_URLLC": [
      0.4299870942346752,
      0.435854479894042,
      0.44470349997282027,
      0.49472100811700026,
      0.3690781669815381,
      0.8018974145253499,
      0.4152284993728002,
      0.43150094951192536,
      0.4281193551669518,
      0.3936357885102431,
      0.3984255251536767,
      0.4464256016910076,
      0.46008321791887286,
      0.429850644270579,
      0.454908604323864,
      0.4735239335894585,
      0.41904312337438265,
      0.4572663073738416,
      0.4482316078990698,
      0.47595785255233447,
      0.48899482319752374,
      0.4787177636474371,
      0.5091757230957349,
      0.32639817237854,
      0.5171819619337717,
      0.516616387317578,
      0.5557890961070856,
      0.35069977273543673,
      0.5301619309186936,
      0.8614096705118816,
      0.5778132891903321,
      0.5388202753663063,
      0.5525958666702112,
      0.6029954136411348,
      0.5261842001974583,
      0.35685455600420635,
      0.552442137002945,
      0.592322824448347,
      0.5512027025719484,
      0.7423317891359329,
      0.5496973463892937,
      0.6038980542123318,
      0.5624529829124609,
      0.5516656851768493,
      0.5886314493914445,
      0.5891511289278666,
      0.5792920059462389,
      0.5825950323045254,
      0.5590895894169807,
      0.5800683029492696,
      0.6164377951622009,
      0.6198684861759345,
      0.6407678148150444,
      0.9664808170000712,
      0.660205446879069,
      0.950447297890981,
      0.7053922453522682,
      0.7660446926951409,
      0.6643428334593773,
      0.7165139764547348,
      0.6697194257378578,
      0.703303016424179,
      0.6848898507157961,
      0.6465865857402484,
      0.6484245290358861,
      0.8043860071897506,
      0.7435522603988648,
      0.7212263254324595,
      0.6672110024094582,
      0.7212272920211156,
      0.6931571926673253,
      0.7081099360187848,
      0.6868631245692571,
      0.6728004941344261,
      0.6804490153988202,
      0.660830500026544,
      0.6973964248100917,
      0.6568462865551313,
      0.7236082075039546,
      0.6781881801287333
    ],