{
  "args": {
    "method": "ippo",
    "drift": "multi",
    "n_agents": 3,
    "n_slices": 3,
    "horizon": 150,
    "episodes": 80,
    "seed": 7,
    "hidden": 64,
    "ppo_epochs": 4,
    "lr_ippo": 0.0005,
    "severity": 1.0,
    "log_every": 80,
    "outdir": "results"
  },
  "metrics": {
    "episode_reward": [
      36.31708051636815,
      38.427909360577665,
      34.9097392372787,
      34.20268637500703,
      34.21439536040028,
      39.80610320903361,
      31.80949698574841,
      41.76369979108373,
      35.65536803069214,
      39.84782728739083,
      36.964414378007255,
      40.092465633526444,
      36.58333695741991,
      37.97136377605299,
      38.15480511573454,
      43.37760017005106,
      31.20163428907593,
      35.34682684081296,
      35.69304462398092,
      35.74362547074755,
      39.95156232453883,
      43.49467251698176,
      42.340564804772534,
      38.563050555065274,
      40.81305545320114,
      42.4822202877452,
      41.91923529282212,
      41.041851330548525,
      44.20947243956228,
      38.05562991897265,
      47.42852550496658,
      39.395102716361485,
      32.78350738808513,
      44.00751989831527,
      42.21035180737575,
      38.2273490075022,
      42.340978399539985,
      42.48612619688114,
      43.272386725371085,
      45.511181964849435,
      50.04060895740986,
      43.386659226069845,
      43.94138934339086,
      47.03851792899271,
      35.83027568211158,
      36.636236334840454,
      44.13248664761583,
      53.38165067136288,
      45.520860290775694,
      40.193748557319246,
      41.429514249165855,
      53.69091110986968,
      47.50282943621278,
      53.841249169160925,
      49.169768580545984,
      52.68624084815383,
      50.48826105271777,
      44.41843873324493,
      64.06838737552364,
      48.10327865431706,
      53.198998764157295,
      53.154810673867665,
      48.93985460946957,
      59.74433562532067,
      50.50263357721269,
      58.564893328895174,
      53.398579243570566,
      52.482855855176844,
      50.59005080225567,
      55.82827376946807,
      57.85786621148387,
      65.99771638462941,
      55.12500661984086,
      53.147380877286196,
      59.92965678498149,
      54.42239481459061,
      53.753553971648216,
      58.74669428293904,
      51.991082375248276,
      51.734928411742054
    ],
    "sla_eMBB": [
      0.16709606047098835,
      0.16935829810798167,
      0.17268530263255039,
      0.14469626498098176,
      0.15916015395273764,
      0.15382948249578476,
      0.18159179390718538,
      0.1789096727470557,
      0.16120986183484395,
      0.1926665459945798,
      0.16965487152338027,
      0.16547065655079982,
      0.15040048237269124,
      0.1625345462312301,
      0.16779402963196238,
      0.21421144406000772,
      0.16981607818976044,
      0.17267779989788928,
      0.15824289343009393,
      0.16550519702335198,
      0.16621740911155938,
      0.17646288022398948,
      0.16649796241273482,
      0.19579527697215476,
      0.15982909372697274,
      0.1861956329147021,
      0.1471938009063403,
      0.21151597579320272,
      0.15186316973219316,
      0.17176461848119895,
      0.18330311405162017,
      0.16840927198529243,
      0.15075695821394522,
      0.16729765790204207,
      0.1709445597976446,
      0.16313006525859236,
      0.1816919276614984,
      0.16774856711427372,
      0.15514379169791936,
      0.18753184438993534,
      0.16458647400140763,
      0.1569099338973562,
      0.14346639797712366,
      0.15132939616839092,
      0.1418153015896678,
      0.12831314402942856,
      0.1636554730248948,
      0.15412915234764418,
      0.14452614575624467,
      0.15684408699472746,
      0.1409382345651587,
      0.16639405666540066,
      0.152349028326571,
      0.15812041794260343,
      0.1742772724168996,
      0.1766014552116394,
      0.14137481804316243,
      0.15946094393730165,
      0.23792777595420678,
      0.15860572179158527,
      0.14408986646682023,
      0.1734564522653818,
      0.16895026185860237,
      0.22050922818481922,
      0.16482205429424843,
      0.16286872867494823,
      0.16322495438158513,
      0.16104046341652672,
      0.15605991947154205,
      0.17151778494939207,
      0.17914117882649103,
      0.18458738300949334,
      0.16300200591484706,
      0.14278171682109436,
      0.1358444669408103,
      0.1625811888029178,
      0.15098400762304665,
      0.15122570758064588,
      0.13929083914806445,
      0.18316265714044372
    ],
    "sla_URLLC": [
      0.44243599340319634,
      0.4697225611905257,
      0.40263141140341757,
      0.5831099579731623,
      0.5840085739890735,
      0.48030715161313614,
      0.3012661854426066,
      0.5032831074794134,
      0.44209425404667857,
      0.46073005283872287,
      0.43271940273543197,
      0.5084595908224583,
      0.4640942180653413,
      0.46945669437448184,
      0.471381112486124,
      0.4553681355714798,
      0.3535338545838992,
      0.42344695488611855,
      0.431184290399154,
      0.4322298787037532,
      0.4888528229792913,
      0.509324224293232,
      0.5014376992235581,
      0.4139119808437924,
      0.48084707687298456,
      0.5062125641107559,
      0.5503873672584693,
      0.4238178120056788,
      0.5624638173480828,
      0.5984077537556489,
      0.515964591006438,
      0.469591412593921,
      0.80344522356987,
      0.5450274765739839,
      0.5531710181136926,
      0.4203132388989131,
      0.4962592821816603,
      0.5030450869103272,
      0.5366761917248368,
      0.558343650996685,
      0.6584564850231012,
      0.529790080388387,
      0.5393175052603086,
      0.6339644734064738,
      0.5766142206887405,
      0.9161766266822815,
      0.5461669995387395,
      0.6781769236922264,
      0.5741189383963744,
      0.4848862300813198,
      0.6607069504261017,
      0.7341797527174155,
      0.6499585133790969,
      0.7354342795411746,
      0.6110237948099773,
      0.6735123118261496,
      0.6306979188819727,
      0.7318926734725634,
      0.6375332154830297,
      0.6427359323700269,
      0.708659228583177,
      0.6767837259173394,
      0.6357819563150406,
      0.5855350539584955,
      0.6278630438446998,
      0.7537054165204367,
      0.731178282101949,
      0.723374388217926,
      0.6840254844228426,
      0.7167170572280884,
      0.7983285421133042,
      0.6638918158411979,
      0.7080533091227214,
      0.6967295735081037,
      0.7852514557043712,
      0.6807061839103699,
      0.7047943631807964,
      0.7753590440750122,
      0.7004619548718135,
      0.6380758851766586
    ],