{
  "args": {
    "method": "ippo",
    "drift": "multi",
    "n_agents": 3,
    "n_slices": 5,
    "horizon": 150,
    "episodes": 80,
    "seed": 0,
    "hidden": 64,
    "ppo_epochs": 4,
    "lr_ippo": 0.0005,
    "severity": 1.5,
    "log_every": 80,
    "outdir": "results"
  },
  "metrics": {
    "episode_reward": [
      13.5753279744337,
      14.107540118818482,
      13.171173364544908,
      12.810006837671002,
      12.313553106039762,
      17.049649598697822,
      14.775058060263595,
      19.921895358090598,
      16.869845936695736,
      13.038852547605833,
      15.105160178616643,
      15.668190988401571,
      14.69494278356433,
      14.854615669076642,
      21.26772391423583,
      19.496512136732537,
      18.709515052537125,
      18.8643656373024,
      15.062726685777307,
      19.01039621544381,
      18.93563426658511,
      20.223216010878485,
      19.771016605819266,
      20.126160530994337,
      21.422777979324263,
      23.517646774028737,
      27.673083879674476,
      28.84293328349789,
      25.261759042118985,
      26.987192869807284,
      28.74602300239106,
      31.13495461146037,
      31.537679356833298,
      33.62927264906466,
      31.16365249454975,
      37.16810351982713,
      31.957925791541737,
      33.07235656802853,
      39.44378569101294,
      36.678499671941005,
      24.15557149425149,
      37.02456075077256,
      37.66258002072573,
      40.150554329156876,
      37.215771118178964,
      41.04354063794017,
      43.86502852042516,
      45.34024507552385,
      42.88396894931793,
      43.411274158085384,
      41.722264931847654,
      43.95720513475438,
      48.142111909886204,
      44.031141520788275,
      32.97959681165715,
      46.38315685093403,
      45.38052920624614,
      47.47000836208463,
      47.434100322425365,
      46.82409376899401,
      49.94991201659044,
      47.41030320773522,
      46.660142666349806,
      46.84760354831815,
      53.400699365884066,
      48.022557158644,
      47.05740538922449,
      50.27709595362345,
      46.61516960399846,
      49.21504698942105,
      51.39630135086676,
      49.33630741760135,
      47.15948121311764,
      48.04216029370824,
      47.77722510509193,
      47.72327979902426,
      49.826045509427786,
      47.43870944778124,
      35.219793739418186,
      45.977367509156466
    ],
    "sla_eMBB": [
      0.10473861938187232,
      0.1012450830390056,
      0.08618016380816698,
      0.08731420133262872,
      0.088651461986204,
      0.0961295959019723,
      0.10370776028682788,
      0.09322271587948004,
      0.11195620477199554,
      0.09535430261244376,
      0.11081604653038085,
      0.089053851403296,
      0.09802801730732123,
      0.0947796047354738,
      0.07080386285980543,
      0.12346629463136197,
      0.08592174625645081,
      0.0748696610579888,
      0.08546560976654291,
      0.0836377204892536,
      0.07846496393283209,
      0.07959487452637404,
      0.0766807738567392,
      0.05718647775550683,
      0.06144088217367728,
      0.07485738238940637,
      0.07404635184754928,
      0.0791104699135758,
      0.0657033052916328,
      0.05952709342042605,
      0.06268279532591502,
      0.0625918740282456,
      0.0561441919952631,
      0.084174761933585,
      0.07224019319439928,
      0.06830881260335446,
      0.05221658953775962,
      0.05112953152507543,
      0.04641908969109257,
      0.04736617067518334,
      0.039563636568685376,
      0.04183561398337285,
      0.04378135635207097,
      0.03624429305394491,
      0.03502253056814273,
      0.03809712208031366,
      0.030062193522850673,
      0.032509040478616955,
      0.02498708258072535,
      0.032625588191052275,
      0.03346354781339566,
      0.02026773472627004,
      0.027190101332962513,
      0.022274960279464722,
      0.021851382851600647,
      0.02000130564595262,
      0.015257008597254753,
      0.02168385355422894,
      0.016988997574274738,
      0.01706181593860189,
      0.014453888858358065,
      0.0182110957444335,
      0.013511154016984316,
      0.013872543772061666,
      0.012180886790156364,
      0.01034139602134625,
      0.009685419723391533,
      0.010595367817829052,
      0.009202631761630376,
      0.01102450675641497,
      0.012583130455265443,
      0.012377815134823323,
      0.012180802207440137,
      0.010092262892673414,
      0.008846373955408732,
      0.009851997382938862,
      0.01469342300047477,
      0.01338905790199836,
      0.012995716761797666,
      0.013023323100060224
    ],
    "sla_URLLC": [
      0.19086629463980595,
      0.1735947387913863,
      0.15936985662517447,
      0.16722255514624218,
      0.1759191988222301,
      0.15145207550376655,
      0.205444480565687,
      0.3783009550968806,
      0.16502091735601426,
      0.16040696942868332,
      0.2389406131953001,
      0.27814260629316173,
      0.1901548076979816,
      0.1884870440574984,
      0.330173941096582,
      0.15848265055178976,
      0.1731093666337741,
      0.1902915528851251,
      0.15095893303553262,
      0.28195230590800446,
      0.21071329510460296,
      0.21194819204509258,
      0.23163436055183412,
      0.23127522733062506,
      0.6152998969952266,
      0.2245115743453304,
      0.2898091006775697,
      0.28507246101895967,
      0.30680786788463593,
      0.31231211936101316,
      0.3193263827264309,
      0.354965931425492,
      0.32559112561245757,
      0.34515250377357004,
      0.30909793004393576,
      0.3745288376013438,
      0.3150588591893514,
      0.32734426951656737,
      0.45540607631206514,
      0.39916554922858877,
      0.6505503610273202,
      0.40713543246189754,
      0.41405205269654594,
      0.4918720240394274,
      0.40429927453398706,
      0.5012954538067181,
      0.5697801547745863,
      0.4912994579970837,
      0.5093782663842042,
      0.5295603560904661,
      0.5191960933307807,
      0.5691277838746707,
      0.5612864668667317,
      0.5773365264137585,
      0.6040229365726312,
      0.5702454472581545,
      0.4030333230892817,
      0.6423286167780559,
      0.6053952486316363,
      0.5980913184583188,
      0.7076607544720173,
      0.5914270065228144,
      0.6538465397556623,
      0.6027370343605677,
      0.8162309500575066,
      0.6156925052404404,
      0.6097931387523811,
      0.6814320315917333,
      0.6310569352904956,
      0.6755746655662854,
      0.652392010986805,
      0.7068651427825292,
      0.6309422773122787,
      0.6570670490463575,
      0.611069930245479,
      0.6514956758419672,
      0.6668080411354701,
      0.6372628531853358,
      0.6175523280104002,
      0.9698217209180197
    ],