{
  "args": {
    "method": "ippo",
    "drift": "multi",
    "n_agents": 3,
    "n_slices": 3,
    "horizon": 150,
    "episodes": 80,
    "seed": 5,
    "hidden": 64,
    "ppo_epochs": 4,
    "lr_ippo": 0.0005,
    "severity": 1.0,
    "log_every": 80,
    "outdir": "results"
  },
  "metrics": {
    "episode_reward": [
      37.54491249782344,
      31.645850356668234,
      37.7499750033021,
      34.75264277122915,
      35.39188185147941,
      38.28890503446261,
      35.810845882321395,
      35.767614212508,
      41.63418711783985,
      35.98709054539601,
      36.948179733629026,
      39.668598125999175,
      41.97805940980712,
      41.44424239359796,
      41.57827018760145,
      45.316435396671295,
      37.90568214779099,
      31.237548371156056,
      35.65642838863035,
      43.15183465182781,
      42.177227310215436,
      45.45715999354919,
      42.43038944030801,
      39.40969726691643,
      44.790525709589325,
      41.03625475677351,
      46.8026153575629,
      50.24408490397036,
      43.734607170025505,
      42.68238142132759,
      42.99686873331666,
      51.27299500318865,
      41.51408209403356,
      43.78325091302395,
      43.614351899673544,
      45.05496083199978,
      43.40136772952974,
      37.58538564046224,
      42.84041365670661,
      43.71790444664657,
      45.224523919944964,
      47.162046651666365,
      47.20295267614225,
      32.60580463334918,
      48.66323410471281,
      38.74359533997873,
      52.087576334675155,
      47.85999599533776,
      51.706175496801734,
      63.296799905598164,
      53.210305167362094,
      50.47614432809254,
      49.5730549984922,
      51.118197824805975,
      52.91243820140759,
      38.04725555330515,
      51.85395294924577,
      53.6093246700863,
      58.355808924883604,
      57.24047318970164,
      57.736043894042574,
      51.13454096826414,
      56.80605070541302,
      60.22029844547311,
      59.88676798219482,
      56.78834333332876,
      61.797826282680035,
      38.92229727407297,
      51.527920159200825,
      52.54171793907881,
      61.76819293697675,
      62.36340004826585,
      51.557291374231376,
      54.85781707738837,
      57.18038870332142,
      44.97037464256088,
      54.7364217787981,
      65.03305767476559,
      53.083708449577294,
      54.38201630053421
    ],
    "sla_eMBB": [
      0.19269739312430223,
      0.1461362648755312,
      0.16959852362672487,
      0.1681362379839023,
      0.1723917076488336,
      0.16725056445846956,
      0.16511078013728062,
      0.1765804856767257,
      0.1803489795078834,
      0.15740767450382312,
      0.17218363677461943,
      0.1574824266632398,
      0.16144746609653035,
      0.19748031257341306,
      0.17858871714522442,
      0.20815204312403998,
      0.17326821032911538,
      0.1556227577291429,
      0.19788002808888752,
      0.1813603475689888,
      0.18843853248283268,
      0.16481809554000695,
      0.1849453298623363,
      0.1572411146387458,
      0.1556083493012314,
      0.1552309829245011,
      0.1600045345723629,
      0.16010200285042325,
      0.16070090600599846,
      0.18173786108692488,
      0.1430340971983969,
      0.20992219413320223,
      0.15413849075014394,
      0.17366397775088746,
      0.1653711715278526,
      0.15430364859600862,
      0.14520342816909154,
      0.12741735864430667,
      0.15851036556065082,
      0.17524851051469645,
      0.15284396370717634,
      0.14802965444823107,
      0.15798150483518839,
      0.12329792530586323,
      0.15856579588105282,
      0.1647537811473012,
      0.1610864075149099,
      0.16196188850949209,
      0.18442469087739785,
      0.1827807404845953,
      0.17225876688957215,
      0.16590939750274022,
      0.15993578878541787,
      0.1533267240971327,
      0.18112215394775072,
      0.11941688699026902,
      0.1609701028217872,
      0.15837089731047552,
      0.14819638285785913,
      0.13078405095885198,
      0.1273325559000174,
      0.1369888521110018,
      0.13548821399609248,
      0.13504023206730684,
      0.13823535504440468,
      0.14682691595206657,
      0.17158323084314664,
      0.12580919444561003,
      0.1573075672487418,
      0.15682566601162157,
      0.20769506684194008,
      0.1459109391923994,
      0.15359079984327156,
      0.15441694115598997,
      0.1682414855311314,
      0.11734507663796345,
      0.16059972673654557,
      0.18928521186113356,
      0.1904860693713029,
      0.1832427315413952
    ],
    "sla_URLLC": [
      0.3835393485426903,
      0.38942261988917987,
      0.4508397838970025,
      0.4095422158141931,
      0.43564021418492,
      0.45615205680330595,
      0.4237577155977488,
      0.40872378086050354,
      0.48385743158559,
      0.44100693362454574,
      0.3942079228659471,
      0.4874510273585717,
      0.5144469737013181,
      0.4210094575583935,
      0.47215275183320043,
      0.48457842181126276,
      0.46289129118124644,
      0.3887594941755136,
      0.4250307957828045,
      0.5165421903630097,
      0.4986571451524893,
      0.5898139966775974,
      0.5227394338945548,
      0.4914551974833012,
      0.5512894347806772,
      0.5185884699225426,
      0.5616907152781884,
      0.7172420806686084,
      0.5616240360836188,
      0.5077414602041245,
      0.5769751541813215,
      0.6621555854876836,
      0.538783156623443,
      0.5385847127437592,
      0.5647192377845446,
      0.573250223149856,
      0.5344052930672963,
      0.6223270578682423,
      0.5388940338790417,
      0.5310271526376407,
      0.615826905767123,
      0.6289090269804001,
      0.6129984614749749,
      0.7868307487169901,
      0.6325762065748374,
      0.35898303935925163,
      0.7462972606221835,
      0.657207023203373,
      0.6499528155724208,
      0.6580918934941292,
      0.6879780979454517,
      0.6623749929169814,
      0.7112280335028967,
      0.736142724553744,
      0.7091729685664176,
      0.9623227377732595,
      0.6920877369244893,
      0.7245992640654246,
      0.78111743191878,
      0.7958465619881948,
      0.7808639899889628,
      0.7209275218844414,
      0.7532944019635518,
      0.8187748555342357,
      0.8295287452141444,
      0.7650122479597727,
      0.6349371902147929,
      0.714947804013888,
      0.6709484513600668,
      0.6933435865243276,
      0.613167317956686,
      0.8335558676719665,
      0.6955663042267164,
      0.7303890750805537,
      0.7414619175593058,
      0.7709477619330088,
      0.7425911229848862,
      0.7120917222897212,
      0.6792664813498656,
      0.6747126242518425
    ],