{
  "args": {
    "method": "ippo",
    "drift": "multi",
    "n_agents": 3,
    "n_slices": 3,
    "horizon": 150,
    "episodes": 80,
    "seed": 4,
    "hidden": 64,
    "ppo_epochs": 4,
    "lr_ippo": 0.0005,
    "severity": 2.0,
    "log_every": 80,
    "outdir": "results"
  },
  "metrics": {
    "episode_reward": [
      35.78367302504679,
      35.66905256236593,
      36.70409541887542,
      38.53895364701748,
      34.59889473890265,
      34.18343398782114,
      37.254742965102196,
      37.06390540674329,
      37.522346052651606,
      29.284248143434525,
      37.68586863142749,
      36.305056443437934,
      34.56054254248738,
      33.7144120807449,
      35.26069894619286,
      34.59489007604619,
      39.09198369582494,
      39.74083130558332,
      38.897065941244364,
      38.675058292225,
      36.385672301054,
      34.92666869920989,
      30.82978026010096,
      37.65461138014992,
      45.10561463112632,
      39.96103467233479,
      38.04365920089185,
      39.75173246053358,
      32.97356573740641,
      39.512189169724785,
      38.80023824547728,
      38.932803594196834,
      39.14650339819491,
      46.32768099630872,
      40.057534347598754,
      47.83257629474004,
      41.66106061389049,
      40.438085086643696,
      40.51411182371279,
      43.35859337386986,
      48.813757264365755,
      45.818530168384314,
      46.68965777133902,
      47.61778913935026,
      43.70357019516329,
      47.841471718003355,
      44.90905853795508,
      45.85728849284351,
      53.93280382019778,
      47.60161675326526,
      47.356712870920695,
      46.962593745440245,
      45.459701131408416,
      48.78984609991312,
      50.238631059105195,
      48.543354673311114,
      49.02697056159377,
      52.98026683926582,
      50.15995083687206,
      58.993977047502995,
      49.70113210255901,
      51.779555858423315,
      49.04402366653085,
      48.98610136161248,
      56.29527897760272,
      48.35041203101476,
      41.66500659286976,
      49.55664765462279,
      52.003863674898945,
      49.182196560005345,
      48.60118682620426,
      49.4446231884261,
      49.51555948828658,
      49.69294040774306,
      51.134915278603636,
      50.53042332269251,
      48.673989214623965,
      50.86071877243618,
      49.963448675970234,
      49.66636311573287
    ],
    "sla_eMBB": [
      0.1586836971094211,
      0.16623143346980215,
      0.17409146759038172,
      0.16066700391471386,
      0.16328988175839185,
      0.1574354049252967,
      0.15434625865891577,
      0.17115660348907114,
      0.1814631489602228,
      0.15921883961806696,
      0.18280973667899766,
      0.16940984103828668,
      0.14575724146639307,
      0.182622007081906,
      0.15334520330031712,
      0.15436241645365953,
      0.17395794451236724,
      0.1459224969583253,
      0.15906220546613137,
      0.15449206799268722,
      0.15324525030329825,
      0.15360630090037983,
      0.15111631446207563,
      0.16076332744210958,
      0.13103304605310162,
      0.16956560547153154,
      0.17254865443333983,
      0.16556067060058316,
      0.10940628298247854,
      0.1510312067468961,
      0.15355133385707934,
      0.15722575100759664,
      0.16954571940004826,
      0.20040357679128648,
      0.15948975378026564,
      0.14645015057797234,
      0.18325540273139873,
      0.1705787746484081,
      0.1622102796037992,
      0.1596043226805826,
      0.2054222128354013,
      0.18504208251213033,
      0.17138603399818142,
      0.2007762827165425,
      0.3713038397518297,
      0.1741752432162563,
      0.17242270010213057,
      0.19109715837985278,
      0.25382798311611016,
      0.1845823466901978,
      0.17146772569045424,
      0.16274865183979273,
      0.1655833748417596,
      0.16430158933624625,
      0.16658890970672172,
      0.176536034476012,
      0.1594552257967492,
      0.15282325515523554,
      0.17616028593853117,
      0.23092048456271488,
      0.16869007262090843,
      0.19246498811990023,
      0.1781210849247873,
      0.16615171857178213,
      0.17477975578978658,
      0.15592051314810912,
      0.17723596038296818,
      0.20178317659844955,
      0.16715643702695768,
      0.17367097793146968,
      0.1573059840252002,
      0.4323160484805703,
      0.1856951554864645,
      0.18304416753351688,
      0.16660045326376954,
      0.16983272274335226,
      0.18336147490888835,
      0.18484315504630408,
      0.17028870778158306,
      0.3604737014013032
    ],
    "sla_URLLC": [
      0.46649588694175087,
      0.4571852644781272,
      0.42370063304901123,
      0.7021322232484818,
      0.4064290626347065,
      0.4406277222683032,
      0.4652200427651405,
      0.44610074060658617,
      0.47246838475267094,
      0.3586970052495599,
      0.46330100352565445,
      0.45818864278495314,
      0.4251023277888695,
      0.3974646392961343,
      0.4516867900888125,
      0.41737473987042906,
      0.4812062952419122,
      0.4989006837705771,
      0.48967450158049664,
      0.49345787532627583,
      0.47450999485949674,
      0.427980447212855,
      0.5185290057957173,
      0.4682438212136428,
      0.861164678533872,
      0.5011361132065455,
      0.4797408683349689,
      0.4774275849759579,
      0.8555393298467,
      0.5007119088619948,
      0.4876153283317884,
      0.49300176387031874,
      0.48859640310208,
      0.5209427156796058,
      0.5080968492229779,
      0.9119279825687409,
      0.524508786102136,
      0.493072513093551,
      0.5196199548244477,
      0.5524150416751703,
      0.5452632445593675,
      0.5632136554891864,
      0.5804415678481261,
      0.5674427051345508,
      0.35680888742208483,
      0.5889793045818805,
      0.5569905506571134,
      0.5807077081004779,
      0.5543501256903013,
      0.6137287652492524,
      0.5883693604171276,
      0.5957387196024259,
      0.5803352382779121,
      0.6207657674948375,
      0.6649388426542282,
      0.6217238928874333,
      0.6563866316278776,
      0.6868899273872375,
      0.6637476927042008,
      0.6069775260488193,
      0.648204303085804,
      0.6590037659804027,
      0.6341040940086047,
      0.6350718010465304,
      0.7537905754645665,
      0.6051839459935824,
      0.5928066525856653,
      0.6197604540983835,
      0.6512307211756706,
      0.6023523328204949,
      0.63042655924956,
      0.40496150771776834,
      0.6064138381679853,
      0.6172356935342153,
      0.7059729652603467,
      0.6757684842745463,
      0.6022006700436274,
      0.6244933942953745,
      0.6243015803893407,
      0.41787482023239136
    ],