{
  "args": {
    "method": "ippo",
    "drift": "multi",
    "n_agents": 3,
    "n_slices": 3,
    "horizon": 150,
    "episodes": 80,
    "seed": 9,
    "hidden": 64,
    "ppo_epochs": 4,
    "lr_ippo": 0.0005,
    "severity": 0.5,
    "log_every": 80,
    "outdir": "results"
  },
  "metrics": {
    "episode_reward": [
      38.33052773028612,
      31.40351037370662,
      37.18751236858467,
      40.141385678201914,
      43.28745695017278,
      39.54451645414034,
      45.710049583266176,
      47.300019147495426,
      37.11659036452571,
      36.327172603458166,
      36.61835856984059,
      45.344074507554375,
      43.87204175566634,
      46.489419189592205,
      52.700947039450206,
      48.12926219341656,
      46.43181257508695,
      41.19515155938765,
      42.342776379858456,
      43.69166269339621,
      41.52617551075915,
      45.87112073972821,
      41.20456977188587,
      55.807810293510556,
      44.839799551293254,
      43.9725354767094,
      50.32669005418817,
      52.26242414241036,
      44.44817983483275,
      53.68239051103592,
      48.765475168824196,
      45.53952914228042,
      51.793187700212,
      54.486336444815,
      51.612844529251255,
      36.99203037594756,
      48.66718991970023,
      41.80447341005007,
      47.32569023842613,
      49.81227667629719,
      54.2149144038558,
      57.025660168379545,
      53.542143393928804,
      63.239487973352276,
      61.33393881469965,
      51.665983178963266,
      61.580771673470736,
      69.68376109128197,
      60.266575172543526,
      52.92310737197598,
      58.5120469853282,
      56.28521545852224,
      62.59356566642722,
      54.1525177632769,
      61.77602498357495,
      58.25960039595763,
      64.59804885461926,
      60.74503568187356,
      63.22312775005897,
      57.05219614133239,
      50.2507901849846,
      55.71222726255655,
      59.32863483950496,
      53.56687828153372,
      56.39986563846469,
      57.67475815241536,
      56.126529491196074,
      67.87720385380089,
      55.815450275937714,
      57.83862947424253,
      58.890849666049085,
      57.842281534026064,
      59.06365122397741,
      66.7068378465871,
      66.55142891034484,
      61.574755270034075,
      72.97509908179443,
      75.5861982430021,
      63.18402844046553,
      60.683985897650324
    ],
    "sla_eMBB": [
      0.17445790176590284,
      0.179592185964187,
      0.17278004955500365,
      0.15657974886397522,
      0.16427077632397413,
      0.18034356570492188,
      0.16957910660654307,
      0.16605865225195884,
      0.1718904241422812,
      0.1719162464266022,
      0.1702196210498611,
      0.17622050141294798,
      0.18694191925227643,
      0.1658439222847422,
      0.18796336643397807,
      0.15766008269041776,
      0.18575471232334773,
      0.14436166776965062,
      0.1792715917651852,
      0.17301822517067195,
      0.1669944584245483,
      0.1678343058998386,
      0.17592237728337448,
      0.19089514267941315,
      0.16727556706716618,
      0.2008640982210636,
      0.1894189687569936,
      0.16987118169665336,
      0.14726033709943295,
      0.17419544267157713,
      0.16999503299593927,
      0.17871732997397582,
      0.19184664998203516,
      0.17147309174140293,
      0.18510293621569873,
      0.1400098459670941,
      0.17195134958873193,
      0.17097460892051458,
      0.1908097061390678,
      0.17459149007995922,
      0.18080053896953663,
      0.19008986448248227,
      0.19570041788121065,
      0.18955847507963577,
      0.1975254080320398,
      0.19878570226331552,
      0.18656592791279156,
      0.2320524922509988,
      0.211188592116038,
      0.1864721877127886,
      0.20719382156928381,
      0.2201909332970778,
      0.24901172116398812,
      0.24048746387163797,
      0.22194650782893102,
      0.236053058107694,
      0.2656792714446783,
      0.23038363188505173,
      0.2138352496425311,
      0.21017617650330067,
      0.18881455733751257,
      0.22355397269129754,
      0.21801625733574231,
      0.20868647196640572,
      0.23550724665323894,
      0.20890741971631846,
      0.2253309531013171,
      0.2536853496481975,
      0.18471340253949164,
      0.19538706637918948,
      0.21004985965788364,
      0.22031454220414162,
      0.20628957112630208,
      0.22486174132674933,
      0.24608770817518233,
      0.21272608488798142,
      0.2459908832112948,
      0.24224751849969228,
      0.2119044411679109,
      0.2066239628692468
    ],
    "sla_URLLC": [
      0.47033052786563834,
      0.35395840908711157,
      0.44335505028565725,
      0.4793148238305002,
      0.5650268043577671,
      0.4983213464915752,
      0.5352719709277153,
      0.5982915433247884,
      0.4943296179672082,
      0.41946020390838384,
      0.5130895553032557,
      0.5445308177794019,
      0.42449882863710325,
      0.5472472175459067,
      0.6878533158699671,
      0.5824828765789668,
      0.5159548420831561,
      0.5067677483956019,
      0.5366634993751844,
      0.5747835386792819,
      0.4792323560019334,
      0.5874533512194952,
      0.4862289766781032,
      0.6880710591872533,
      0.5661478779713313,
      0.5211291656891505,
      0.5408061920603117,
      0.716660574177901,
      0.6208595997095108,
      0.675094534655412,
      0.7087052617470423,
      0.5841181791077058,
      0.6632442726691564,
      0.6947084602713585,
      0.5823924513657888,
      0.8957369430859884,
      0.8714880128701528,
      0.41263341744740806,
      0.6041199906667074,
      0.8751047070821126,
      0.723404224316279,
      0.754035364985466,
      0.6540914994478225,
      0.8160554591814677,
      0.7731559073925018,
      0.8621926234165828,
      0.7926999827226003,
      0.6592424823840459,
      0.6714346647262573,
      0.6707215231657028,
      0.732981281876564,
      0.7084649749596914,
      0.7507550193866094,
      0.6358218797047933,
      0.7553618595997492,
      0.7167175290981929,
      0.8013752166430156,
      0.7377921038866043,
      0.7821781977017721,
      0.7082235884666442,
      0.76693707883358,
      0.681373975276947,
      0.7094688075780868,
      0.6848644355932871,
      0.649251328309377,
      0.6962655333677927,
      0.6619874074061711,
      0.6564442006746928,
      0.7266647424300512,
      0.7228216113646825,
      0.7213333847125372,
      0.6763543945550918,
      0.7387807575861612,
      0.8390948446591695,
      0.7979280483722687,
      0.7675160318613052,
      0.690857987999916,
      0.7019534504413605,
      0.7753087987502416,
      0.7531318827470144
    ],