{
  "args": {
    "method": "ippo",
    "drift": "multi",
    "n_agents": 3,
    "n_slices": 3,
    "horizon": 150,
    "episodes": 80,
    "seed": 4,
    "hidden": 64,
    "ppo_epochs": 4,
    "lr_ippo": 0.0005,
    "severity": 0.5,
    "log_every": 80,
    "outdir": "results"
  },
  "metrics": {
    "episode_reward": [
      40.280894231672086,
      41.384839764485754,
      52.06500516335169,
      40.83566341921687,
      44.880491732930146,
      38.03318214416504,
      50.09600972135862,
      46.86563853919506,
      43.1730186752975,
      36.13905064327022,
      49.59406424251696,
      45.5389229953289,
      40.73081626122197,
      41.69045305686692,
      44.92325675860047,
      44.5750469006598,
      44.11447925927738,
      57.69847710803151,
      44.97790735090772,
      54.55030726020535,
      48.39093467655281,
      41.344408831869565,
      38.12359564130505,
      50.98442702740431,
      46.935742954413094,
      50.38508768752217,
      45.83468223797778,
      58.053763154273234,
      36.57233837619424,
      57.41731972557803,
      52.472977609063186,
      56.77614321311315,
      51.36759212613106,
      70.24830062190692,
      56.61674436181784,
      49.43348758543531,
      58.85499137515823,
      49.078985365728535,
      55.084664242962994,
      55.61634177652498,
      68.85892802476883,
      57.4538210692505,
      63.088424514979124,
      62.47883306381603,
      64.24927756004035,
      63.11241931095719,
      65.08910260225336,
      58.59305892884731,
      57.14834745042026,
      63.49062828284999,
      62.36389140908917,
      61.123832780867815,
      53.463564705724515,
      63.380975503474474,
      59.970289750024676,
      56.78230355679989,
      63.72520488438507,
      66.97936523705721,
      70.03975068281095,
      69.19713913773496,
      61.004298900564514,
      62.51235012958447,
      59.84493785661956,
      58.95218695575992,
      67.44383406142394,
      60.987171571701765,
      63.61623154953122,
      65.8615443619589,
      65.33710833763082,
      61.03583309488992,
      65.18297015006344,
      78.24509479478002,
      64.25186109915376,
      66.62844160571694,
      70.19129276648164,
      65.58358048895995,
      55.782985988383494,
      59.78040585232278,
      61.928490786502756,
      83.37932085742553
    ],
    "sla_eMBB": [
      0.1618177957336108,
      0.17500315307329098,
      0.1795912534246842,
      0.17499192328502736,
      0.16036695378522078,
      0.16225660064568123,
      0.15674332478394112,
      0.18254313276459774,
      0.18583697086821,
      0.16841824584951004,
      0.1804583472510179,
      0.17342843734969696,
      0.1454940667748451,
      0.18343613059570393,
      0.1592038219049573,
      0.1546276346469919,
      0.1888193861891826,
      0.1536826767027378,
      0.17090340236822765,
      0.1591083954523007,
      0.15551849549015362,
      0.156996969965597,
      0.17186532396823168,
      0.1614118264739712,
      0.1452860783537229,
      0.17384782480696837,
      0.17499011189987262,
      0.16361274228741726,
      0.13761548922707637,
      0.15189402205248673,
      0.16272177384545405,
      0.15434317640960216,
      0.16665005327512822,
      0.186496968716383,
      0.15665305616954964,
      0.15575703979780275,
      0.18767148772875467,
      0.16433358433345954,
      0.15478427227586508,
      0.1622906412680944,
      0.18362224210674563,
      0.17509366487463315,
      0.16288950260728596,
      0.20128040616090098,
      0.1622936358054479,
      0.17450053996096054,
      0.15656831455727419,
      0.16930574378619592,
      0.21515414533515773,
      0.1721267541187505,
      0.1607494334379832,
      0.14916265225658815,
      0.1538033989444375,
      0.14431649467597404,
      0.16605375019212565,
      0.16379284909615913,
      0.15242094178994497,
      0.1576005413538466,
      0.16602830657114584,
      0.16930977163215477,
      0.14760037161409856,
      0.18907585804661114,
      0.15896262573699158,
      0.15576093833893537,
      0.14630746677517892,
      0.1305002085492015,
      0.14236151761064927,
      0.14548141467074552,
      0.13374528748293718,
      0.1251451774314046,
      0.11484708906461795,
      0.14162708658725023,
      0.14469349123809175,
      0.1389938530077537,
      0.1396958890433113,
      0.1357035473609964,
      0.13424917319168647,
      0.1457936655730009,
      0.11465397683282694,
      0.15507010368009408
    ],
    "sla_URLLC": [
      0.497749544630448,
      0.4889702994624774,
      0.655431105196476,
      0.7157496511936188,
      0.5606670223673185,
      0.4695614697039127,
      0.6645870591203372,
      0.5504020467400551,
      0.5688143687695265,
      0.4022785480320454,
      0.6473295036703348,
      0.5682505867878596,
      0.5083093396325906,
      0.46771804586052895,
      0.6122198541959126,
      0.5643979009985923,
      0.511986920411388,
      0.745738147298495,
      0.6143105044215917,
      0.7141566994786263,
      0.5734164925913016,
      0.5425193778673808,
      0.5877416439354419,
      0.6957093327244123,
      0.86085608959198,
      0.7014422303438187,
      0.6277545098463694,
      0.7613680295149485,
      0.8618737075726192,
      0.7819862471024195,
      0.7205621737241745,
      0.7822199346621831,
      0.6720884624123573,
      0.8351529413461685,
      0.7480572253465653,
      0.9259217047691345,
      0.7798540296157201,
      0.663827641705672,
      0.7985603487491608,
      0.738227899869283,
      0.7978106466929118,
      0.7446133953332901,
      0.8489179931084315,
      0.8054234838485718,
      0.7120537130037944,
      0.8573668459057808,
      0.883887228568395,
      0.8234085836013159,
      0.5897014676034451,
      0.8836199416716893,
      0.8730594221750895,
      0.8241455147663752,
      0.7236689019203186,
      0.8816637309392293,
      0.8157320016622543,
      0.7680508500337601,
      0.8434391365448634,
      0.9193848633766174,
      0.9271342094739278,
      0.6959021745125452,
      0.8658491734663646,
      0.8110946198304494,
      0.8466972873608272,
      0.8132221759359042,
      0.935958057641983,
      0.8501019748051961,
      0.8832207878430685,
      0.8871498052279154,
      0.9012000674009323,
      0.8542921862999598,
      0.9218905959526698,
      0.8747459495067597,
      0.9017964202165604,
      0.9560777004559835,
      0.9766470475991567,
      0.9252631509304047,
      0.7636156431833903,
      0.8384350107113521,
      0.8964486197630565,
      0.920011601448059
    ],