{
  "args": {
    "method": "ippo",
    "drift": "multi",
    "n_agents": 6,
    "n_slices": 3,
    "horizon": 150,
    "episodes": 80,
    "seed": 3,
    "hidden": 64,
    "ppo_epochs": 4,
    "lr_ippo": 0.0005,
    "severity": 1.5,
    "log_every": 80,
    "outdir": "results"
  },
  "metrics": {
    "episode_reward": [
      34.57249341874073,
      36.966374096771084,
      34.16568145249039,
      37.66478043080618,
      32.48394445733478,
      29.72910149767995,
      32.34227252254883,
      33.70018853712827,
      34.62140849977732,
      37.41083257365972,
      39.734796174801886,
      36.43265339949479,
      33.756372197531164,
      36.50903981520484,
      40.96713671336571,
      35.4728132992362,
      32.93146960095813,
      39.28188026417047,
      37.20475209938983,
      39.47171456056336,
      39.6755464427794,
      41.62342926952988,
      41.76284030793855,
      40.309028944311045,
      41.72641760328164,
      34.607229697828494,
      42.466816186594464,
      41.34998195618391,
      36.81189327780157,
      40.479731890683375,
      44.380465505334236,
      40.611452869450055,
      34.52948739938438,
      46.59719563803325,
      41.03350327163935,
      43.65195198326061,
      43.17483567011853,
      43.93079304974526,
      50.113924290053546,
      44.1934371398141,
      48.124989264955126,
      46.94234753896793,
      44.811900263031326,
      44.32276689230154,
      38.22969157869617,
      44.83759156273057,
      46.09774084792783,
      47.92686360360434,
      44.54375806078315,
      46.808135060593486,
      47.221651162952185,
      48.1690990726153,
      45.32134550251067,
      47.810651424340904,
      48.69530039622138,
      48.09313690600296,
      54.17254926698903,
      48.6286628767848,
      49.08734346305331,
      51.61295214233299,
      39.82508602862557,
      50.916559915679194,
      52.88172315247357,
      49.89339458787193,
      50.47766785571972,
      53.27814715728164,
      50.1177574818333,
      52.36314678999285,
      53.158724549536906,
      61.49857948844632,
      53.276876259595156,
      51.90166460039715,
      52.91815675267329,
      51.96349269275864,
      55.530763872899115,
      53.96536417429646,
      51.314061649143696,
      52.35774261504412,
      53.61867710016668,
      57.98935638026645
    ],
    "sla_eMBB": [
      0.15415902872259418,
      0.4908201753720641,
      0.1569644500563542,
      0.18134265853712955,
      0.25123246130843957,
      0.15193040363490581,
      0.1664069659107675,
      0.1682188418911149,
      0.16462514570603767,
      0.16102953391770522,
      0.18170057617748778,
      0.1619782260681192,
      0.16709709508965412,
      0.18135674064358076,
      0.1362009147182107,
      0.1629765055514872,
      0.1589871566245953,
      0.159563886312147,
      0.21825598390152057,
      0.16136637770881254,
      0.16742985299477975,
      0.14616019814585646,
      0.19269674139718215,
      0.16247872637895247,
      0.16495787233114242,
      0.16070340089499952,
      0.5247065694816411,
      0.17334648046642542,
      0.16510046906769277,
      0.1634088292097052,
      0.15667863002667826,
      0.1538396542519331,
      0.1113362900664409,
      0.20220651148507993,
      0.3179798657571276,
      0.16534763204554717,
      0.16855378068983554,
      0.1637372983371218,
      0.2168998051683108,
      0.16165578412512938,
      0.15179637096822263,
      0.15960179982706904,
      0.15990557365119457,
      0.16528735825171073,
      0.14400203245691956,
      0.17020407264431317,
      0.1682206892594695,
      0.16891512289022406,
      0.1550396799730758,
      0.15955806852628787,
      0.156485062725842,
      0.1690723824997743,
      0.20698279257242877,
      0.1559422811989983,
      0.17105065253873666,
      0.1557245387385289,
      0.17439660919830202,
      0.16777014452343186,
      0.17717537574470044,
      0.1879089500879248,
      0.12480515532195569,
      0.17955956968168418,
      0.17705394472926855,
      0.16146423790603875,
      0.16742729603002468,
      0.17178465203692517,
      0.1674712845434745,
      0.17827636656661827,
      0.19344906584670146,
      0.26298082729180655,
      0.17013891007751225,
      0.16404175798098247,
      0.16716616644213597,
      0.1804328799744447,
      0.16596998168776433,
      0.17405934440592924,
      0.16364299684762953,
      0.16771353259682656,
      0.15596289047350487,
      0.15933714949836333
    ],
    "sla_URLLC": [
      0.42036623569826287,
      0.2870770311107238,
      0.41751132033765315,
      0.449162396316727,
      0.2834121562788884,
      0.37339305579662324,
      0.38885258505741754,
      0.41615412185589473,
      0.4167412625501553,
      0.46925329501430196,
      0.48979000796874367,
      0.4500664623330037,
      0.39840753222505254,
      0.43707752888401347,
      0.7648772271474202,
      0.4624658409754435,
      0.40790893604358036,
      0.4887991449485222,
      0.41841272816061975,
      0.48749308004975317,
      0.4838106507062912,
      0.7859887689352035,
      0.4498613567650318,
      0.49514243443806966,
      0.5140408429006735,
      0.42863464340567586,
      0.32801662271221477,
      0.4998597417771816,
      0.44890263840556144,
      0.49320430477460225,
      0.551795945117871,
      0.5117398495972156,
      0.9025024982293447,
      0.507628360191981,
      0.34890607530872025,
      0.5609185183544954,
      0.5488141525288422,
      0.5613384265700976,
      0.5343598637978236,
      0.5469222539663314,
      0.9032043119271597,
      0.5745882674058278,
      0.5830476530392965,
      0.564186363319556,
      0.6252112019062043,
      0.5620294043918451,
      0.561289481818676,
      0.6049764054020246,
      0.5606053593754768,
      0.5982789695262909,
      0.5967999384800593,
      0.5948339823881785,
      0.5811740919947624,
      0.5961561901370684,
      0.5976485906044642,
      0.6213559355338415,
      0.6813329073786736,
      0.6375023609399796,
      0.5933499252796173,
      0.6449782622853915,
      0.9734273076057434,
      0.6453716560204824,
      0.6749988279740016,
      0.606952689687411,
      0.6142815293868383,
      0.6774281652768454,
      0.6128951716423034,
      0.6599110093712807,
      0.6670815734068553,
      0.6015075765053431,
      0.6650750277439753,
      0.6251132201155026,
      0.6479105448722839,
      0.6276659625768661,
      0.6828203683098157,
      0.6594772593180338,
      0.6418578773736954,
      0.6254856548706691,
      0.6693301105499267,
      0.7368135380744935
    ],