{
  "args": {
    "method": "ippo",
    "drift": "multi",
    "n_agents": 3,
    "horizon": 150,
    "episodes": 80,
    "seed": 7,
    "hidden": 64,
    "ppo_epochs": 4,
    "lr_ippo": 0.0005,
    "severity": 1.5,
    "log_every": 80,
    "outdir": "results"
  },
  "metrics": {
    "episode_reward": [
      35.14780823867768,
      36.627105892263366,
      33.422181871616175,
      34.35884506891792,
      34.465211977942566,
      38.04312472691141,
      35.69208666667754,
      39.624996424404316,
      34.23202797585271,
      38.11372690834105,
      36.08869618179484,
      39.004972657106016,
      34.84741610868108,
      37.701324368082,
      36.547669090329315,
      41.60973348999012,
      30.091658671676303,
      35.418643309817575,
      35.04689850374642,
      33.20283111091705,
      37.672268227001474,
      39.10801570047109,
      40.429336930128464,
      37.109213995431666,
      38.63195201723528,
      40.05197808169245,
      40.87264687507933,
      40.007127320290486,
      41.347700238931516,
      35.016159101720504,
      46.300782985426565,
      37.33035067174998,
      32.022892907323914,
      40.079698867764755,
      39.907544615533624,
      36.71513336582317,
      40.73301367145033,
      40.57190416535986,
      40.94810254604868,
      43.143796889214904,
      46.00520946662616,
      41.57864050314661,
      42.46119030104797,
      44.013008313067296,
      32.59601155322873,
      35.97816783342923,
      42.34043999034912,
      45.05880264203171,
      42.27131872204031,
      38.53718883661143,
      34.90519231131508,
      49.176124895457185,
      44.397204480941106,
      48.17854907222925,
      47.3817662600428,
      49.42158493652113,
      49.02303095571699,
      39.57689122025234,
      61.511187322541275,
      48.455238435686475,
      51.17236569627292,
      53.340426743547944,
      51.765167147267825,
      60.57434391064777,
      51.67715728934854,
      55.00602978065661,
      52.54494634550065,
      52.97855292041269,
      51.342227884568295,
      53.019812131445455,
      53.978528412162426,
      61.29944860432298,
      52.764137439346996,
      51.99878997670279,
      55.56703915395258,
      51.97978880676544,
      51.453204272521894,
      53.2517057656828,
      51.619781449789,
      50.15655763943994
    ],
    "sla_eMBB": [
      0.1684435497907301,
      0.16870379349216819,
      0.17017130778481562,
      0.1403813283642133,
      0.1528545097199579,
      0.15360044851899146,
      0.3842788457249602,
      0.17500125519931317,
      0.15726437135909996,
      0.18858609934647877,
      0.1660558566575249,
      0.16780463413335384,
      0.1507168810007473,
      0.16139532370492815,
      0.1669850043642024,
      0.22329247747858366,
      0.1722821880442401,
      0.17879254976287484,
      0.16265559434890747,
      0.16873551016673446,
      0.1628247467490534,
      0.1772670011719068,
      0.16545668096592028,
      0.19602389621237915,
      0.1563728219208618,
      0.18357187256217003,
      0.14918408210078876,
      0.21828079206248124,
      0.14954260302707553,
      0.165956985236456,
      0.19130185631414254,
      0.16874513351048032,
      0.1417982067912817,
      0.16955089172969262,
      0.17507552701979875,
      0.16782353714729348,
      0.1843134408692519,
      0.17048306724677484,
      0.16524804990117747,
      0.19303832026819387,
      0.17022019160290558,
      0.16015361019720634,
      0.1500628954420487,
      0.15727462658658622,
      0.13788355727369586,
      0.12538778522362312,
      0.16648699247899154,
      0.15860679895306626,
      0.1569017796094219,
      0.16774806185315053,
      0.14505709861094754,
      0.18198463443045815,
      0.16463408728440604,
      0.17283526153614123,
      0.18563315748547515,
      0.19586784545332192,
      0.16190079168727,
      0.17098847398534417,
      0.26327380808691186,
      0.1795931874960661,
      0.17281229821344216,
      0.2055232200274865,
      0.1915998335617284,
      0.2713126551608245,
      0.18670411298672357,
      0.18460084979732833,
      0.182150272578001,
      0.19295843691254655,
      0.17900514780233304,
      0.20098029193778832,
      0.20670518747220437,
      0.25209258586168287,
      0.1991480924313267,
      0.1847535306836168,
      0.17597850376119217,
      0.20699834810569884,
      0.19548457189152638,
      0.19055783039579788,
      0.1849978338430325,
      0.255974928252399
    ],
    "sla_URLLC": [
      0.43259335701664287,
      0.45677215019861855,
      0.38482463752230006,
      0.6080482731262843,
      0.6101616374651591,
      0.4704729541639487,
      0.2903538790345192,
      0.4823753268023332,
      0.4362478579332431,
      0.44717579712470373,
      0.4345677308986584,
      0.4822170064846675,
      0.43601774295171103,
      0.46708464950323103,
      0.45954484889904657,
      0.43903035258253414,
      0.34837459151943523,
      0.42454328283667564,
      0.4271760634581248,
      0.409811171789964,
      0.4602442762752374,
      0.4552252135177453,
      0.49305550451080005,
      0.40206437349319457,
      0.4640517731383443,
      0.4855409344534079,
      0.5244929450253646,
      0.410826071947813,
      0.5310103307912747,
      0.5386007123688856,
      0.5053835997978846,
      0.45217259362339973,
      0.8078247326612472,
      0.48612630548576513,
      0.49164578661322594,
      0.4144597317278385,
      0.48405149603883424,
      0.4734588619073232,
      0.5105515781541665,
      0.5232605780164401,
      0.5870503470301628,
      0.5137111966311931,
      0.5251549761990706,
      0.5543045130868752,
      0.530615494052569,
      0.9037964928150177,
      0.5252779084444046,
      0.5505793990691503,
      0.5290099798887968,
      0.4570546046892802,
      0.5712879420320193,
      0.6277450332045555,
      0.5620781362553438,
      0.6046266347169876,
      0.573961656143268,
      0.5825578652322292,
      0.5864316260317961,
      0.6395499677956105,
      0.6080764278769493,
      0.5869278757274151,
      0.6097756009797255,
      0.6277561100323995,
      0.6256211054325104,
      0.580062936047713,
      0.6139083123207092,
      0.6742351080973943,
      0.6655062994360924,
      0.6602998892466228,
      0.6205887098113696,
      0.625111685693264,
      0.680949078798294,
      0.6074059100945791,
      0.6133574489752451,
      0.6124654464920362,
      0.6526441505551338,
      0.5997529310981432,
      0.5988937666018804,
      0.6365516483783722,
      0.5963596124450365,
      0.5988271810611089
    ],