{
  "args": {
    "method": "ippo",
    "drift": "multi",
    "n_agents": 3,
    "n_slices": 3,
    "horizon": 150,
    "episodes": 80,
    "seed": 3,
    "hidden": 64,
    "ppo_epochs": 4,
    "lr_ippo": 0.0005,
    "severity": 0.5,
    "log_every": 80,
    "outdir": "results"
  },
  "metrics": {
    "episode_reward": [
      37.60706122902533,
      35.715801463772856,
      38.6316245260338,
      41.757571217914425,
      37.011197432254754,
      36.43703832415243,
      45.684323181708656,
      39.07780240662396,
      37.35141465688745,
      42.565214573716126,
      45.300090719014406,
      44.56721233886977,
      41.204660856475435,
      44.358351339275636,
      39.88805691649517,
      42.72635062163075,
      45.69444230136772,
      42.24117463019987,
      43.27741809127232,
      55.353173308074474,
      52.25547174426416,
      44.26590854426225,
      43.550411405041814,
      46.630761582404375,
      49.08065844823917,
      46.63344370697936,
      49.401131886368,
      52.7287880666554,
      48.651297391702734,
      48.789731135591865,
      54.6346222559611,
      45.50613035696248,
      37.93135646979014,
      50.13039065400759,
      67.98142114778359,
      57.089227406308055,
      51.12964175641537,
      53.68128063033024,
      52.5013609242936,
      47.35248811046282,
      50.00051527221998,
      60.05056883456806,
      52.6670539341867,
      56.39962434147795,
      56.157612731059395,
      57.886965955918036,
      50.885112307965755,
      57.04773607539634,
      52.56371218400697,
      57.39737523595492,
      61.12465735090276,
      58.53820746267835,
      71.72158289452393,
      63.28671097755432,
      67.27153223132093,
      67.19110826402903,
      62.61356862013539,
      59.53329353158673,
      62.541111605862774,
      67.06285714482267,
      39.47797672947248,
      60.241414143393435,
      67.40838956460357,
      50.06805361931523,
      56.932744236042105,
      63.20011815304557,
      56.28078789636493,
      60.12495460733771,
      65.277386619399,
      76.32492390399177,
      65.53727828214566,
      56.2372540012002,
      54.76761448880037,
      55.71478432665268,
      61.28338721642891,
      63.448633256057896,
      55.309115920215845,
      52.66963823760549,
      58.83502583081523,
      67.12356157476704
    ],
    "sla_eMBB": [
      0.1628301002085209,
      0.1766410275051991,
      0.15844353252400956,
      0.1891480133930842,
      0.16747231734295687,
      0.1604405737047394,
      0.15340336192399262,
      0.17700818019608658,
      0.17238826848566532,
      0.16321789837131898,
      0.188632149733603,
      0.17594064840426046,
      0.16518044816950958,
      0.17106088606019815,
      0.1440409586330255,
      0.16701354595522086,
      0.14777721108247838,
      0.15756396036595105,
      0.17690659691890082,
      0.16809276732305686,
      0.15714586929728588,
      0.1704632825901111,
      0.189327083081007,
      0.1503129214948664,
      0.1823904582609733,
      0.16501580320298673,
      0.23930857859551907,
      0.18215049381057422,
      0.16944077375034491,
      0.19091696140666803,
      0.1763008742282788,
      0.1696086227024595,
      0.15477143739660582,
      0.19687233954668046,
      0.17907617690662542,
      0.1829956783602635,
      0.18045288844654958,
      0.19430089679857096,
      0.18845241544147331,
      0.17918837015827496,
      0.19700024873018265,
      0.18606844721982876,
      0.18610814741502205,
      0.1778891310033699,
      0.18428856792549292,
      0.20121811995903652,
      0.19817790880799294,
      0.17970095931241908,
      0.17445282419522604,
      0.17706824058045945,
      0.17072100202242532,
      0.19639468744397162,
      0.2068465904270609,
      0.16922313970824082,
      0.19070528338352838,
      0.15702158316969872,
      0.18925467432787021,
      0.17081110172905029,
      0.17149327555050453,
      0.18154859681924185,
      0.15044828802347182,
      0.16987850372989974,
      0.17536750890314579,
      0.1804203407963117,
      0.19039550982415676,
      0.20212389445553222,
      0.18797917508830628,
      0.20227610226720572,
      0.2318546208490928,
      0.285782003775239,
      0.2069595810274283,
      0.2154735686381658,
      0.22410200660427412,
      0.24736772254109382,
      0.22140467243889966,
      0.2203586586068074,
      0.21674137276907762,
      0.21559174438317616,
      0.2271685113509496,
      0.2261000249783198
    ],
    "sla_URLLC": [
      0.4527995457872748,
      0.3170528629422188,
      0.4608848955233892,
      0.46122862966110306,
      0.34406542355815567,
      0.42455684393644333,
      0.5953469810883204,
      0.4899054959664742,
      0.4590543223917484,
      0.5489414967099826,
      0.5197146592040857,
      0.5230985329051813,
      0.49030698974927267,
      0.5898424778381983,
      0.7167916695276896,
      0.514150415311257,
      0.606938083221515,
      0.5366656577587128,
      0.522596852183342,
      0.7569056323170662,
      0.6472417481119433,
      0.7980187888940176,
      0.46766144995267195,
      0.6241050664583842,
      0.6942093869050344,
      0.5845934906601906,
      0.426909961104393,
      0.6899605400860309,
      0.6682405862212181,
      0.5500028709073862,
      0.7390066176652909,
      0.6545638275146485,
      0.8702839897076289,
      0.5636799197395642,
      0.7620993770162264,
      0.7555766850709915,
      0.6723239645858605,
      0.7195715945959091,
      0.5693699707090855,
      0.6009915287792683,
      0.890174233118693,
      0.814765239059925,
      0.7067919039726257,
      0.7856106879313787,
      0.8434744185209274,
      0.7257728185256322,
      0.686779175400734,
      0.7331172931194305,
      0.6818605226278305,
      0.7920382922887802,
      0.8382112520933152,
      0.7734812539815903,
      0.7881382940212885,
      0.8889535456895828,
      0.9226742855707805,
      0.9265514743328095,
      0.8253033143281937,
      0.8321201793352763,
      0.8750410028298696,
      0.9274930357933044,
      0.9681253095467885,
      0.8637735146284103,
      0.9324756026268005,
      0.6739073928197225,
      0.8002986534436544,
      0.8594432995716731,
      0.7684715028603871,
      0.8492903196811676,
      0.8792073295513789,
      0.7309490531682968,
      0.8521903578440349,
      0.7222881154219309,
      0.6783198892573515,
      0.7045237191518148,
      0.7435920623938242,
      0.8045053754250209,
      0.6800428646802902,
      0.6571618941426277,
      0.7164300030469894,
      0.8396496697266896
    ],