{
  "args": {
    "method": "ippo",
    "drift": "multi",
    "n_agents": 6,
    "n_slices": 5,
    "horizon": 150,
    "episodes": 80,
    "seed": 0,
    "hidden": 64,
    "ppo_epochs": 4,
    "lr_ippo": 0.0005,
    "severity": 1.5,
    "log_every": 80,
    "outdir": "results"
  },
  "metrics": {
    "episode_reward": [
      13.663576849425832,
      13.3809714683642,
      12.672478370989362,
      12.651248442009091,
      13.169127816644808,
      16.527360655056935,
      14.708745682922503,
      18.73059130925685,
      15.338349032215774,
      12.959696577861905,
      13.625525498141846,
      14.798834114956358,
      14.459645214490592,
      15.608185036107898,
      20.054675205610693,
      18.696344394857686,
      17.04514601578315,
      14.494360543166598,
      15.5540947864453,
      16.902496476036806,
      16.474511904021103,
      14.53716845655193,
      17.1356698187689,
      16.67121947215249,
      17.8989545966809,
      18.67509547310571,
      22.800193045598764,
      21.360268907621503,
      22.435766057732206,
      24.03478478640318,
      23.991776359577972,
      24.49832278272758,
      24.314993816738326,
      24.526885295907658,
      28.99798436338703,
      33.113173292949796,
      28.467147322061162,
      31.66499603694926,
      33.46370877946416,
      29.6424872862796,
      23.34609821004172,
      35.427387641742826,
      34.31676742558678,
      38.677229443875454,
      36.52904401284953,
      35.75958545847485,
      37.80849164631218,
      37.71503361004094,
      38.49552892831465,
      39.81394650414586,
      39.076949213941894,
      38.46770198239634,
      43.87872329105934,
      40.37463707694163,
      30.721842407248914,
      41.28593592531979,
      41.95871686966469,
      44.07843128746996,
      44.15326425526291,
      42.80765886697918,
      45.31091044874241,
      43.96978145496299,
      43.194815344798066,
      44.48428564301381,
      48.49260717878739,
      43.95896663082143,
      44.21787879584978,
      46.10043390560895,
      43.20322111155838,
      44.59887044752637,
      48.00018451549113,
      44.87317826009045,
      44.452397742308676,
      45.07911798140655,
      44.816500482459865,
      45.50545168388635,
      46.629313877783716,
      44.095293206473194,
      33.42335977902015,
      43.43114095864197
    ],
    "sla_eMBB": [
      0.09158967472923299,
      0.10242795176804066,
      0.1003424011853834,
      0.08699116618682941,
      0.1032872269442305,
      0.11020381208043545,
      0.10472423748423655,
      0.08873414533212781,
      0.11258756147076686,
      0.09910990398998062,
      0.08912744322170814,
      0.10751364775002002,
      0.09129988610123595,
      0.09256561922530333,
      0.08503923579429587,
      0.10764805494497219,
      0.10146541980405649,
      0.0983945919573307,
      0.0920064549955229,
      0.07972371443174779,
      0.09085769694919388,
      0.09633509490638971,
      0.09574522020295262,
      0.0691308421889941,
      0.05857540990536412,
      0.08581920648614566,
      0.0737224646906058,
      0.07991906606281797,
      0.0705341118760407,
      0.07335745537653565,
      0.0697360308902959,
      0.08182908584053318,
      0.06780826433872184,
      0.09494089268768827,
      0.06398981877913078,
      0.06671408891677856,
      0.05772292314718167,
      0.06624648366433879,
      0.05476291049271822,
      0.061051256669064365,
      0.047495441877593594,
      0.05075310615822673,
      0.047960671552767356,
      0.04536241375530759,
      0.046862655710428955,
      0.036508303930362064,
      0.03958943553889791,
      0.041335757188498974,
      0.030352268492182095,
      0.030367435310035943,
      0.030019026411076385,
      0.027941193495256204,
      0.033335599191486834,
      0.02683334421676894,
      0.020412551534051696,
      0.028979693903844844,
      0.017314355509976547,
      0.0242771259509027,
      0.02010970387607813,
      0.020327556322639186,
      0.020184437495966753,
      0.018940328856309255,
      0.019408770336206846,
      0.018195819997539123,
      0.015455999315405885,
      0.015900164563208818,
      0.014258808085384468,
      0.012986009381711483,
      0.01305697709787637,
      0.013546684222916761,
      0.01570016423861186,
      0.011231770808808505,
      0.014933293983340264,
      0.011209001243114471,
      0.0098824644771715,
      0.00990040817608436,
      0.012382514365017415,
      0.0130948351835832,
      0.011765838842839002,
      0.012534649937103192
    ],
    "sla_URLLC": [
      0.1692011876963079,
      0.2011590559532245,
      0.1701406737137586,
      0.21070755257581672,
      0.17553584837044278,
      0.17508449772993723,
      0.24563080824911596,
      0.360022884880503,
      0.1610268698570629,
      0.19119967685081066,
      0.22423027524724604,
      0.18745998476011058,
      0.22290874503552913,
      0.22321818232536317,
      0.3401286895821492,
      0.18397453896701335,
      0.24417452161510786,
      0.1932205584924668,
      0.18316001897056897,
      0.21302649468183518,
      0.2079681957513094,
      0.23754523627460003,
      0.22527483356495698,
      0.20932244151830673,
      0.5461289513359467,
      0.24064106201132138,
      0.2796297068397204,
      0.2754068919022878,
      0.30282676813503107,
      0.3271456908931335,
      0.3057368481407563,
      0.2954145171493292,
      0.25300585138301057,
      0.2728810629248619,
      0.302453422571222,
      0.3722325441986322,
      0.3406335730602344,
      0.37379183165729046,
      0.4024769983192285,
      0.3623052254815896,
      0.5718943966428439,
      0.4253859186420838,
      0.4209833957006534,
      0.4757444814344247,
      0.437181678712368,
      0.46030124098062514,
      0.45922742545604706,
      0.43908120622237523,
      0.4763649032264948,
      0.4768881685535113,
      0.43248132531841593,
      0.4575696669022242,
      0.469166284352541,
      0.4794234800338745,
      0.4922142255306244,
      0.4489387241999308,
      0.32798878761629263,
      0.5033201656242212,
      0.502602734764417,
      0.4835311747590701,
      0.5496673729022344,
      0.5115281785527865,
      0.5536571509639422,
      0.531606955130895,
      0.6612758847077688,
      0.5127183892329534,
      0.5045794437328974,
      0.5451591845353444,
      0.5167684513330459,
      0.5386188007394472,
      0.5230364409089089,
      0.543546865483125,
      0.5612070363759994,
      0.5599512471755346,
      0.5192338311672211,
      0.5608675702412923,
      0.5724655188123385,
      0.528955826163292,
      0.5236385879913966,
      0.8132574268182119
    ],