{
  "args": {
    "method": "ippo",
    "drift": "multi",
    "n_agents": 10,
    "n_slices": 3,
    "horizon": 150,
    "episodes": 80,
    "seed": 4,
    "hidden": 64,
    "ppo_epochs": 4,
    "lr_ippo": 0.0005,
    "severity": 1.5,
    "log_every": 80,
    "outdir": "results"
  },
  "metrics": {
    "episode_reward": [
      33.892474305070934,
      34.40109182558954,
      33.09123241286725,
      39.13243925571442,
      37.835406919568776,
      33.19088574051857,
      39.31666518840939,
      37.8257327310741,
      36.987206685356796,
      33.63680859301239,
      38.820557972975074,
      36.750142608582976,
      33.266178319044414,
      34.19613497536629,
      35.66681597530842,
      39.1205058561638,
      38.00717837121338,
      40.809508440457286,
      37.992005703412,
      37.45231476258486,
      39.06987217441201,
      34.38654410652816,
      31.386792236939073,
      33.85811404231936,
      43.076551374047995,
      38.59542794767767,
      38.10038782693446,
      39.24518110584468,
      32.24978475105017,
      41.62408976834267,
      39.60713601261377,
      42.645996381528676,
      40.86688488945365,
      47.305950122699144,
      42.01539815645665,
      45.67307189442217,
      43.164177475124596,
      41.27085235808045,
      40.66068657152355,
      39.64396296516061,
      48.928426819480954,
      44.485590055026115,
      43.464976395107804,
      46.146189151518044,
      41.01694890204817,
      48.57748400550336,
      44.34455040693283,
      46.61363740842789,
      52.864587015658614,
      46.48032800350338,
      44.963613607734445,
      45.78149074092507,
      47.10591481626034,
      46.55170673187822,
      47.43582734018564,
      47.988135277852415,
      48.25177142638713,
      50.2080815564841,
      51.04763748664409,
      56.48397677578032,
      47.20461611505598,
      48.72514806743711,
      49.62980587631464,
      48.421048622764644,
      52.411293163336815,
      49.593831823021176,
      49.518388989940284,
      52.48878324851394,
      51.86107777059078,
      51.282576193474235,
      50.92757184132934,
      47.011976197175684,
      51.61754356417805,
      54.07601437605918,
      55.98394488487393,
      53.550425270944835,
      49.77856231182814,
      50.58910058401525,
      49.51126179099083,
      52.86642823666334
    ],
    "sla_eMBB": [
      0.15981693701197705,
      0.1670569100851814,
      0.1842168756822745,
      0.1552686434487502,
      0.16329084906727076,
      0.17768594084928432,
      0.16926473025232552,
      0.16409735343108575,
      0.18239133541782698,
      0.16013891596347093,
      0.1767833544810613,
      0.17029657874256374,
      0.15854047765334447,
      0.17406667592624822,
      0.16326997290054956,
      0.16409542486071588,
      0.17503915056586267,
      0.15788017806907495,
      0.15183957489828268,
      0.1573085498313109,
      0.1584883783881863,
      0.15492623321712018,
      0.14245426415776213,
      0.15997351442774138,
      0.14587976438303787,
      0.16757517849405607,
      0.16906167032818,
      0.1579787964746356,
      0.11066306510319313,
      0.15216297319779792,
      0.15795715297261873,
      0.16278566891948382,
      0.16061972385893267,
      0.18675595320761204,
      0.14879180047661067,
      0.14956149138510227,
      0.1999665913855036,
      0.1598048059642315,
      0.15932850575695434,
      0.15889792177826167,
      0.18998411995669207,
      0.1692986999824643,
      0.16457009414831797,
      0.17144400703410306,
      0.31711479149758814,
      0.16421240178247293,
      0.1622195919478933,
      0.170941715054214,
      0.20685383225480716,
      0.16046451256920893,
      0.15045092665900786,
      0.16004461370408535,
      0.1513408269236485,
      0.15655503394703071,
      0.14925467972954115,
      0.1586355776215593,
      0.1423909669617812,
      0.139568978647391,
      0.15954889629036187,
      0.19254943306247393,
      0.13770932068427405,
      0.16378883495926858,
      0.15131077208866675,
      0.14739015114804108,
      0.14428964683165152,
      0.1491034344707926,
      0.1501562914500634,
      0.15494335364550352,
      0.146193943011264,
      0.14771437282363573,
      0.14257479128738246,
      0.3004400043624143,
      0.15055489947398504,
      0.16431349193056424,
      0.13902223135034245,
      0.14468581457932791,
      0.14573646664619447,
      0.1462410520762205,
      0.14142112631350756,
      0.27643634324272476
    ],
    "sla_URLLC": [
      0.43206718484560647,
      0.41442543516556424,
      0.37063398033380507,
      0.7244214222828547,
      0.4521363273759683,
      0.39839170957605047,
      0.4839828789234161,
      0.4627390472590923,
      0.46052631571888925,
      0.41219243412216505,
      0.46900080993771553,
      0.45113917032877604,
      0.4020645679036776,
      0.408255531390508,
      0.43423381010691325,
      0.47997967690229415,
      0.4629052342971166,
      0.5344051909446716,
      0.48499557087818784,
      0.4770524103939533,
      0.4732770722111066,
      0.4158018199106058,
      0.5286142016450565,
      0.42046492819984754,
      0.7978072770436605,
      0.4663535047570864,
      0.4540842899183432,
      0.4916167322794596,
      0.8339554973443349,
      0.533842882613341,
      0.5007047514120738,
      0.5378459080060323,
      0.5160613859693209,
      0.5315394687652588,
      0.5430747982859612,
      0.8562705250581105,
      0.5103482975562413,
      0.5226354415218035,
      0.5275490953524907,
      0.5164851334691047,
      0.5563362003366152,
      0.5563903283079465,
      0.5461263580123583,
      0.5788706681132316,
      0.3517396139105161,
      0.6248127115766208,
      0.5619587118426959,
      0.6032603692015012,
      0.548784167567889,
      0.6237138699491819,
      0.5977565412720044,
      0.593771365582943,
      0.6246382646759351,
      0.6107824833194415,
      0.6214553515116373,
      0.6234896129369736,
      0.6405844486753146,
      0.6774185021718343,
      0.6961953486998876,
      0.5886255872249603,
      0.6283015236258507,
      0.6175232064723969,
      0.6527542595068614,
      0.6302526477972666,
      0.6946917810042699,
      0.6492351464430491,
      0.6853070310751597,
      0.6684574713309606,
      0.6835978841781616,
      0.6626588815450668,
      0.6699438693126043,
      0.40907599051793414,
      0.6579351280132929,
      0.6963407818476359,
      0.7671345297495524,
      0.7088893701632818,
      0.6418519632021586,
      0.6461041444540023,
      0.655681734085083,
      0.4892208113272985
    ],