{
  "args": {
    "method": "ippo",
    "drift": "multi",
    "n_agents": 10,
    "n_slices": 3,
    "horizon": 150,
    "episodes": 80,
    "seed": 1,
    "hidden": 64,
    "ppo_epochs": 4,
    "lr_ippo": 0.0005,
    "severity": 1.5,
    "log_every": 80,
    "outdir": "results"
  },
  "metrics": {
    "episode_reward": [
      36.056836674548684,
      35.13397799879313,
      35.142688054405156,
      34.15301472321153,
      32.60102826375514,
      39.66314884256572,
      36.074111711233854,
      36.88122084774077,
      36.01567191705108,
      34.8522392001003,
      41.56767386868596,
      37.228669887036084,
      36.295388761535285,
      37.44320234768092,
      35.29267503023148,
      34.21968091577291,
      38.052048807032406,
      36.86512015834451,
      36.366047120839355,
      38.01617221105844,
      42.29360926281661,
      36.06015377622098,
      37.559367635659875,
      39.46198799423873,
      40.34315131437033,
      40.19780733454972,
      40.323380017466846,
      38.912049260735515,
      40.29548138398677,
      42.79189961329102,
      41.10487472694367,
      48.81664867922664,
      44.971507829986514,
      47.299186741374434,
      46.25972201786935,
      40.20971059463918,
      42.3749648405239,
      36.207846799120304,
      44.374446431919935,
      56.50067580398172,
      45.135191813111305,
      45.73706542085856,
      52.0193474277854,
      49.73224035650492,
      44.952616003528235,
      45.00746217519045,
      47.189318092353645,
      53.673829562216994,
      51.27228641808033,
      49.93431948740035,
      47.10712015349418,
      47.39696258176118,
      50.6954767473042,
      48.72561878338456,
      50.27082707881927,
      38.31154420748353,
      51.06801177170128,
      50.4598275417462,
      53.56734402514994,
      54.70553507003933,
      49.491350232064725,
      56.29039400406182,
      50.67423189822584,
      51.990682675503194,
      51.153373742103575,
      56.85661402810365,
      53.19932108819485,
      54.509219782613215,
      51.95296931043267,
      57.234356571175155,
      51.12796527054161,
      53.61970204282552,
      39.240245525166394,
      51.2224553655833,
      51.46871658358723,
      58.80006526745856,
      52.88929252233356,
      53.40974711012095,
      56.6666624603793,
      52.697207091003655
    ],
    "sla_eMBB": [
      0.17473440479487182,
      0.17670126368602118,
      0.16404320140679676,
      0.16727003349612157,
      0.17261595534781615,
      0.13560790581007798,
      0.1751612348606189,
      0.16877016118417185,
      0.15975881457328797,
      0.1675062551597754,
      0.20815839235981307,
      0.1761221195012331,
      0.16280882292737564,
      0.18089213433365028,
      0.15663061154385408,
      0.15982836900899808,
      0.16089487597346305,
      0.18860441001753012,
      0.1629347486856083,
      0.1576786178847154,
      0.21355001807212828,
      0.1717590689410766,
      0.1940547830114762,
      0.3583228213712573,
      0.16727364299197992,
      0.17588069394230843,
      0.15865345562497774,
      0.3184603742137551,
      0.1648068815221389,
      0.15935107400019963,
      0.1738035715247194,
      0.21636990318695704,
      0.1823047892500957,
      0.1553882376725475,
      0.18608695710698764,
      0.31947186673680944,
      0.1904943271105488,
      0.16167117964476346,
      0.16154110237956046,
      0.20250733186801276,
      0.15749986314525208,
      0.1651233030607303,
      0.19049525116880736,
      0.2049819540977478,
      0.16281384987135727,
      0.15968714577456317,
      0.1695868986596664,
      0.19791377832492194,
      0.20369505375623703,
      0.18997280480961004,
      0.16117429145922263,
      0.16319739465912184,
      0.16455127502481143,
      0.13916580159217118,
      0.17804499987512826,
      0.13256396817664307,
      0.1624672365685304,
      0.16503336049616338,
      0.16364898736278216,
      0.19595580451190472,
      0.17054607833425203,
      0.1644571422537168,
      0.18027184573312602,
      0.17966015824427206,
      0.17114991073807082,
      0.18016612261533738,
      0.1732040361315012,
      0.16704148733367521,
      0.16470601047078767,
      0.17411422898372014,
      0.1925217727199197,
      0.16150898221880197,
      0.1423081734155615,
      0.17900686617940664,
      0.16418900522092977,
      0.1846705398460229,
      0.18467694357037545,
      0.16421950469414393,
      0.16986013126869998,
      0.18925585150718688
    ],
    "sla_URLLC": [
      0.42169087275862693,
      0.42575780654946965,
      0.4347445747256279,
      0.43118630210558573,
      0.3899801190197468,
      0.7266056285301844,
      0.43659816433986026,
      0.4355271920065085,
      0.4436886734267076,
      0.4219845525920391,
      0.4477576373020808,
      0.4418338300784429,
      0.44689555525779723,
      0.4426937822500865,
      0.438176272859176,
      0.4137053603927294,
      0.4697802385687828,
      0.4323807156085968,
      0.44489214569330215,
      0.4651324725151062,
      0.45249523013830184,
      0.4357500136892001,
      0.4549792362749577,
      0.32433406164248785,
      0.5026833193500837,
      0.4870527202884356,
      0.49685977905988693,
      0.32807501912117004,
      0.5055148674050967,
      0.7847697325547536,
      0.5287969154616197,
      0.4995008807380994,
      0.584233630100886,
      0.6009392656882604,
      0.508018275598685,
      0.33574439346790313,
      0.5205821579694748,
      0.5840957366426786,
      0.558355341553688,
      0.722912689447403,
      0.5812836562593778,
      0.5657181519269944,
      0.5823703176776568,
      0.5542779239018758,
      0.5591204833984375,
      0.5867719436685245,
      0.6000038257241249,
      0.5947702568769455,
      0.5639836309353511,
      0.6506173633535703,
      0.6351527499159177,
      0.6355640266338984,
      0.6845680411656697,
      0.9322083536783854,
      0.6407758831977844,
      0.9609437000751495,
      0.6907079915205637,
      0.681200245420138,
      0.7102535756429037,
      0.7311232048273086,
      0.6693608570098877,
      0.7691826144854228,
      0.6649447266260783,
      0.6890781128406525,
      0.6778267355759938,
      0.7429708971579869,
      0.6816599527994792,
      0.7094268667697906,
      0.6766825294494629,
      0.7328349115451177,
      0.6547391839822133,
      0.7330579650402069,
      0.6891127759218216,
      0.6618268316984177,
      0.7055402721961339,
      0.6674085690577825,
      0.6820794959863027,
      0.7297291404008865,
      0.7166251571973165,
      0.6432326704263687
    ],