{
  "args": {
    "method": "ippo",
    "drift": "multi",
    "n_agents": 3,
    "n_slices": 5,
    "horizon": 150,
    "episodes": 80,
    "seed": 1,
    "hidden": 64,
    "ppo_epochs": 4,
    "lr_ippo": 0.0005,
    "severity": 1.5,
    "log_every": 80,
    "outdir": "results"
  },
  "metrics": {
    "episode_reward": [
      14.603105371817946,
      15.344424605369568,
      16.17363818238179,
      16.934837909415364,
      16.71466447847585,
      21.229990407203633,
      12.751466053848466,
      14.439715841164192,
      13.250063047433892,
      12.752953747287393,
      15.12030122304956,
      14.950856191416582,
      12.444258334736029,
      15.957528334110975,
      15.760168955350915,
      21.235328193753958,
      19.929582357406616,
      16.140926614403725,
      14.257623452072343,
      22.084266087040305,
      16.5085701495409,
      17.30178668908775,
      23.728678985188406,
      19.400983907903235,
      16.967886611198384,
      20.338817252467077,
      21.079642184078693,
      24.64355920938154,
      26.191103200117748,
      25.75870999880135,
      26.75367113078634,
      25.072935252139967,
      27.6200916574647,
      26.689917352671426,
      26.524041838323075,
      28.05174948958059,
      29.953708325823147,
      27.55869288990895,
      27.857117373496294,
      29.956056515375774,
      26.9237184630086,
      30.017616446440417,
      34.51415799868604,
      31.19661752569179,
      33.9185722588251,
      35.54486250504851,
      32.78300553498169,
      35.06549699231982,
      37.63825506903231,
      38.85955644771457,
      39.207680943111576,
      38.283651780337095,
      41.56836067015926,
      29.67475583093862,
      45.39028748931984,
      43.225562965497375,
      49.41286669050654,
      45.42553128674626,
      47.72707765363157,
      46.203757402176656,
      45.45577983868619,
      46.03152590120832,
      46.84777858604988,
      48.0006698196133,
      43.81640017032623,
      48.25634469650686,
      47.36827097957333,
      46.3966013106207,
      30.95433371265729,
      46.57175982308885,
      47.19008411342899,
      32.876545625428356,
      47.36767178463439,
      48.55739456291,
      46.19449834090968,
      60.49140177667141,
      46.11508772522211,
      53.510397051771484,
      46.8463202069203,
      46.305708261206746
    ],
    "sla_eMBB": [
      0.10342052182803552,
      0.09088868097091715,
      0.10205029561494787,
      0.07326439338115355,
      0.1238359377719462,
      0.08520572178065777,
      0.10241056772569815,
      0.09035654765864214,
      0.08921853502591451,
      0.09030517891049385,
      0.09781739047418038,
      0.11600592726220688,
      0.10683116630961498,
      0.1107507056929171,
      0.08889127542575201,
      0.0781730450068911,
      0.08927583515644073,
      0.08552264507859945,
      0.08757090835521618,
      0.10257688305651148,
      0.09477206525703272,
      0.07001058464869857,
      0.08595422913630803,
      0.09756340734660625,
      0.09665644925087691,
      0.06965348419733346,
      0.08228109177745258,
      0.07659913553545872,
      0.06296837191097439,
      0.07030190425071245,
      0.06405883212884267,
      0.06612501617521048,
      0.06321745753288269,
      0.07226586633672318,
      0.07049923438578844,
      0.068293895162642,
      0.05652320139110088,
      0.07293301174494748,
      0.05569895040243864,
      0.06773178973545631,
      0.05485359816501538,
      0.06417923479069335,
      0.050978706711903216,
      0.052607561722397805,
      0.041266777887940406,
      0.049798606497546034,
      0.048077232654128846,
      0.05324610579758882,
      0.05204118016141971,
      0.04934298274378913,
      0.036098940533896284,
      0.037108376882970334,
      0.03970571181271225,
      0.02901116198549668,
      0.026316222635408244,
      0.019299803401033083,
      0.029327437141134092,
      0.024735123937328657,
      0.022647518559048573,
      0.01941081218421459,
      0.01207793142646551,
      0.019479001549383004,
      0.01578002903610468,
      0.01745410310725371,
      0.020150912404060365,
      0.011523192748427391,
      0.01585349372277657,
      0.013442562039320668,
      0.019033315773122013,
      0.015369308708856503,
      0.012153948744138082,
      0.009713935363882532,
      0.013336592277434344,
      0.01405115673939387,
      0.014908813374737899,
      0.011259348938862483,
      0.013829596017797789,
      0.017827911227941515,
      0.015760754986355704,
      0.015472380579449236
    ],
    "sla_URLLC": [
      0.17012082288662592,
      0.22310820578287044,
      0.13594010842653612,
      0.32211215058962506,
      0.19881333578688404,
      0.3483184691114972,
      0.17224049590528012,
      0.1488898039640238,
      0.20148362987674773,
      0.18060185256103675,
      0.19196042158640922,
      0.17548245727627848,
      0.16778139759320765,
      0.1718584460609903,
      0.17765456777919705,
      0.40040594464788837,
      0.195027400602897,
      0.2347422835836187,
      0.17634302579953023,
      0.22079884188560148,
      0.2304820070291559,
      0.2306515617776313,
      0.33680392454999186,
      0.2343337297687928,
      0.22853321075749894,
      0.26151523609956107,
      0.25259398395816485,
      0.2332973712682724,
      0.3358336811761061,
      0.3661701724926631,
      0.4008562670648098,
      0.33230972066521647,
      0.2595475110411644,
      0.3955375004311403,
      0.42876830384135245,
      0.4615821352104346,
      0.4336263475815455,
      0.3767857206861178,
      0.4077094932893912,
      0.416402971247832,
      0.4012318943440914,
      0.4659623627364635,
      0.31632199838757513,
      0.4837405017018318,
      0.475623018493255,
      0.5458520745734373,
      0.4384258506695429,
      0.5819898241758347,
      0.5024809911847115,
      0.48470583791534105,
      0.3695060562590758,
      0.5114195110400518,
      0.6241123338540395,
      0.5801243065794309,
      0.6566512101888656,
      0.6013998797039191,
      0.6094631760319074,
      0.6812243463099003,
      0.6007576954861482,
      0.6370668740073839,
      0.4037367627521356,
      0.6449406796693802,
      0.712342060705026,
      0.6305014589428901,
      0.9638142772515614,
      0.655295640428861,
      0.6690567447741826,
      0.6242324012517929,
      0.9653818698724111,
      0.648929004073143,
      0.5923421894013882,
      0.6022143897414207,
      0.6542882930735747,
      0.6605163116753101,
      0.6771046460668246,
      0.6104270939032237,
      0.6081275290250778,
      0.6756533077359199,
      0.6262076528867085,
      0.6247501157720884
    ],