{
  "args": {
    "method": "ippo",
    "drift": "multi",
    "n_agents": 3,
    "horizon": 150,
    "episodes": 80,
    "seed": 1,
    "hidden": 64,
    "ppo_epochs": 4,
    "lr_ippo": 0.0005,
    "severity": 1.0,
    "log_every": 80,
    "outdir": "results"
  },
  "metrics": {
    "episode_reward": [
      38.10052714329214,
      36.398979942583374,
      37.2045053334493,
      40.522674489787086,
      32.60997263591013,
      42.94474255509366,
      39.38145013790992,
      37.9356572409196,
      37.07056879527453,
      32.867486485849255,
      39.33778199536936,
      38.74253819502063,
      38.88137984379299,
      36.68097554968879,
      37.97754349948632,
      40.32321980305844,
      36.99533955318234,
      39.819666310917164,
      36.80164617062031,
      40.14935715482055,
      48.18792466225313,
      41.514220746813585,
      43.90896233603774,
      37.97426862708396,
      42.330787051489786,
      44.54371229952408,
      52.53996882882105,
      40.80495837217507,
      42.54202996657955,
      45.57490674811931,
      49.29346247948707,
      56.31656008310002,
      48.6881542746521,
      53.180188957705276,
      50.68877033278765,
      42.82629666570577,
      50.57701727164031,
      44.21830394996537,
      52.23272679684066,
      60.29310491116099,
      52.372469893718765,
      56.71491897259322,
      60.53383670343709,
      56.71193038875032,
      49.287893155134405,
      50.323584694249774,
      52.31368881795143,
      67.8479296192527,
      59.44069684437582,
      54.547843077323535,
      54.15064920418795,
      56.267551915844315,
      53.33850104237593,
      50.51468651716908,
      58.57333328622502,
      37.318852116788385,
      61.082248819681574,
      66.63944691717636,
      60.6070289521582,
      64.27354226531469,
      60.459348176016135,
      65.48487034686332,
      60.66836396598567,
      53.20982295158839,
      62.087912842320954,
      66.6025658884811,
      63.33143298332067,
      64.66608464690971,
      60.38832804397166,
      66.12252288531108,
      58.87853503891586,
      65.64371607976257,
      47.62628819594779,
      64.63305339126133,
      64.38859612128395,
      73.82735527644144,
      64.79550010684065,
      60.87253495920449,
      61.7531905711111,
      61.974141640174714
    ],
    "sla_eMBB": [
      0.16851902607828378,
      0.16551259121547143,
      0.15799105579654377,
      0.15871446929872035,
      0.1415531765917937,
      0.1460487984865904,
      0.182815103965501,
      0.1590695942689975,
      0.15259710513055325,
      0.15185917752484482,
      0.1945481227710843,
      0.1594090016869207,
      0.15123518192519744,
      0.16282509319484234,
      0.14302479675039648,
      0.14105109843735894,
      0.1573911312967539,
      0.1559401370957494,
      0.1556859187409282,
      0.15044763448337714,
      0.18970349039882423,
      0.1514496815452973,
      0.16262279050424694,
      0.16551630498220524,
      0.13940944412723183,
      0.14220980600764355,
      0.14447039168328046,
      0.1441156058261792,
      0.13701729781925678,
      0.12723631057888268,
      0.1341586649293701,
      0.1823035709016646,
      0.1419831123078863,
      0.11798802342886726,
      0.14220074617614348,
      0.15022661263123155,
      0.14318581261982521,
      0.11031894015769164,
      0.12992803279310464,
      0.14426327361414829,
      0.13177973761533698,
      0.12569614429026843,
      0.15629209587971368,
      0.162737968377769,
      0.12688057786474624,
      0.13198076656709115,
      0.12619128480553626,
      0.14791772541900475,
      0.15053862652430933,
      0.137703333782653,
      0.11923906840384006,
      0.10936463774492343,
      0.11324137888848781,
      0.08780791820958257,
      0.11070328094065189,
      0.07943038381636143,
      0.09351889001826445,
      0.08524347434441248,
      0.09789387578765552,
      0.1101105418226992,
      0.10203915732602278,
      0.10843165115142862,
      0.10265460742016633,
      0.09555911489451925,
      0.1001168193668127,
      0.10296203471720218,
      0.10071378971760471,
      0.09767184268062314,
      0.09380716423193614,
      0.1010391532505552,
      0.09563845119128625,
      0.08756105925266941,
      0.07711221320554613,
      0.08992071064189076,
      0.08074358644584814,
      0.10319652993232012,
      0.08746450029934447,
      0.07722966290389498,
      0.08537507473180692,
      0.08939792189126214
    ],
    "sla_URLLC": [
      0.44474584276477497,
      0.4492140939583381,
      0.4586054506401221,
      0.5060181544224421,
      0.3851547456781069,
      0.7907541380325953,
      0.4250305138528347,
      0.4563063514729341,
      0.441363841543595,
      0.40082609427471955,
      0.4074392041563988,
      0.4855328923122336,
      0.473387165615956,
      0.4572263147433599,
      0.4681289814909299,
      0.4952726418276628,
      0.43541751821835833,
      0.5197440669933955,
      0.45581212773919105,
      0.48315406481424966,
      0.5163433320323626,
      0.5062723118066788,
      0.5805381917456786,
      0.3643132157623768,
      0.5838913022975127,
      0.5532207778096199,
      0.708713846852382,
      0.42107045734922094,
      0.574023286998272,
      0.8725855267047882,
      0.7046774869660536,
      0.5755553462107976,
      0.7021640082200368,
      0.7640415006875991,
      0.5604685914019744,
      0.4038142028450966,
      0.6997258581717809,
      0.7719423720240592,
      0.6978279648224512,
      0.7717431885997454,
      0.7067251964906851,
      0.7402894216775894,
      0.6966446011265119,
      0.6328573405742646,
      0.6618481390674908,
      0.7037877754867077,
      0.6883523467679818,
      0.7760612312952677,
      0.6788518097996712,
      0.7675625542799632,
      0.7688951151072979,
      0.7711075419187545,
      0.7853329042593639,
      0.9737298818429311,
      0.784193795522054,
      0.9698276102542878,
      0.8572005126873652,
      0.9178099799156189,
      0.8218510639667511,
      0.8763470391432444,
      0.8499544554948807,
      0.8997551079591115,
      0.8275807656844457,
      0.7361532934506734,
      0.8407431362072627,
      0.9130971697966258,
      0.8449197268486023,
      0.8734762402375539,
      0.8409650778770447,
      0.856899800101916,
      0.8104875252644221,
      0.913922473192215,
      0.8387771862745285,
      0.8955913603305816,
      0.9076444260279337,
      0.8432593375444413,
      0.8713713300228119,
      0.8628498061498007,
      0.831448211769263,
      0.8465961470206579
    ],