{
  "args": {
    "method": "ippo",
    "drift": "multi",
    "n_agents": 6,
    "n_slices": 5,
    "horizon": 150,
    "episodes": 80,
    "seed": 4,
    "hidden": 64,
    "ppo_epochs": 4,
    "lr_ippo": 0.0005,
    "severity": 1.5,
    "log_every": 80,
    "outdir": "results"
  },
  "metrics": {
    "episode_reward": [
      13.417348200144867,
      13.333699851296842,
      14.931215440233549,
      12.82866181153804,
      14.579566517223915,
      11.505494909050563,
      14.534862477953235,
      14.943798502907157,
      13.26324199543645,
      15.850949134367207,
      14.195425050954023,
      14.89567208259056,
      17.06213207077235,
      16.57588163608064,
      17.22432387371858,
      18.233275580530364,
      18.668414653589327,
      16.431746471052367,
      16.866887745757897,
      24.1608258470272,
      18.852272901994485,
      18.937931454740465,
      20.986198157072067,
      19.368937015533447,
      22.986718475508194,
      22.4842249614497,
      22.66898141087343,
      23.069344787237544,
      22.15241197310388,
      24.45888159889728,
      27.83609378213684,
      26.138146312907338,
      29.677734127268195,
      32.13338574580848,
      29.724308873216312,
      31.37584944907576,
      37.10473207446436,
      31.80321444136401,
      35.02255147974938,
      36.032235103969775,
      37.76651254761964,
      36.73064415343106,
      36.10291633351395,
      38.35978069559982,
      40.08686949250599,
      40.86727202373246,
      55.38384533300996,
      42.25063543549428,
      39.75597979531934,
      42.58514745657643,
      45.57839788744847,
      42.42700318681697,
      43.51387010297427,
      44.141197472189866,
      56.06191131348411,
      48.041315737490855,
      45.40501862919579,
      57.69367023309072,
      45.66705365013331,
      44.967294995673,
      45.91038991200427,
      46.194297780282795,
      45.63371939988186,
      45.00569383582721,
      45.411391590101026,
      56.99600301620861,
      47.984525420702994,
      49.01749246753752,
      47.68011792531858,
      47.573638662695885,
      47.76178136933595,
      47.282853306271136,
      45.8905012657245,
      48.83482581718514,
      51.2553227286165,
      48.69757831438134,
      33.41614978915701,
      49.49920619651675,
      47.99937345770498,
      51.80842351013174
    ],
    "sla_eMBB": [
      0.09762335495518831,
      0.08658662921438615,
      0.07158004863808552,
      0.10494510111088554,
      0.10777524090061585,
      0.09840657995392879,
      0.10127455970272421,
      0.09898114269599319,
      0.09149988441417614,
      0.09322298233707746,
      0.08628760123004516,
      0.09265068503872802,
      0.08555275252088905,
      0.10820280386755864,
      0.10882965446294596,
      0.08552548125386238,
      0.0919084740554293,
      0.08840632427483797,
      0.08557936833550532,
      0.08660711277741939,
      0.0787114230915904,
      0.08561117125675083,
      0.07417393291989963,
      0.08409847628325223,
      0.08411974304666121,
      0.07919427239646515,
      0.07397597198064129,
      0.06907175960019231,
      0.07889344496652484,
      0.06705848259230454,
      0.0688175619021058,
      0.05839579189817111,
      0.06330015284319719,
      0.06288188670451443,
      0.056072019220640264,
      0.06164466018478076,
      0.05350436628485719,
      0.0536555749985079,
      0.04888142809892694,
      0.05136273696397742,
      0.04760849541674057,
      0.049067363605524106,
      0.0452668388808767,
      0.04601263957719008,
      0.032524563840900855,
      0.03692639736458659,
      0.030422125483552616,
      0.03233901765197515,
      0.03783677484452103,
      0.023998049857715767,
      0.027043456829463443,
      0.022936498764902353,
      0.022375050292660792,
      0.019909854227056104,
      0.021699814796447753,
      0.02204886560328305,
      0.020198651102061073,
      0.025343325288655856,
      0.023834102172404528,
      0.019973249149819215,
      0.016133902348422755,
      0.016144906071325144,
      0.016090295544127,
      0.014535435528183977,
      0.014811998587101699,
      0.0137388216642042,
      0.0167273712468644,
      0.011434279535897075,
      0.014405791691193978,
      0.012819285659740368,
      0.010959264480819304,
      0.011511194122334322,
      0.018463442058612903,
      0.010325326385597388,
      0.009845775502423446,
      0.012596253749604026,
      0.012614968853692213,
      0.01138384618718798,
      0.012875821966057022,
      0.008430274352431297
    ],
    "sla_URLLC": [
      0.1956209773570299,
      0.16966465175151824,
      0.38862130924438437,
      0.16101554253449044,
      0.16738201388390736,
      0.1421982649465402,
      0.20938225181152423,
      0.20739730402827264,
      0.16123109077413877,
      0.19436261882384617,
      0.18755905556182068,
      0.19579740788787603,
      0.2155078019698461,
      0.18731135030587515,
      0.18262974686920644,
      0.24872921201090017,
      0.2568962373584509,
      0.19574201136827468,
      0.18231918295224508,
      0.45234986615677675,
      0.2467598950366179,
      0.2350692149500052,
      0.25977852563063303,
      0.2518423697104057,
      0.3008205335090558,
      0.32849257757266365,
      0.28019720710814,
      0.31892329938709735,
      0.29813222026762864,
      0.2687199912716945,
      0.3531041157493989,
      0.35585199733575185,
      0.411104307671388,
      0.40695820388694603,
      0.4096556707471609,
      0.40712818145751956,
      0.5122034605840842,
      0.44395542941987515,
      0.4979965116083622,
      0.46817566983401776,
      0.502314732025067,
      0.4972869653999805,
      0.4742566435535749,
      0.4839134851594766,
      0.5309640701611836,
      0.48809472863872844,
      0.5415703557928403,
      0.5226587944229444,
      0.5039061595499515,
      0.5302306853234768,
      0.5274910931289196,
      0.5478245462973913,
      0.5278896462917327,
      0.5815865125258763,
      0.5354849087198575,
      0.647468124628067,
      0.5413972371816635,
      0.5411360065142313,
      0.5401677947243054,
      0.5570476590593656,
      0.6326246439417204,
      0.5893727515141169,
      0.5927931105097135,
      0.5813445356488228,
      0.5931178565820058,
      0.7024427886803944,
      0.6756534299254418,
      0.6647257981697718,
      0.6780721078316371,
      0.6375998102625211,
      0.6554840429623922,
      0.6183922705054283,
      0.9741362738609314,
      0.6883726108074188,
      0.7281235275665919,
      0.6689900567134222,
      0.6127483200033506,
      0.6694709712266922,
      0.6407253977656364,
      0.7272905627886455
    ],