{
  "args": {
    "method": "ippo",
    "drift": "multi",
    "n_agents": 3,
    "n_slices": 3,
    "horizon": 150,
    "episodes": 80,
    "seed": 8,
    "hidden": 64,
    "ppo_epochs": 4,
    "lr_ippo": 0.0005,
    "severity": 0.5,
    "log_every": 80,
    "outdir": "results"
  },
  "metrics": {
    "episode_reward": [
      33.97111039298276,
      48.327493051687874,
      40.638255570704736,
      32.29726145975292,
      33.35290414777895,
      39.54972305086752,
      45.651841186607875,
      39.75598455903431,
      42.06802672085663,
      37.319236155599356,
      49.385447441910706,
      38.9698743733267,
      41.74450486463805,
      44.231171825900674,
      46.84274652414024,
      42.03817374507586,
      42.699044205248356,
      54.97684725932777,
      39.35492585723599,
      59.108845652391516,
      37.12013313919306,
      45.90931421518326,
      50.540314484387636,
      39.91521266164879,
      53.79603793658316,
      49.13941436136762,
      47.564604595303535,
      42.13944802867869,
      51.830856216450535,
      61.545024474461876,
      40.292134234060846,
      51.561193312207855,
      49.27257851573328,
      49.48543330344061,
      48.40143118674556,
      59.27000105381012,
      53.28153067330519,
      58.09658297151327,
      51.71585013220707,
      57.88813856740793,
      57.330873691787325,
      55.94016989630958,
      55.290850178028144,
      50.81640342685083,
      57.70407125043372,
      52.78591910377145,
      63.1866078649958,
      62.53863731895884,
      64.95442963515718,
      52.77222495774428,
      63.13749971613288,
      62.6254857207338,
      56.3833155396084,
      50.81261154388388,
      68.97748017062743,
      65.4836747199297,
      68.94890816509724,
      60.150541139145695,
      66.85725833227237,
      57.13602383931478,
      65.89064645643036,
      63.563117042804755,
      70.70911562194426,
      61.75675739347935,
      66.90047626321514,
      64.38588072235386,
      64.17563768724601,
      64.55968216061592,
      70.78968066101272,
      69.43713923419516,
      63.92132040113211,
      70.92613473410408,
      65.4989366705219,
      71.78084642067552,
      71.29027117912968,
      68.36128121366103,
      68.52854667728145,
      69.73328943302234,
      73.33412280182044,
      54.996970526874065
    ],
    "sla_eMBB": [
      0.16137138120830058,
      0.15670795809477567,
      0.17108718179166316,
      0.1889645659054319,
      0.16271999716758728,
      0.19371523241202038,
      0.15462495665997267,
      0.1717588472738862,
      0.16423634878049295,
      0.15337150612846018,
      0.1788436115036408,
      0.16267078403383495,
      0.1445875312015414,
      0.16725956210245688,
      0.16245513681322335,
      0.18100723964472612,
      0.16208755560219287,
      0.16887961816042663,
      0.16593177373210588,
      0.1412780013680458,
      0.15167830598851045,
      0.18192336125920217,
      0.19732982909927765,
      0.17007193970183532,
      0.18091824841996035,
      0.177697837613523,
      0.15759729062517483,
      0.17047695219516754,
      0.17919972398628792,
      0.14559089723353585,
      0.16527323285738627,
      0.15970420536895594,
      0.16671611314018567,
      0.17432669949407378,
      0.15815052696814139,
      0.14543235747764507,
      0.14650148262580237,
      0.1703105793769161,
      0.16981916199127833,
      0.14612712456534308,
      0.1775336995224158,
      0.14162068059047064,
      0.16013617439816397,
      0.16348779042561848,
      0.17415039288500944,
      0.15178291720648607,
      0.1556849468126893,
      0.16447714623063803,
      0.1569525317599376,
      0.14530989043414594,
      0.15070214508722227,
      0.15370567046105862,
      0.1424046409378449,
      0.1343161502480507,
      0.1591744051128626,
      0.1544119812299808,
      0.16550376247614623,
      0.15408000779648623,
      0.15341081036875645,
      0.15224720522761345,
      0.1427271438514193,
      0.1493321587642034,
      0.1712863321105639,
      0.1421511249244213,
      0.1380076495806376,
      0.14010475434362887,
      0.1493047380571564,
      0.14590710078676541,
      0.15349695418030024,
      0.14812745726356905,
      0.15916835950066646,
      0.15023919304211936,
      0.13087278810640177,
      0.13888028303782146,
      0.14033364993830522,
      0.13844301536679268,
      0.13686406971265871,
      0.14843671396374702,
      0.15832323999454578,
      0.13351748435447613
    ],
    "sla_URLLC": [
      0.3763972577949365,
      0.6340230376521746,
      0.4604490208129088,
      0.3580564182065427,
      0.40272426895797253,
      0.3433125906561812,
      0.5861440038432678,
      0.5107954103748004,
      0.506840515434742,
      0.6312696072210868,
      0.5320996588406464,
      0.47217415034770965,
      0.740656510591507,
      0.5696096601585547,
      0.6145573712885379,
      0.5304775758087635,
      0.5401800917585691,
      0.7079026470457515,
      0.5024884812533855,
      0.823271376490593,
      0.8690579044818878,
      0.5018180377874524,
      0.6234352392951648,
      0.4990154734253883,
      0.47524535010258356,
      0.6363129835327467,
      0.6348805136978626,
      0.5546097294986247,
      0.6550896671414376,
      0.865941956837972,
      0.4180389951169491,
      0.6672788375616073,
      0.6829222887257735,
      0.6214834785958131,
      0.6526607496539751,
      0.8357680030663808,
      0.7453588806589444,
      0.7917501966158549,
      0.6620624129970868,
      0.808886495232582,
      0.8087435599168141,
      0.7298793635765711,
      0.6786056134601434,
      0.6647574523588021,
      0.7698130935430527,
      0.9435267162322998,
      0.8789858488241832,
      0.8371154407660166,
      0.8884163484970728,
      0.7343024439613024,
      0.8644254936774571,
      0.8581977889935175,
      0.7863898722330729,
      0.7108703448375067,
      0.9409574449062348,
      0.9093789968887965,
      0.890500759780407,
      0.8614948322375615,
      0.8954976363976797,
      0.7851679265499115,
      0.8921910611788432,
      0.8342909932136535,
      0.8246491881211598,
      0.8340773254632949,
      0.9291637257734935,
      0.8890474490324656,
      0.8781236577033996,
      0.9098656459649404,
      0.9605097472667694,
      0.942885256210963,
      0.899232265551885,
      0.9584281214078267,
      0.8940106135606766,
      0.9676406733194987,
      0.9666826005776723,
      0.9235611530145009,
      0.9487342456976573,
      0.9523137787977854,
      0.9632599997520447,
      0.9265597991148631
    ],