{
  "args": {
    "method": "ippo",
    "drift": "multi",
    "n_agents": 3,
    "horizon": 150,
    "episodes": 80,
    "seed": 0,
    "hidden": 64,
    "ppo_epochs": 4,
    "lr_ippo": 0.0005,
    "severity": 1.0,
    "log_every": 80,
    "outdir": "results"
  },
  "metrics": {
    "episode_reward": [
      36.5478628437759,
      34.78290085059903,
      36.48960896802861,
      35.101273821625455,
      36.47587052225655,
      39.31202336086168,
      34.436246318825425,
      32.513085347910724,
      36.7737064196211,
      43.28924520044692,
      37.14996595519286,
      40.68313192954907,
      37.36356405564583,
      36.08390106889162,
      36.72228560216805,
      38.172241146283035,
      38.76059772659922,
      30.746119508871598,
      41.523199986718204,
      40.653192516457715,
      41.57244795361381,
      36.62901691266648,
      35.6036451879475,
      36.865334022438354,
      39.23164641120369,
      33.25534115067371,
      47.32907860796488,
      39.711422970901346,
      34.530170171247384,
      37.93347590029652,
      39.04932734172586,
      35.45303821483006,
      42.484885717202765,
      45.596124137420645,
      37.86386938606285,
      31.144861864619383,
      38.0470445941306,
      42.134617448298066,
      44.29161143996237,
      39.21667453248262,
      41.80454403010923,
      40.3586677581072,
      43.41622695650699,
      44.38361225570036,
      42.878090364444596,
      46.06763658047553,
      42.67118123751138,
      41.68673626221716,
      53.74927502738109,
      36.57584879961278,
      43.31054001754254,
      43.92913576436954,
      45.00206601926021,
      40.55966015791313,
      45.931428412285975,
      51.365074068514865,
      44.29015742021926,
      52.59111993931648,
      51.90254231018744,
      51.324285105429595,
      48.88782837405392,
      45.40089925722117,
      51.123049199374215,
      54.069104542459065,
      50.72909506564033,
      51.04236934077412,
      51.58692572882609,
      50.918247317843566,
      48.29324610040836,
      47.165412420696704,
      50.12915832949806,
      48.25957041065107,
      56.51959694565999,
      52.090293611461924,
      56.74995693402986,
      59.58140649385752,
      61.10744998016292,
      54.900860502405315,
      50.82276963113498,
      56.15750476556522
    ],
    "sla_eMBB": [
      0.16017338099579018,
      0.1554332519136369,
      0.157418209699293,
      0.17499895442277194,
      0.14965543451408544,
      0.15868383622417848,
      0.16237291898578404,
      0.16704857286065816,
      0.17526099514216184,
      0.16705919901529948,
      0.16880839330454667,
      0.15637952802081903,
      0.15321422499914963,
      0.14049136992543937,
      0.156496738952895,
      0.14717568567022682,
      0.16680249436448016,
      0.1614333567644159,
      0.23316094127173226,
      0.16856479757154982,
      0.150151000029097,
      0.16379693407565354,
      0.15663936749100685,
      0.16381892196834089,
      0.16010368399322034,
      0.12453457582121094,
      0.22728779494762422,
      0.15288276764253775,
      0.1929926812959214,
      0.1658904933432738,
      0.1490105767858525,
      0.18540971418532232,
      0.14523010349522034,
      0.1783335470035672,
      0.15554582100361586,
      0.1436487733448545,
      0.15198177014787992,
      0.17662492003291846,
      0.19993244184801975,
      0.1605916033561031,
      0.1755065160865585,
      0.19711240096017718,
      0.17913155571868022,
      0.18042887805650631,
      0.18604594769577185,
      0.16324954809620976,
      0.1591575472491483,
      0.18762867332746586,
      0.207995185131828,
      0.17671822043756644,
      0.1698960679086546,
      0.1678290231091281,
      0.16260571276769042,
      0.20437526694188515,
      0.18091541432465116,
      0.157221813313663,
      0.16150794215500355,
      0.15073700456569591,
      0.2294100249061982,
      0.21229672667880853,
      0.19983850942303738,
      0.16810388615354896,
      0.18526818661640088,
      0.1886080911507209,
      0.22402303082247574,
      0.19205970843633016,
      0.2138771457473437,
      0.1886648975685239,
      0.19565026664485535,
      0.20955122472097476,
      0.19070758271962404,
      0.2579796810323993,
      0.1938125143945217,
      0.1905033371100823,
      0.19514063641428947,
      0.18795021375020346,
      0.16141344410677752,
      0.1945572971428434,
      0.2122743951405088,
      0.17191124244282643
    ],
    "sla_URLLC": [
      0.4324688542385896,
      0.4175154885152976,
      0.42775101025899254,
      0.41191457549730937,
      0.44895982389648753,
      0.49359935996433096,
      0.4239331870774428,
      0.363759607275327,
      0.4714146635433038,
      0.5145028154055278,
      0.43211300889650983,
      0.4570526585976283,
      0.422034264455239,
      0.412889697154363,
      0.43692347779870033,
      0.48258575280507404,
      0.48661031618714334,
      0.3244045527279377,
      0.32847016346951324,
      0.4860169267654419,
      0.5143396143615245,
      0.44853140498201055,
      0.45645165890455247,
      0.3388394269595544,
      0.47398853026330473,
      0.8294490855932236,
      0.48844167108337083,
      0.4933642469346523,
      0.33940524709721404,
      0.4691223047673702,
      0.48419365093732875,
      0.3281317508717378,
      0.5550302082548538,
      0.5371197114388148,
      0.48803591246406236,
      0.5174547517796357,
      0.45982462286949155,
      0.508438938309749,
      0.5179758909344673,
      0.4931495526432991,
      0.4964518145223459,
      0.45647047077616054,
      0.4963494814435641,
      0.513872770468394,
      0.483175395578146,
      0.5804175181686878,
      0.5079195169607799,
      0.4640615083277225,
      0.5611904651920001,
      0.3517074258128802,
      0.556659317612648,
      0.5283511516948541,
      0.5326552856465181,
      0.8790766370296478,
      0.5532143491506577,
      0.630960331906875,
      0.5302588187654813,
      0.9421017877260844,
      0.5199638113379479,
      0.5798862769206365,
      0.5183918888370196,
      0.5388003898660342,
      0.5920266646146775,
      0.6257610896229744,
      0.5615651813149453,
      0.6175138956308365,
      0.5842679519454638,
      0.6146613758802414,
      0.5518001419305801,
      0.4124526963631312,
      0.5909391819437345,
      0.42127431616187094,
      0.6646963618199031,
      0.5927272698283196,
      0.6602772412697474,
      0.7558971176544825,
      0.8038891696929932,
      0.6178865285714468,
      0.544042513469855,
      0.7181310379505157
    ],