{
  "args": {
    "method": "ippo",
    "drift": "multi",
    "n_agents": 3,
    "horizon": 150,
    "episodes": 80,
    "seed": 2,
    "hidden": 64,
    "ppo_epochs": 4,
    "lr_ippo": 0.0005,
    "severity": 0.5,
    "log_every": 80,
    "outdir": "results"
  },
  "metrics": {
    "episode_reward": [
      33.621695951362035,
      38.66192823565669,
      38.817460690927696,
      43.94939292919717,
      39.55396455830067,
      42.4112538359031,
      38.99402937973953,
      41.43617795684066,
      49.84881534758545,
      36.52889513224363,
      47.94191451284826,
      49.62589565517589,
      52.23461037915097,
      45.00121167285576,
      47.97596720413617,
      37.15049158534706,
      44.715288618185006,
      42.85952956689936,
      38.00814358713105,
      52.69029580996274,
      43.26013802554616,
      46.78864298244266,
      60.92379692300327,
      46.29707072609002,
      38.86189488276011,
      49.637517144437886,
      45.841617985090444,
      47.45308269339926,
      39.307655957092834,
      45.16386713201388,
      55.74805378168819,
      53.01339403258431,
      57.71139075880248,
      49.09188209999769,
      59.788393204535055,
      47.315179559743704,
      49.662152159876314,
      62.3107411650113,
      56.730717437202145,
      56.363818862624214,
      61.56972511307233,
      70.19828755812617,
      51.611978911194534,
      53.625488805511544,
      41.219806524593785,
      55.461060579121124,
      49.50435168101561,
      59.963541616996146,
      59.22592503401555,
      62.94154562618997,
      57.32561839671495,
      62.68417632741233,
      57.742271850506455,
      63.92265226344268,
      62.61930743339993,
      67.02744872890828,
      71.67420930293291,
      51.75213187016133,
      68.27824875848988,
      64.407933303155,
      65.5491916012433,
      67.1957649383487,
      56.00167786321709,
      69.708107736893,
      64.55154261593195,
      70.47535408222016,
      79.34931441562041,
      70.93089171480388,
      69.90759449613593,
      72.18371645222527,
      43.31803608286295,
      60.172775928096655,
      65.0427178116205,
      64.74901165622805,
      68.483601263269,
      72.83120996869275,
      68.07649013607039,
      61.866334771592584,
      40.67488926773269,
      70.06857847064322
    ],
    "sla_eMBB": [
      0.1512339071929455,
      0.15387646143867945,
      0.16908039927482604,
      0.15855379549165566,
      0.16502229448407887,
      0.16931756634265185,
      0.15614887027690807,
      0.18427808618793884,
      0.17895630545914173,
      0.1556038565436999,
      0.1803129349524776,
      0.16632843968768915,
      0.16771866957346598,
      0.15440079612036547,
      0.1873977121586601,
      0.17838601183146238,
      0.1597903117040793,
      0.1684245202690363,
      0.19265990631033977,
      0.21912441288431486,
      0.17287071419258912,
      0.18418684086451928,
      0.1944389752050241,
      0.16844488908847174,
      0.14844666972756385,
      0.1980864312003056,
      0.14936372713496288,
      0.17189710384234785,
      0.15403063715125123,
      0.17265196728209656,
      0.15289947520941496,
      0.1966151187941432,
      0.16216898823156953,
      0.19458881214261056,
      0.16939470949272314,
      0.20160874375452598,
      0.18013725613554318,
      0.1768546182786425,
      0.1798214739188552,
      0.17605303812772036,
      0.17428214453160762,
      0.20106502197682857,
      0.18006295687208573,
      0.21245919402688743,
      0.1844973016778628,
      0.19071651020397742,
      0.1947615073621273,
      0.17336990238477787,
      0.18695459948231777,
      0.1773193484917283,
      0.16726706362018984,
      0.17981362162778775,
      0.18719213771323362,
      0.1952051382015149,
      0.1755491580752035,
      0.189665713061889,
      0.18950985956937075,
      0.14938428742190202,
      0.17644150342792272,
      0.18484565484027068,
      0.18152105561147133,
      0.19731568155189355,
      0.15859967523564894,
      0.20195846818387508,
      0.17847324065864087,
      0.17238688924660286,
      0.18562136471271515,
      0.21510947046180567,
      0.1689216213921706,
      0.187849314113458,
      0.1753538201128443,
      0.18858215283602475,
      0.20513829958935578,
      0.19606820297737917,
      0.1874631732950608,
      0.1896881490200758,
      0.20436624837418396,
      0.19518187386294206,
      0.14436821941286326,
      0.21620499088118475
    ],
    "sla_URLLC": [
      0.4101765886383752,
      0.45183797846237816,
      0.4276138463119666,
      0.546306809981664,
      0.44362484563452503,
      0.4974475249151389,
      0.4855039389928182,
      0.5167922266821067,
      0.5245241704086463,
      0.48372729897499084,
      0.6030315145353476,
      0.5793990355730056,
      0.6476636809110642,
      0.8109463961919149,
      0.6269987513621648,
      0.399282050828139,
      0.5225548333923022,
      0.6095482656608026,
      0.3741526187832157,
      0.5449684250851472,
      0.5091666803431387,
      0.5775090790788333,
      0.6281127975384394,
      0.5606167679528395,
      0.9113241732120514,
      0.7048321558038394,
      0.8514154336849848,
      0.5972500327726206,
      0.5124544361233712,
      0.6157108368972938,
      0.7804561638832093,
      0.5509564470748106,
      0.8050956978400549,
      0.6034905580803752,
      0.810370664993922,
      0.5972814695040385,
      0.6658553685744604,
      0.7914217454195023,
      0.7372420201698939,
      0.7938041668136915,
      0.8372106822331746,
      0.8224645070234935,
      0.9446614340941111,
      0.7182544134060542,
      0.8907087135314942,
      0.6936935675144196,
      0.6183789439002673,
      0.753300219575564,
      0.8162639254331588,
      0.8711710544427236,
      0.8838512313365936,
      0.7876218352715174,
      0.7657959310213724,
      0.814691198070844,
      0.8690120126803716,
      0.8455687320232391,
      0.9541147311528524,
      0.9753641883532206,
      0.9372917906443278,
      0.8172790902853012,
      0.8769058380524317,
      0.8655820419390996,
      0.7509219547112783,
      0.8436017741759618,
      0.8611397580305735,
      0.9612979054450989,
      0.9199478578567505,
      0.9090891704956691,
      0.9304972300926845,
      0.951168782711029,
      0.9765036507447561,
      0.8111243863900502,
      0.8707870781421662,
      0.865411864121755,
      0.9384926454226176,
      0.9691411908467611,
      0.904421425263087,
      0.7619857023159663,
      0.9618186231454213,
      0.9166018998622895
    ],