{
  "args": {
    "method": "ippo",
    "drift": "multi",
    "n_agents": 6,
    "n_slices": 3,
    "horizon": 150,
    "episodes": 80,
    "seed": 4,
    "hidden": 64,
    "ppo_epochs": 4,
    "lr_ippo": 0.0005,
    "severity": 1.5,
    "log_every": 80,
    "outdir": "results"
  },
  "metrics": {
    "episode_reward": [
      36.64787360901634,
      36.23428007060041,
      36.153794295464955,
      44.33259377131859,
      36.765562599524856,
      34.25700073813399,
      38.70065291939924,
      37.82664696903279,
      35.452882000245154,
      29.150027520023286,
      37.74465318210423,
      36.23632637349268,
      33.80641685550412,
      35.62107944767922,
      36.67399037412057,
      38.17291299812496,
      37.50235927322259,
      37.96347593795508,
      37.919870036654174,
      38.913897594437,
      33.996478789796434,
      33.75772338826209,
      29.750665184731286,
      38.2153033160915,
      43.21611969048778,
      37.804018131146826,
      39.829774402702846,
      42.0046331162254,
      32.73574901372194,
      43.10732478182763,
      39.47783802387615,
      40.265521019386746,
      42.243561704953514,
      47.43790439143777,
      43.12285616745552,
      47.290006045252085,
      43.93032605511447,
      44.52738980421176,
      43.733596070980035,
      43.252056865642466,
      53.88868636637926,
      47.14855014719069,
      46.028316070636116,
      51.59459384530783,
      41.6929076295346,
      47.89468458388001,
      46.67210600307832,
      49.36066031828523,
      53.51693752408028,
      49.62751534022391,
      46.33040856538961,
      47.37223413245132,
      47.73461676482111,
      48.362261832381286,
      47.304145984972514,
      52.353048840227224,
      48.6567441271618,
      52.92452289164066,
      53.33411340477566,
      60.381580424805485,
      48.56205934844911,
      51.867696890607476,
      53.45365305803716,
      50.257133380820356,
      56.71062075253576,
      51.06208535221716,
      48.402537846316896,
      53.65306309579561,
      54.96044744923711,
      50.73642144879947,
      51.74890391714871,
      48.15297662001103,
      53.27654294203967,
      57.033948781589665,
      56.23522148591777,
      55.5446635481591,
      49.81023695909729,
      50.550271835799016,
      48.89585576516887,
      53.76203488651663
    ],
    "sla_eMBB": [
      0.16060415835430225,
      0.16550082720195253,
      0.17936219605306783,
      0.16124463512251774,
      0.17282047861566147,
      0.17326254517150422,
      0.17020383639882009,
      0.16878302566707135,
      0.18866855708261332,
      0.15986854548255602,
      0.17293438989358645,
      0.1672669473787149,
      0.15549778550242385,
      0.17340076552083095,
      0.1559928632651766,
      0.15916909150779246,
      0.1771056980639696,
      0.16630982961505653,
      0.1597856088106831,
      0.15543849589924016,
      0.15382443637897572,
      0.14418340626793602,
      0.1363578141046067,
      0.16021713065604368,
      0.13847530782222747,
      0.150427203339835,
      0.1570143652583162,
      0.1631956704209248,
      0.10565272709354759,
      0.15780355459079146,
      0.1577979595338305,
      0.14634137929106752,
      0.16746219832450152,
      0.17314721886068582,
      0.14320079514756798,
      0.13644925465186436,
      0.1717261918944617,
      0.15688351755340893,
      0.15769035849099358,
      0.1466280755214393,
      0.18570212222635746,
      0.15589142856498558,
      0.15737355425953864,
      0.16184442621966202,
      0.27618429004525147,
      0.17076669295007985,
      0.1653425044193864,
      0.17974055886889498,
      0.2154745623966058,
      0.17202490329742431,
      0.155504349420468,
      0.15326148043076196,
      0.15345543044929702,
      0.1634180311113596,
      0.15443676732480527,
      0.1676384511217475,
      0.15381580620383223,
      0.14808304075772563,
      0.16049183995773394,
      0.199231587673227,
      0.131116745856901,
      0.15657518730809292,
      0.14104368786637983,
      0.14093812090655167,
      0.13496933542191983,
      0.14663076302657524,
      0.14862527626877028,
      0.14958072643727063,
      0.1309847063322862,
      0.13562221774210534,
      0.12906366077562173,
      0.21276244512448708,
      0.15414342859139046,
      0.16219160282363496,
      0.1494925418123603,
      0.14939801668127378,
      0.16589947304377953,
      0.17184550410136581,
      0.1629101974889636,
      0.24896681636571885
    ],
    "sla_URLLC": [
      0.463794543693463,
      0.4398372336477041,
      0.405404929369688,
      0.8346976133187612,
      0.42304248799880345,
      0.41192740144828954,
      0.4745988640189171,
      0.4658874174207449,
      0.430810516923666,
      0.34540070936083794,
      0.4631591845055421,
      0.436905280003945,
      0.4105275615056356,
      0.4248452425499757,
      0.4846416121224562,
      0.4604029746601979,
      0.45535945643981296,
      0.47905514657497406,
      0.47031315381328265,
      0.4958177022635937,
      0.4044132569928964,
      0.4245311636726061,
      0.5307784289121628,
      0.48400642700493335,
      0.8211179788907369,
      0.4903262415528297,
      0.49515681023399033,
      0.531116619904836,
      0.850310050646464,
      0.5619519516825676,
      0.5023851626118024,
      0.5158493010203044,
      0.5475266622006894,
      0.5410021967192491,
      0.5718274194002152,
      0.896959798336029,
      0.5557114051779112,
      0.5895437618096669,
      0.5835693374276161,
      0.5738606740037601,
      0.6210211533308029,
      0.5987157064924638,
      0.5937197455763816,
      0.6750911895434062,
      0.3873447619875272,
      0.6286944785714149,
      0.6049174454808235,
      0.6332778399189313,
      0.5607364189624786,
      0.6700631229082743,
      0.6284800498684248,
      0.6269610911607743,
      0.6450619927048683,
      0.6240421387553216,
      0.6194225599368414,
      0.6806226434310277,
      0.6483615281184515,
      0.7071185918649038,
      0.7228393926223119,
      0.6149218758940697,
      0.6600059141715368,
      0.660036348303159,
      0.7113685808579127,
      0.6657095219691594,
      0.7851073155800502,
      0.6732872859636942,
      0.6744261368115743,
      0.6972802619139353,
      0.738649047811826,
      0.666975261370341,
      0.728273576895396,
      0.44081273416678113,
      0.6789858430624008,
      0.7544363272190094,
      0.7598164957761765,
      0.7281822768847147,
      0.6250061331192652,
      0.6269738028446833,
      0.625886832078298,
      0.49787502149740853
    ],