{
  "args": {
    "method": "ippo",
    "drift": "multi",
    "n_agents": 3,
    "n_slices": 5,
    "horizon": 150,
    "episodes": 80,
    "seed": 2,
    "hidden": 64,
    "ppo_epochs": 4,
    "lr_ippo": 0.0005,
    "severity": 1.5,
    "log_every": 80,
    "outdir": "results"
  },
  "metrics": {
    "episode_reward": [
      12.999743289624652,
      11.902208257466555,
      13.864455862591663,
      14.174790262555083,
      16.225591769441962,
      13.66317069468399,
      13.065402371808887,
      12.46999212478598,
      16.778995308404166,
      15.220221858471632,
      13.47070642746985,
      12.554784707725048,
      14.048702041928967,
      15.108063557495674,
      18.877201766396563,
      14.6351442647477,
      16.114262234419584,
      14.855015071108937,
      19.882884475092094,
      14.63817279972136,
      14.10054358591636,
      18.682249455402296,
      18.657050379862387,
      18.171553820371628,
      22.889495527371764,
      26.550992378344137,
      23.08018116094172,
      23.26249580892424,
      24.144193973392248,
      25.26306238397956,
      24.342859409749508,
      21.557259757692616,
      23.30762791261077,
      28.872351311768096,
      30.76346910186112,
      28.870354931801558,
      28.742685358971357,
      30.44579427440961,
      33.436129615952574,
      34.054969058682524,
      31.47041156888008,
      33.60016210625569,
      34.85727176442742,
      33.644162540634476,
      38.7751184993734,
      37.782438312346734,
      40.90738485381007,
      38.7118305315574,
      36.93968657031655,
      39.58881648257375,
      37.535241258641086,
      41.61735761227707,
      41.698614221687116,
      41.94665864792963,
      42.30620276617507,
      39.97741134775182,
      41.212902046119176,
      42.130281596134104,
      44.21314432782432,
      44.953911896795034,
      43.74001217074692,
      47.08012188350161,
      46.153803093358874,
      45.920270421231784,
      47.455423189948,
      46.36946444275478,
      46.4511227235198,
      46.30940714478493,
      46.66713440666596,
      33.72364509229859,
      47.93778380130728,
      47.3774132716159,
      50.91968029861649,
      49.33497097094854,
      47.55263137444854,
      47.87017861132821,
      32.12868479763468,
      50.18193467954794,
      47.78732115775347,
      54.68163610994816
    ],
    "sla_eMBB": [
      0.097904429876556,
      0.09350371635208528,
      0.10199778795242309,
      0.1034806378930807,
      0.08117310258249442,
      0.09485464710742235,
      0.0871894849340121,
      0.09446005986382564,
      0.10350461984674136,
      0.10527032560979327,
      0.10858848964174589,
      0.09182478837668896,
      0.09989167090505362,
      0.08848509276906649,
      0.0871499519671003,
      0.0781668895483017,
      0.08284652943334853,
      0.09637013871222734,
      0.09741441012049715,
      0.07334739547222853,
      0.07315407109757265,
      0.07895730387419463,
      0.07873766829570135,
      0.07477615882953008,
      0.06692609282831351,
      0.08902862876653671,
      0.07034222558761637,
      0.07259109656636914,
      0.06453417389343183,
      0.06130957687894503,
      0.07108989820505182,
      0.06164337683197421,
      0.05379549441238245,
      0.057064480868478616,
      0.052869326037665205,
      0.05209828939288855,
      0.04584263012492253,
      0.040244298949837685,
      0.04039512229462465,
      0.04286855688939492,
      0.04416089342286189,
      0.03438025967528423,
      0.04257563810174664,
      0.02790765540053447,
      0.030590576864778996,
      0.0279779040440917,
      0.03544320626805226,
      0.031004269135495026,
      0.026298157225052517,
      0.030885395286604764,
      0.020953409758706888,
      0.02126575684795777,
      0.030512814273436863,
      0.019414446813364825,
      0.025175353872279326,
      0.02064634328087171,
      0.01817435917754968,
      0.016260189364353816,
      0.01776696282128493,
      0.021962683202000333,
      0.01331125563631455,
      0.014436260759830476,
      0.013322665592034658,
      0.014376151127119858,
      0.013290337224801382,
      0.013239562921226024,
      0.013143318369984627,
      0.009376231885204712,
      0.014705277861406406,
      0.01485829131056865,
      0.0112807816794763,
      0.012414240178962548,
      0.009253703529636064,
      0.011021581925451756,
      0.011181098173062006,
      0.011262147861222427,
      0.007304774224758148,
      0.00822338649382194,
      0.010395440086722375,
      0.01068135567009449
    ],
    "sla_URLLC": [
      0.1672785300016403,
      0.14778371804393828,
      0.1563420313037932,
      0.22500393455848097,
      0.23370546976104378,
      0.21403202598293622,
      0.16311039103815952,
      0.17847760655296346,
      0.226818940838178,
      0.24240567859262227,
      0.17727240410788606,
      0.1837189278192818,
      0.21983653190545738,
      0.20781318845227362,
      0.26830707877874377,
      0.1876773932389915,
      0.19913883998679618,
      0.21561412473364422,
      0.20354101178236306,
      0.1906464665856523,
      0.2642490583037337,
      0.22586108949035405,
      0.27823166926701864,
      0.30492174471418065,
      0.3951176104880869,
      0.26860295453419286,
      0.37862134640415507,
      0.2840893856187661,
      0.32156672726074853,
      0.33560979386170703,
      0.3420998679598172,
      0.5491479657093684,
      0.2984340638915698,
      0.35271410952011745,
      0.4289564225077629,
      0.4194665006796519,
      0.39337729478875794,
      0.4706499666472276,
      0.46858765835563343,
      0.4740912016729514,
      0.6787757537762324,
      0.4902797912061214,
      0.4621562434732914,
      0.45697976966698967,
      0.5530824084083239,
      0.5465060475468636,
      0.5544417800505956,
      0.6035570575296879,
      0.5310713396469752,
      0.594100003739198,
      0.555791216691335,
      0.6394758995374044,
      0.6751119973758857,
      0.6865389236807823,
      0.6616234233975411,
      0.5702604249119758,
      0.6160476448138555,
      0.599756948997577,
      0.6522079820434252,
      0.6333516398072243,
      0.6608867454528808,
      0.7081380621592204,
      0.6772325846552849,
      0.663191897670428,
      0.7092307649056117,
      0.6289232870936394,
      0.6741876901189486,
      0.6443810134629409,
      0.6487071291605632,
      0.6648884116609891,
      0.6740337778131167,
      0.6065244887272517,
      0.6640902418891589,
      0.6375237619876861,
      0.6514354930321375,
      0.6688909444212914,
      0.9828027419249217,
      0.7183550139268239,
      0.6584824082255364,
      0.6314339139064153
    ],