{
  "args": {
    "method": "ippo",
    "drift": "multi",
    "n_agents": 3,
    "n_slices": 3,
    "horizon": 150,
    "episodes": 80,
    "seed": 3,
    "hidden": 64,
    "ppo_epochs": 4,
    "lr_ippo": 0.0005,
    "severity": 2.0,
    "log_every": 80,
    "outdir": "results"
  },
  "metrics": {
    "episode_reward": [
      32.25911673468848,
      37.95679737441242,
      32.35343002838393,
      33.973638536408544,
      38.085568971311055,
      33.19252942005793,
      32.338675463572145,
      34.5144361226509,
      32.30624391821524,
      34.41037732549012,
      39.41352308976153,
      38.24760319168369,
      37.77267065892617,
      37.85179797808329,
      38.19599329431852,
      39.34314110999306,
      37.35549980464081,
      37.96409963319699,
      38.9876579840978,
      39.81495429451267,
      39.4667584951967,
      41.73271592954794,
      40.95140603122612,
      40.222919780761,
      37.06866456195712,
      38.82719253624479,
      44.06206467188895,
      41.276231410602726,
      37.31198449308673,
      38.12838468700647,
      42.949702084064484,
      38.959092696507774,
      33.92065775270263,
      44.9062173118194,
      41.97292984587451,
      42.962803603460394,
      43.0354831914107,
      43.79299890808761,
      48.22431186089913,
      42.94329541735351,
      49.27417931581537,
      48.061039197569094,
      44.79421774297953,
      43.75559634156525,
      36.882187532261014,
      47.01527936756611,
      46.291890171046056,
      47.26923061969379,
      45.67132770828903,
      48.344947497049965,
      49.20445813859502,
      50.87972302051882,
      47.304701990137495,
      50.20105701312423,
      51.5816993402938,
      51.98179484034578,
      54.625996090471745,
      49.26484162484606,
      49.42949844958881,
      51.900114151338734,
      41.343020192037024,
      51.964777494470276,
      51.67346481730541,
      47.55671483402451,
      49.94156043604016,
      50.02943870052695,
      47.28224100420872,
      52.104832806934915,
      51.74917038654288,
      62.95091457168261,
      51.62217104062438,
      48.46582925692201,
      51.85737821521858,
      49.14501467471322,
      50.85426909600695,
      53.61360452696681,
      49.05296215042472,
      48.44303184375167,
      47.94038462638855,
      53.59011862178644
    ],
    "sla_eMBB": [
      0.15696543140336872,
      0.49006839335585634,
      0.15562160239865383,
      0.18956693659846982,
      0.38336924349268275,
      0.1608199397350351,
      0.16023896309236685,
      0.1780090631917119,
      0.1677144874011477,
      0.157564929574728,
      0.18815138132932285,
      0.16357431709766387,
      0.16110227414717276,
      0.16551822558045387,
      0.13104231361299754,
      0.17255459554493427,
      0.15354035729542376,
      0.15484309560308854,
      0.1761464108650883,
      0.16010377027715245,
      0.16417932492991288,
      0.15746488748739162,
      0.20133436510960262,
      0.15554176369371514,
      0.18257868198677898,
      0.1621070609179636,
      0.6032990190076332,
      0.18114690334846575,
      0.1661825099028647,
      0.17746161714817088,
      0.17172954455018044,
      0.1667372900309662,
      0.1087936005803446,
      0.20491424888372423,
      0.3172894199937582,
      0.16558700804288187,
      0.17320259675383567,
      0.18339955436686675,
      0.23082714300602675,
      0.17296934795255461,
      0.16735035313293337,
      0.18582794945066175,
      0.18523069012289245,
      0.18054885090639194,
      0.15578072572126986,
      0.1853248400737842,
      0.1822495602381726,
      0.1830730830070873,
      0.18320257378121216,
      0.19501616240168612,
      0.17809691505506633,
      0.2188005261681974,
      0.2518037276218335,
      0.19280079245567322,
      0.21014821431289116,
      0.1948279175410668,
      0.2236272589676082,
      0.21315557235231003,
      0.20662258350600798,
      0.22558605523779987,
      0.13400306502978007,
      0.2443487252295017,
      0.2471271965155999,
      0.1976296396056811,
      0.20913039412349463,
      0.2504412248109778,
      0.21687346459676823,
      0.253485179344813,
      0.23520218662917614,
      0.4417381085952123,
      0.21165653988718985,
      0.20762800358235836,
      0.23883088807264963,
      0.22079342276478808,
      0.2204880039766431,
      0.25554990279177825,
      0.2042183778931697,
      0.2032966324935357,
      0.2037074714899063,
      0.210445623199145
    ],
    "sla_URLLC": [
      0.3937805727124214,
      0.2803978319466114,
      0.39848463209966817,
      0.39966227874159815,
      0.28191795108218987,
      0.4110167135298252,
      0.390590149362882,
      0.43304477045933404,
      0.394414748698473,
      0.44272744916379453,
      0.4848218633731206,
      0.47047701264421143,
      0.46719265796244147,
      0.46716752837101616,
      0.7227858697374662,
      0.48510924195249877,
      0.45875046869119007,
      0.4908329695711533,
      0.4981871558725834,
      0.5109005449712276,
      0.4936254199842612,
      0.7829489328463872,
      0.4385051619509856,
      0.512131169885397,
      0.46336120083928106,
      0.47122906679908433,
      0.32294369543592133,
      0.511303076595068,
      0.45631961395343146,
      0.4539107317229112,
      0.5288922849794229,
      0.48793803428610166,
      0.8928062570095062,
      0.487893697420756,
      0.35172817314664523,
      0.5224765867491563,
      0.5341126510500908,
      0.5399239150434733,
      0.5166772021353245,
      0.5409172173341116,
      0.9150258219242096,
      0.5902466824650765,
      0.5484542016685009,
      0.540450622489055,
      0.5863619357844194,
      0.5664524952073892,
      0.5589348321159681,
      0.5725582609077294,
      0.5476404654979706,
      0.5708429702123006,
      0.5920356154441834,
      0.5830233755707741,
      0.5654424434900284,
      0.6092800677816073,
      0.6009105634689331,
      0.6100019470850626,
      0.6165098506212234,
      0.5616159776846568,
      0.5650599124034246,
      0.5924771563212077,
      0.9652377470334371,
      0.5781773688395818,
      0.5828645369410514,
      0.5464678263664245,
      0.5620662985245387,
      0.5247663733363152,
      0.5177258204420407,
      0.5699366510907808,
      0.5595922485987346,
      0.5377739218870798,
      0.5709136262536049,
      0.5268033629655838,
      0.5537071766455969,
      0.5256622937321663,
      0.546981084048748,
      0.578185405433178,
      0.5374503500262896,
      0.5396865164240201,
      0.5122305762767791,
      0.6112462463974953
    ],