{
  "args": {
    "method": "ippo",
    "drift": "multi",
    "n_agents": 3,
    "n_slices": 3,
    "horizon": 150,
    "episodes": 80,
    "seed": 5,
    "hidden": 64,
    "ppo_epochs": 4,
    "lr_ippo": 0.0005,
    "severity": 2.0,
    "log_every": 80,
    "outdir": "results"
  },
  "metrics": {
    "episode_reward": [
      36.45364401551584,
      29.998027209192514,
      35.249353958293796,
      31.899104862784345,
      34.132766692588724,
      35.454393719012536,
      33.02118786921104,
      33.69449479070803,
      38.04112646790842,
      33.3819576613605,
      32.235392816985645,
      35.386206959063806,
      37.66404568279783,
      38.87956101757785,
      40.58500777371228,
      43.113364335770406,
      35.667506370693445,
      28.40730609682699,
      31.83814913406968,
      38.75607018172741,
      37.970704985161625,
      38.13214073330164,
      39.239070088913046,
      36.74483828494946,
      39.45839277034005,
      38.598037622869015,
      40.64002838358283,
      39.64084832556546,
      38.023818953583636,
      37.65385350212455,
      37.604818691809974,
      43.35544336525103,
      39.60642964579165,
      39.95190290734172,
      41.516759959980845,
      41.455247906968,
      40.55751738386849,
      32.435830206920706,
      39.55831435074409,
      41.70384889778992,
      42.186409536749125,
      41.896479362001024,
      43.73922626612087,
      31.532243533680838,
      43.79462333023548,
      45.11600264782707,
      46.31385639309883,
      44.591421979789935,
      45.75206601123015,
      53.71893637689451,
      47.074410094569124,
      46.240128287424646,
      46.24518765322864,
      47.01628331715862,
      49.124079874406256,
      37.64161537711819,
      48.04046923480928,
      49.12169628404081,
      49.28357298796376,
      48.83161984011531,
      49.98075469210744,
      49.64262020712098,
      49.72978094095985,
      50.97807175045212,
      50.877532264838614,
      50.324475575859346,
      58.24649065608779,
      36.89576234916846,
      48.83411011348168,
      51.35463687715431,
      51.543079974129796,
      51.15972636267543,
      51.69710909078518,
      52.80981637785832,
      54.11101617167393,
      37.89201697955529,
      53.60175593073169,
      55.67260680844387,
      53.33908230563005,
      52.66896193226179
    ],
    "sla_eMBB": [
      0.1960068942606449,
      0.14552365369163453,
      0.1655135123245418,
      0.1626576464250684,
      0.16895229031021397,
      0.16501509133726358,
      0.15869019230206807,
      0.17648509583746394,
      0.182770037651062,
      0.15686633387580515,
      0.1678759180257718,
      0.1619448502920568,
      0.16016593635082244,
      0.2061380057161053,
      0.18068873894711335,
      0.21601573278506597,
      0.16967741182694832,
      0.15059244170164068,
      0.1967359193911155,
      0.1783543345456322,
      0.19364186332871516,
      0.16308162468795975,
      0.17786363198732336,
      0.15592873625457288,
      0.15332806701927135,
      0.1570958925038576,
      0.1569568760258456,
      0.16174272866686806,
      0.14959367951999109,
      0.17563826298341156,
      0.1385086157421271,
      0.19239441932489473,
      0.15667967845375338,
      0.16702960778027773,
      0.15823857590556145,
      0.15057244821762045,
      0.13894237544387578,
      0.11978314866001408,
      0.15663466865817705,
      0.1729955150062839,
      0.14741591446722546,
      0.14834610814849536,
      0.15807975483437378,
      0.10039649325112501,
      0.16030058464656274,
      0.45916370617846647,
      0.17093719486768047,
      0.16428123183548451,
      0.17885138421629865,
      0.24846783712040632,
      0.18290417070810994,
      0.17468798407663902,
      0.17675865366434057,
      0.16197380599255362,
      0.19967682019496957,
      0.10837755404412747,
      0.1814214186059932,
      0.1822735767935713,
      0.17318679582327604,
      0.16245394547159472,
      0.16961689830447238,
      0.16212532562514145,
      0.16847335399438937,
      0.1671592487518986,
      0.17741643688331046,
      0.18685297212253013,
      0.2623013769586881,
      0.15081298691531023,
      0.1845406679312388,
      0.2041857618962725,
      0.44768917062630254,
      0.18440941841651995,
      0.20949269411464533,
      0.20751408589382966,
      0.20964928834388655,
      0.15135583896189927,
      0.22306944467127324,
      0.23138542239864668,
      0.21683817255000273,
      0.21519985156754654
    ],
    "sla_URLLC": [
      0.3734862865010897,
      0.3795213050146898,
      0.43092148438096045,
      0.3970410661647717,
      0.43285317689180375,
      0.43852556467056275,
      0.4004651893675327,
      0.39597744959096115,
      0.4600306388735771,
      0.4268900207678477,
      0.3549464648962021,
      0.43473948823908964,
      0.4766753135124842,
      0.39827068174878755,
      0.4626151692867279,
      0.46549935502310597,
      0.45212803564965726,
      0.33864397977789246,
      0.3663974193483591,
      0.4799797341724237,
      0.45254096532861393,
      0.46406322593490285,
      0.492555794864893,
      0.47180100659529367,
      0.4956271973003944,
      0.49218464372058707,
      0.4961949279656013,
      0.5201042472819487,
      0.4688968304544687,
      0.4518896626184384,
      0.48650722444057465,
      0.5151513386269411,
      0.5029710923135281,
      0.4950491201132536,
      0.5366075932979584,
      0.5308351300656795,
      0.5167191872745752,
      0.5615913293262322,
      0.49616856505473456,
      0.5060097193717956,
      0.5504713316261768,
      0.5520441692570845,
      0.5429635886351267,
      0.8338817193110784,
      0.5595981670419375,
      0.35203158542513846,
      0.5996036641299725,
      0.5725263040761153,
      0.5635796897113323,
      0.5610892182588577,
      0.5854904553294182,
      0.5858374712864558,
      0.5764391626914342,
      0.624043027261893,
      0.5940967301527659,
      0.9555569124221802,
      0.5889305391907692,
      0.6118343103925387,
      0.6137009861071905,
      0.6079767652352651,
      0.6322133362293243,
      0.6558040909965833,
      0.6163823041319847,
      0.6368094083666801,
      0.6463775233427683,
      0.6064875182509423,
      0.5815316904584567,
      0.6052589406569798,
      0.5895498692989349,
      0.5919226817289989,
      0.4041520227988561,
      0.6075274107853571,
      0.5873635547359785,
      0.6019128259023031,
      0.6169642386833827,
      0.593136564095815,
      0.5971921274065971,
      0.5472282550732295,
      0.6004564003149668,
      0.5953320189317067
    ],