{
  "args": {
    "method": "ippo",
    "drift": "multi",
    "n_agents": 10,
    "n_slices": 5,
    "horizon": 150,
    "episodes": 80,
    "seed": 3,
    "hidden": 64,
    "ppo_epochs": 4,
    "lr_ippo": 0.0005,
    "severity": 1.5,
    "log_every": 80,
    "outdir": "results"
  },
  "metrics": {
    "episode_reward": [
      12.218933615833521,
      16.869309267029166,
      15.048236205801368,
      16.135030240379272,
      13.443531490117312,
      20.560815408825874,
      13.87858303040266,
      19.086024653166533,
      14.661365659534932,
      15.847693184390664,
      13.372557898238302,
      17.696951952949167,
      14.865128913149238,
      16.334262546151876,
      15.823579605668783,
      19.40907294433564,
      17.912498864531518,
      17.639071790128945,
      15.660986541956664,
      18.24906568247825,
      17.946286913007498,
      18.368798988312484,
      19.967405906133354,
      19.589755907282232,
      18.17062044925988,
      24.32870529461652,
      19.931938924640416,
      22.048879246599974,
      23.267871310375632,
      33.44935517255217,
      23.745205964520572,
      27.498584692180156,
      26.208751274459065,
      27.052964664436878,
      33.63540058266371,
      29.5656043574214,
      30.033926566690205,
      31.24220099616796,
      32.67004177756608,
      32.43765825778246,
      33.389074955508114,
      33.403073413670064,
      36.33726184051484,
      36.28805202655494,
      35.7440141569823,
      37.61339174527675,
      39.51820135191083,
      37.95428465269506,
      37.591155560873446,
      38.02905998267234,
      28.829403678700327,
      42.169103171490136,
      39.382988622225824,
      29.17376107722521,
      44.28230242542922,
      42.33157941121608,
      42.98209574278444,
      45.3056376375258,
      40.871257645264265,
      42.06352225337177,
      42.88079705275595,
      43.85490274261683,
      44.35698522739112,
      42.58229830265045,
      43.712165558896956,
      56.82720746099949,
      45.98247952070087,
      46.59250955283642,
      44.98055727239698,
      45.29923728127032,
      59.17094495370984,
      45.869399920292196,
      30.887462240830065,
      48.66450493503362,
      47.33271040003747,
      49.320435668341815,
      47.57779849972576,
      46.88885565940291,
      45.47600782923401,
      31.54176631420851
    ],
    "sla_eMBB": [
      0.09374313701565067,
      0.10529077510659893,
      0.09551697867612044,
      0.09469629163543383,
      0.09504757802933454,
      0.07893107571018239,
      0.09294434774667025,
      0.10909390801563859,
      0.09373074761281411,
      0.09484568087384104,
      0.08003398836279908,
      0.09224321628610294,
      0.08558863947167993,
      0.08336149602197111,
      0.09255666665111979,
      0.08238876996561885,
      0.07698350825967888,
      0.08866037862375378,
      0.09865120539441705,
      0.07958493379255135,
      0.06444855420539776,
      0.0813984017074108,
      0.08303339065983892,
      0.0797724100574851,
      0.058018046018357076,
      0.08777181286675234,
      0.082914572712034,
      0.0743632131225119,
      0.07252981587933997,
      0.07601883739853899,
      0.06946339869871736,
      0.06833013319720825,
      0.07180366732180118,
      0.06443539176757138,
      0.0664489277328054,
      0.06013035757777591,
      0.051604878697544335,
      0.058941155845920246,
      0.05572512546554208,
      0.05054598694977661,
      0.04505598640069366,
      0.05080900875541071,
      0.04937404199813803,
      0.045003986215839786,
      0.03959350485665103,
      0.03628883341016869,
      0.035409256819014745,
      0.03525520250201225,
      0.03362204958995183,
      0.036870120217402776,
      0.024800585778430105,
      0.02736641270418962,
      0.030436322536940376,
      0.020370496020962796,
      0.028719441095987955,
      0.02781838256555299,
      0.026730859770129123,
      0.024546158775531998,
      0.02765034943508605,
      0.021125214541486154,
      0.022551852132504185,
      0.021440212313706675,
      0.01942545981146395,
      0.01954965082462877,
      0.016293102676669755,
      0.0189286733387659,
      0.017730182511731984,
      0.018666040052194147,
      0.014032665845006705,
      0.014319794898231824,
      0.014504584179570278,
      0.016144460417951145,
      0.019711837929983933,
      0.012530592136705916,
      0.014838445782661438,
      0.017985113686881958,
      0.012528295915108173,
      0.013809601059183479,
      0.012250471093381444,
      0.013563274365539352
    ],
    "sla_URLLC": [
      0.15713064432144164,
      0.2321735781431198,
      0.2178570032119751,
      0.24848183266818524,
      0.19398031294345855,
      0.35702433144052825,
      0.16618151572843393,
      0.2414871307462454,
      0.1986431914754212,
      0.2330939645320177,
      0.18360053839782875,
      0.20571173588434855,
      0.18819269979993503,
      0.28605071231722834,
      0.2259860724210739,
      0.18368553506831328,
      0.22418302732209364,
      0.27288475813965,
      0.2203399204959472,
      0.22476591338713964,
      0.5686577538649241,
      0.2500764017303785,
      0.22999991066753864,
      0.24854883601268132,
      0.5927184394995372,
      0.3153515499830246,
      0.2329872993628184,
      0.32635116974512735,
      0.3213867915421724,
      0.34259529729684196,
      0.28957010358572005,
      0.38934386864304543,
      0.3117607838412126,
      0.3558447505533695,
      0.3692459928492705,
      0.3940429901580016,
      0.3854132910569509,
      0.433643910686175,
      0.4502834522724152,
      0.4365622179706891,
      0.4402053342262904,
      0.703799303372701,
      0.4595164368053277,
      0.5048006573319435,
      0.49321766758958496,
      0.4939411061008771,
      0.5545631190141042,
      0.48654631088177364,
      0.5168728047609329,
      0.5071031334996223,
      0.5521115609010061,
      0.5836783435940742,
      0.5416902522246043,
      0.5351120284199715,
      0.5268923228979111,
      0.5523007763425509,
      0.5756053352355956,
      0.3762509498993556,
      0.8549166969458262,
      0.6183841033776601,
      0.5859801437457403,
      0.6034979070226352,
      0.5697420055667559,
      0.5449076774716377,
      0.5651498792568842,
      0.5704215852419535,
      0.6622874726851781,
      0.6475859306255977,
      0.6102873887618383,
      0.6074287454287212,
      0.6020893402894338,
      0.5839406344294548,
      0.9388977845509847,
      0.595776340564092,
      0.5826406558354695,
      0.7162653605143229,
      0.6446392089128494,
      0.6621007349093755,
      0.5870947018265724,
      0.9663289308547973
    ],