{
  "args": {
    "method": "ippo",
    "drift": "multi",
    "n_agents": 3,
    "horizon": 150,
    "episodes": 80,
    "seed": 2,
    "hidden": 64,
    "ppo_epochs": 4,
    "lr_ippo": 0.0005,
    "severity": 1.0,
    "log_every": 80,
    "outdir": "results"
  },
  "metrics": {
    "episode_reward": [
      32.01815129576459,
      36.45777855718302,
      35.970384807046514,
      39.616804423762694,
      33.44340990324532,
      39.40114955895893,
      36.6436711090617,
      38.0938902720085,
      44.935304848291004,
      34.98484679237008,
      41.18265053724042,
      42.68916053892013,
      42.75498149834008,
      44.29376615575615,
      41.1924560326048,
      34.67142973865074,
      39.70506200465348,
      38.00732303475444,
      34.62708366440816,
      48.34216674711146,
      39.590475363760376,
      39.552722116484745,
      48.10666302537757,
      41.865486120308454,
      36.69604448676108,
      43.66893749827938,
      44.94113017624864,
      41.673467352660396,
      36.63023065121638,
      38.849996335825175,
      43.93247939070894,
      46.052977250775164,
      47.32243772985209,
      43.275380247507975,
      47.46799209701521,
      44.088367596175544,
      44.540680091538384,
      53.27567414030846,
      49.88083426284399,
      50.601017898838585,
      50.25572517725328,
      55.534997345641706,
      50.50770275435513,
      47.367004826954684,
      40.137931731902036,
      49.69581193346536,
      45.73975845858874,
      51.898247217987176,
      50.33052413819568,
      54.680682136126194,
      47.675204047995315,
      53.750110551176824,
      50.62833583801987,
      55.200265825933066,
      53.45487954244019,
      56.35721823374433,
      63.85313986823379,
      53.22867213618009,
      59.29660478296381,
      56.44763919891173,
      56.1967621614329,
      59.43962105084211,
      52.12337094686101,
      57.86711763363436,
      58.137207578143325,
      58.2212692303169,
      69.6835164393816,
      68.63905062429194,
      62.437338758653254,
      58.86159122592463,
      43.695986879523815,
      54.402846355384476,
      56.311444041712484,
      55.04413635679007,
      57.13718099027047,
      58.418046735211625,
      56.15071593491985,
      54.50398013529685,
      41.24258521060562,
      63.697624553057096
    ],
    "sla_eMBB": [
      0.1504283819720149,
      0.15461167094220096,
      0.17011559918522834,
      0.15439665086567403,
      0.1617944626758496,
      0.1698097456432879,
      0.15470627136528492,
      0.18400962539017202,
      0.19208410028368234,
      0.15517673802251616,
      0.18065451418360073,
      0.16398252665996552,
      0.1667261704057455,
      0.14792430323859057,
      0.18507247159878412,
      0.17543718149264653,
      0.15877692643553018,
      0.16261794733504453,
      0.19941959369927645,
      0.23120942207674186,
      0.17071994348118702,
      0.18173951492334406,
      0.2119523751735687,
      0.16415378786623477,
      0.12795608290781577,
      0.1911887927663823,
      0.1398553427805503,
      0.17200470217814048,
      0.15646207581584654,
      0.17386134731272856,
      0.1581415960813562,
      0.2589374815300107,
      0.16797938277944924,
      0.20008765474582713,
      0.17315859417120616,
      0.20329553809637824,
      0.18852314207702875,
      0.18087623618543147,
      0.18268566363801558,
      0.18591582730412484,
      0.18000309772789477,
      0.21608813308179378,
      0.1699731109601756,
      0.21389008507132531,
      0.16550860943893592,
      0.1939595846645534,
      0.21360868378231923,
      0.1806627647827069,
      0.20351288369546333,
      0.1825200188284119,
      0.16240967081238827,
      0.19336042562499642,
      0.19398579109460115,
      0.19667890403419733,
      0.17681500709305206,
      0.20512471556663514,
      0.20007535735766094,
      0.15512519234170516,
      0.18553613884995382,
      0.19955487425128618,
      0.19897415707508723,
      0.2061765519777934,
      0.17591463634744287,
      0.20947061722477278,
      0.193675291351974,
      0.18981560081243515,
      0.2195035845041275,
      0.24739249226947627,
      0.200203302676479,
      0.2235878095154961,
      0.17886619442452986,
      0.19920667365193367,
      0.22912680752575398,
      0.21124962026874225,
      0.21515069549282392,
      0.21546730915705362,
      0.225253515218695,
      0.2113091057042281,
      0.1486548610776663,
      0.2427818113565445
    ],
    "sla_URLLC": [
      0.3931195706129074,
      0.43823929647604626,
      0.40639737879236537,
      0.4869378620882829,
      0.38471917564670244,
      0.4707610570391019,
      0.4573168389002482,
      0.4611638808747133,
      0.4806590496748686,
      0.45659386277198794,
      0.49788279622793197,
      0.5030051696797212,
      0.5250113114217917,
      0.8204093360900879,
      0.4963217012087504,
      0.38763522220154606,
      0.4795724292596181,
      0.48769678180416426,
      0.3379689641793569,
      0.5057197944819927,
      0.4754061721762021,
      0.4872074427207311,
      0.511441150556008,
      0.5164272177219391,
      0.9187902295589447,
      0.5874426135420799,
      0.855710875193278,
      0.5005567009250323,
      0.4550669247408708,
      0.4917746170299749,
      0.5752703576286634,
      0.4126951610048612,
      0.6345824775596459,
      0.5231303964058558,
      0.6284473320841789,
      0.528457925717036,
      0.548642668624719,
      0.6462888772785663,
      0.6347022704780102,
      0.6747925421098868,
      0.6612542485197385,
      0.6242799957593282,
      0.9468176007270813,
      0.5918083410958449,
      0.9369428582986196,
      0.6170599316557248,
      0.593686565409104,
      0.6360588324318329,
      0.6356991099317869,
      0.7191950569550196,
      0.7360616894563039,
      0.6376327824095885,
      0.6202784913281599,
      0.6828782149155934,
      0.7037711596488953,
      0.6835821449756623,
      0.8409265196323394,
      0.9899424771467845,
      0.8260125895341237,
      0.6849079125126203,
      0.7168397094806035,
      0.7516062191128731,
      0.6575794106721878,
      0.6884498450160027,
      0.7558969176808993,
      0.7942105972766876,
      0.7695251039663951,
      0.8471537191669146,
      0.8143527173995971,
      0.741427141726017,
      0.9891612291336059,
      0.697028813858827,
      0.7290311168630917,
      0.7141068791349728,
      0.7621286538243294,
      0.8032504000266393,
      0.7225238444407781,
      0.6493365607659022,
      0.9822570991516113,
      0.7758818882703781
    ],