{
  "args": {
    "method": "ippo",
    "drift": "multi",
    "n_agents": 6,
    "n_slices": 3,
    "horizon": 150,
    "episodes": 80,
    "seed": 0,
    "hidden": 64,
    "ppo_epochs": 4,
    "lr_ippo": 0.0005,
    "severity": 1.5,
    "log_every": 80,
    "outdir": "results"
  },
  "metrics": {
    "episode_reward": [
      37.633731479756534,
      32.32723178031544,
      37.85910582511375,
      31.689522721183796,
      34.76307654070357,
      35.49286058265716,
      35.32137107631812,
      37.1810667430982,
      40.69441914154837,
      38.96006538718939,
      35.64904168775926,
      32.44608143313477,
      33.71611707750708,
      34.8729546998317,
      35.81825898090998,
      36.17037519440055,
      37.97819911936919,
      32.785498231338956,
      45.09385560515026,
      38.09555013353626,
      40.6562521699816,
      39.793794200755656,
      38.68083520016322,
      37.808163750606276,
      38.52677474884937,
      32.09579530109962,
      48.46219850269457,
      39.17823888733983,
      40.48795339309921,
      40.42320133248965,
      42.31144144292921,
      37.31431126687676,
      44.3545598105217,
      43.04391905106604,
      38.9917913582176,
      30.56815837416798,
      40.95139764621854,
      42.762002154563866,
      47.92692845656226,
      42.11509362887591,
      42.825068612893425,
      44.66896048157165,
      47.43361306811372,
      46.00980853165189,
      45.14269448413203,
      44.310141115138926,
      45.83763704573115,
      47.07889216020703,
      54.352065409223236,
      42.99757471494377,
      47.98030319220076,
      47.02828207177421,
      46.343640463116266,
      39.811578542614974,
      50.29697406602403,
      53.38015152451893,
      48.1111902029564,
      49.69279704677562,
      60.30510282795876,
      53.12371758930385,
      56.37628278198341,
      51.06812307611108,
      51.06998799586048,
      53.95721447995553,
      54.264893039750554,
      52.584859061054885,
      53.826328239403665,
      54.0270848373572,
      52.106547504353024,
      50.917401244553425,
      52.99341265236338,
      57.246715331450105,
      62.167814675718546,
      54.331026245839894,
      55.992673337459564,
      57.24181484679381,
      58.21433554061999,
      51.43331261289617,
      55.60372264217585,
      52.89595718681812
    ],
    "sla_eMBB": [
      0.16571340693781772,
      0.17452927384525538,
      0.16632076400021711,
      0.1783762259533008,
      0.15780180804120997,
      0.16114739519233504,
      0.15280117612332106,
      0.15882987764043113,
      0.16215000448127587,
      0.16553192902977268,
      0.15666057034085193,
      0.1459404321325322,
      0.14450971816666425,
      0.1569672682074209,
      0.1734219699477156,
      0.16675323897972702,
      0.15785950819030403,
      0.15484624410048128,
      0.6206481363624334,
      0.1749023505921165,
      0.15591336847593387,
      0.1574252422899008,
      0.16173404321074486,
      0.25107587421312927,
      0.14753813703233998,
      0.11415949000045657,
      0.2038613910228014,
      0.15745463116715352,
      0.30326829890410106,
      0.16197322831799588,
      0.1375332497494916,
      0.23649302839301525,
      0.1625566763120393,
      0.1780824905199309,
      0.15799783000722528,
      0.12280379007260005,
      0.15890224900096656,
      0.157847740650177,
      0.17940618824213744,
      0.1641485752662023,
      0.16881646605829398,
      0.16631250197067857,
      0.1824707017838955,
      0.17612007709840932,
      0.1610462156807383,
      0.16770004715770484,
      0.14886241077135007,
      0.17260965071618556,
      0.2102207470436891,
      0.2849580846975247,
      0.16040574461842577,
      0.16516650731364885,
      0.15961493196586768,
      0.16883624787131946,
      0.19173625949770212,
      0.15967764909068743,
      0.16335240835944811,
      0.1364164631317059,
      0.2863745007912318,
      0.21044813053061565,
      0.18275235975782075,
      0.1683071208000183,
      0.19461415496965248,
      0.16813791246463855,
      0.20663808558136224,
      0.16858943551778793,
      0.1825644081334273,
      0.18734552978227537,
      0.16150964945554733,
      0.3086801743507385,
      0.17506616522868473,
      0.33325604400287073,
      0.1832213588928183,
      0.19262045373519263,
      0.17289800453931092,
      0.15999568512042364,
      0.17485293780763944,
      0.1549850590278705,
      0.24163717428843182,
      0.1562831690410773
    ],
    "sla_URLLC": [
      0.45245966883997124,
      0.3810319573346836,
      0.46417688094079496,
      0.37045974127948283,
      0.4178587829818328,
      0.4416924270739158,
      0.4536580151816209,
      0.44792535970608394,
      0.4929190616309643,
      0.47367433751622834,
      0.4373122677206993,
      0.39540150210261343,
      0.4125222411503394,
      0.4499556288619836,
      0.41761473288138706,
      0.46097566773494086,
      0.47693843985597295,
      0.3163949809471766,
      0.31355128330489,
      0.47396538538237415,
      0.5301046244055033,
      0.48440860440333683,
      0.4727385585506757,
      0.3337314289311568,
      0.48169252946972846,
      0.8466339639822642,
      0.5225353829065958,
      0.4826526098201672,
      0.34909901276230815,
      0.521548238247633,
      0.5586474136511485,
      0.3390207367638747,
      0.5946972804268201,
      0.5197990866502126,
      0.508908033867677,
      0.5421652945876122,
      0.5282707100113233,
      0.5430163693924744,
      0.6019852526982625,
      0.5436804469426473,
      0.5409528568387032,
      0.5941933905084927,
      0.6073695093393325,
      0.6163564695914586,
      0.5842883839209875,
      0.5785109243790308,
      0.6162369725108147,
      0.6104840500156085,
      0.572103930413723,
      0.3781911133726438,
      0.687645231684049,
      0.6288275740544002,
      0.6209810788432757,
      0.9565329869588216,
      0.6246450343728065,
      0.7002757156888644,
      0.641608978509903,
      0.9748198278745015,
      0.6136604306101799,
      0.6935388855139415,
      0.6511423889795939,
      0.677935298482577,
      0.6535872383912404,
      0.6962372108300527,
      0.710131693482399,
      0.6959447582562764,
      0.6983215894301732,
      0.747232168118159,
      0.6725152556101481,
      0.4529626840353012,
      0.6868671248356502,
      0.5319993909200033,
      0.8033239291111628,
      0.6925532193978627,
      0.7089304400483767,
      0.7796184398730596,
      0.7663653292258581,
      0.6554922916491827,
      0.638429556687673,
      0.6883509439229966
    ],