{
  "args": {
    "method": "ippo",
    "drift": "multi",
    "n_agents": 3,
    "horizon": 150,
    "episodes": 80,
    "seed": 1,
    "hidden": 64,
    "ppo_epochs": 4,
    "lr_ippo": 0.0005,
    "severity": 1.5,
    "log_every": 80,
    "outdir": "results"
  },
  "metrics": {
    "episode_reward": [
      36.49672492773583,
      34.953464184784245,
      35.60678229296787,
      39.20591709168838,
      31.22384158584497,
      42.63769986543081,
      37.52870995961132,
      35.93928542376542,
      35.013813906100886,
      32.04618442630811,
      38.81014813967053,
      36.56385844023382,
      36.84856107963458,
      35.166557952865155,
      36.9201744587885,
      38.07088151336129,
      35.69665426707103,
      38.17253631893545,
      35.349686028663484,
      38.743919280357666,
      45.794820872715,
      40.094398708310415,
      41.76374078262601,
      37.92584807325682,
      40.53497372567655,
      41.40571538888745,
      44.25753313526511,
      36.994422820877894,
      41.168132922550065,
      44.972658843174564,
      44.70701111091508,
      53.19553163512098,
      45.486114391353404,
      49.727857651049305,
      48.86740999199041,
      40.50481294321103,
      47.05101546709324,
      36.12340029560858,
      46.57207351722241,
      57.521041888143486,
      46.25802552130904,
      49.61934799970026,
      52.68147409007787,
      50.40114583722837,
      45.913787774560596,
      47.14106293989141,
      47.933837500049044,
      55.73155106561483,
      52.74883593687171,
      50.19347572608131,
      48.16196981978917,
      49.0224864561111,
      49.82099667781344,
      50.01240581957003,
      52.09659235609903,
      35.995596186651056,
      57.257496140483454,
      60.96417612185085,
      57.78898470637703,
      59.09770438491055,
      54.22469905795944,
      58.910631328841895,
      51.988379973897516,
      51.576551295589304,
      52.85869859285243,
      63.31685455118623,
      58.58208903167398,
      61.22987536487896,
      55.15848691668365,
      59.548203647219474,
      55.13276628568358,
      57.09582841410042,
      37.927237431580814,
      52.77859358137681,
      51.80004301089796,
      63.423994834866015,
      57.33955246845471,
      52.413631404129205,
      56.30190435972896,
      54.0511096541667
    ],
    "sla_eMBB": [
      0.1689165044079224,
      0.16526090561101833,
      0.1611322318514188,
      0.1575083070869247,
      0.14206936871632933,
      0.14052850440144538,
      0.17949630435556174,
      0.15899144310504199,
      0.15567534073566397,
      0.15432486726591985,
      0.2038916405911247,
      0.1608229310810566,
      0.1520316418198248,
      0.16227989360069237,
      0.1454703558795154,
      0.1433429392427206,
      0.15650899919991693,
      0.15790138826395075,
      0.15892638880138596,
      0.145000258932511,
      0.19935244352867207,
      0.15132530353342494,
      0.16984874818474055,
      0.26183711636190615,
      0.15037732420489192,
      0.15065520886331796,
      0.14886170497785012,
      0.18312508036072056,
      0.14996467870039246,
      0.1261866610062619,
      0.14105125707263746,
      0.20396307207178324,
      0.15119756685569882,
      0.13804715662573774,
      0.16080391793201368,
      0.1792418880884846,
      0.16050558900460601,
      0.11598574876164397,
      0.1429097992926836,
      0.15052535969763994,
      0.14141631168002883,
      0.1438264038413763,
      0.17098576702177526,
      0.17472207881510257,
      0.14236211938162643,
      0.1405751610485216,
      0.13483845331395666,
      0.15450645804405214,
      0.16657285229613383,
      0.1468055465631187,
      0.1289211128714184,
      0.11653707485646009,
      0.1168130939391752,
      0.08433749087775747,
      0.11169264702126384,
      0.06619189577798049,
      0.08451523513222735,
      0.07986497978369395,
      0.09640692086269458,
      0.09744225396153827,
      0.09382288698727886,
      0.09746942513311903,
      0.09398491679380337,
      0.09143560298408071,
      0.09512311364834507,
      0.09011778805404902,
      0.09242650013417006,
      0.08620747574915488,
      0.08317643555502097,
      0.09703737009316683,
      0.09359619755297899,
      0.09114961711068949,
      0.0731959274969995,
      0.09592941007887323,
      0.08838545711090168,
      0.1208989205211401,
      0.1014710386035343,
      0.10406836857398351,
      0.11473584138477842,
      0.11852809393157561
    ],
    "sla_URLLC": [
      0.4347028958052397,
      0.4411126773307721,
      0.4473686593025923,
      0.49917904717226824,
      0.3758786757538716,
      0.8017251282930374,
      0.415501629759868,
      0.4414836930235227,
      0.4257638807843129,
      0.39538734962542854,
      0.40154158723851047,
      0.45313273191452025,
      0.46524855713049573,
      0.4355505274236202,
      0.4624210790296396,
      0.4800206681589286,
      0.4298599321146806,
      0.47223232219616573,
      0.4462734071413676,
      0.4784626571337382,
      0.49602738668521246,
      0.49414565225442253,
      0.5358456394076347,
      0.3316727920869986,
      0.5312957388162612,
      0.5185589342315992,
      0.5848653738200664,
      0.349724919150273,
      0.5402787765736381,
      0.86871324578921,
      0.621983211239179,
      0.5434036931892237,
      0.6007737139364083,
      0.6611297922333081,
      0.5418524069090684,
      0.3668021513024966,
      0.6183210798104604,
      0.6491184105972448,
      0.5904356025656065,
      0.7396176018317541,
      0.5925729531049728,
      0.6366637188692887,
      0.5809514093399047,
      0.557877414325873,
      0.5982035731275877,
      0.6216127978265286,
      0.599791014244159,
      0.6281099548439185,
      0.5725413050750892,
      0.6711863049368063,
      0.6771155600249767,
      0.673099028468132,
      0.7077193610866864,
      0.9734352270762126,
      0.6985592986146609,
      0.960801496108373,
      0.7959474307298661,
      0.841212256749471,
      0.7633437989155452,
      0.8148475231726965,
      0.7578261836369833,
      0.8189606128136316,
      0.7220827454328537,
      0.7006712798277537,
      0.7083974999189376,
      0.8637264827887218,
      0.7818416438500086,
      0.8171310740709304,
      0.7558180714646975,
      0.7826723023255666,
      0.7531775331497192,
      0.8004293872912724,
      0.7286571580171585,
      0.7496749997138977,
      0.7545636679728825,
      0.7301063182950019,
      0.7749209013581276,
      0.7371122314532598,
      0.7431176347533862,
      0.7117764912048976
    ],