{
  "args": {
    "method": "ippo",
    "drift": "multi",
    "n_agents": 3,
    "n_slices": 5,
    "horizon": 150,
    "episodes": 80,
    "seed": 3,
    "hidden": 64,
    "ppo_epochs": 4,
    "lr_ippo": 0.0005,
    "severity": 1.5,
    "log_every": 80,
    "outdir": "results"
  },
  "metrics": {
    "episode_reward": [
      12.675962522005042,
      16.627841247866552,
      13.115698274845878,
      13.803337253630161,
      12.752627032498518,
      20.640107436726492,
      12.589807512859503,
      18.02234761416912,
      15.010611369584998,
      16.249972997854154,
      13.78845114633441,
      13.440879009664059,
      14.23121665418148,
      16.27032947416107,
      15.614474885165691,
      18.73113399495681,
      14.990533185501894,
      15.89402623909215,
      15.246994257594148,
      17.04728851467371,
      14.862739190459251,
      15.477112239226699,
      15.97720886580646,
      18.573123997077346,
      17.4578835790356,
      21.491064208249252,
      22.29814874008298,
      23.950602664922673,
      21.306168253223102,
      30.577421745285392,
      23.85991297289729,
      26.2525873084863,
      23.388361108799774,
      28.07664735801518,
      34.88686707740029,
      30.535436513523262,
      30.49328079012533,
      30.306858190024894,
      34.281084248175226,
      31.007356556132436,
      33.88528444742163,
      31.979358884195488,
      37.499018628150225,
      35.645137472078204,
      34.61792240664363,
      36.99984561651945,
      40.79068331544598,
      36.657515286157526,
      36.41822684866687,
      40.71191559483608,
      30.58276534390946,
      44.362752274920545,
      41.92928887779514,
      30.743043517693877,
      47.90661102781693,
      45.46156280363599,
      42.904893047486745,
      46.36146297554175,
      42.864941800634064,
      44.01999666417638,
      44.91110344231129,
      44.41888950020075,
      45.31976790167391,
      46.13450140071412,
      46.62528858333826,
      59.2596366306146,
      48.114434103791915,
      48.88592301060756,
      46.87373989944657,
      46.75166377425194,
      60.43189532806476,
      48.081605564802885,
      31.54653073226412,
      52.12595170550048,
      48.38714250487586,
      51.25535831041634,
      48.1791307789584,
      47.1595778192083,
      45.4693239380916,
      31.870680222908657
    ],
    "sla_eMBB": [
      0.08439607890012364,
      0.10985511263211568,
      0.11448321760864928,
      0.10219641809662183,
      0.11463348218550284,
      0.07378676199664672,
      0.09589961428195239,
      0.10252977572381497,
      0.09471740456918876,
      0.09799875127772491,
      0.07990076014151176,
      0.09001170662542184,
      0.09339731104671956,
      0.10024481000999609,
      0.09197416310509046,
      0.09429158855229616,
      0.09763596334805091,
      0.08042377311115463,
      0.10875344603632887,
      0.0961721579482158,
      0.07067000975211461,
      0.0820378977432847,
      0.08939632046346863,
      0.08493093803835412,
      0.06005658789227406,
      0.07945910919457674,
      0.09054499600082636,
      0.06661892822633186,
      0.08876977022737265,
      0.07845482179274162,
      0.06423244219273329,
      0.0708608496033897,
      0.07407723050564527,
      0.0687926028544704,
      0.07377753001948198,
      0.06623232337335745,
      0.0627672257522742,
      0.0732439482708772,
      0.051948155698676904,
      0.05824736604777475,
      0.05325450943162044,
      0.0634507471198837,
      0.053262382879232364,
      0.04845670655369758,
      0.05712521083652973,
      0.04861747374758124,
      0.044565584361553195,
      0.04089994334926208,
      0.03304505930592616,
      0.03491440651317437,
      0.023013117971519628,
      0.03691278640801708,
      0.03266824707388878,
      0.022978420679767925,
      0.034707050807774066,
      0.032634355146437886,
      0.03775032119204601,
      0.02567923966795206,
      0.030765973357483746,
      0.0244975951500237,
      0.026158734805261097,
      0.01929114623616139,
      0.02526216097486516,
      0.018614536449313164,
      0.01940622482448816,
      0.016584049838905532,
      0.016697439091900985,
      0.017404295243322848,
      0.013181433528661728,
      0.012185717774555087,
      0.01239544667924444,
      0.015998360825081666,
      0.017956821359694005,
      0.011547440929959218,
      0.012611894458532334,
      0.01862833585590124,
      0.0180253821099177,
      0.014007795676589012,
      0.011985699944198132,
      0.012894739086429277
    ],
    "sla_URLLC": [
      0.17889238143650193,
      0.22332336950581522,
      0.18613325338810682,
      0.21232130860793405,
      0.16796012721645334,
      0.3818902758757273,
      0.1729712228787442,
      0.22283159270882608,
      0.21174751967191696,
      0.2718181623627121,
      0.2388211566209793,
      0.19574018411027888,
      0.2150359421223402,
      0.26833507130543394,
      0.20288285627340277,
      0.19090000982085864,
      0.19230479506154854,
      0.23514626250912746,
      0.24594972416448097,
      0.24824505920211473,
      0.6254521978894869,
      0.19280458363704384,
      0.2690290412120521,
      0.28920833275963864,
      0.6244391693671545,
      0.34276950056354205,
      0.3513097346822421,
      0.3650548333923022,
      0.3102127548058828,
      0.35192666068673134,
      0.32803467323382696,
      0.3789112447202206,
      0.27835600326458615,
      0.3410672168433666,
      0.393410841524601,
      0.39701943745215734,
      0.4124539905289809,
      0.45404778132836027,
      0.4219984377423922,
      0.43532096927054226,
      0.4178194275995096,
      0.6710407078266144,
      0.48069419220089915,
      0.46816241150101023,
      0.4435537836452325,
      0.5240170582135518,
      0.5848269902169705,
      0.455884506603082,
      0.49736149395505586,
      0.5256314192712307,
      0.5674954123298327,
      0.6275136485695839,
      0.5766728120048841,
      0.5481739400327206,
      0.5649797851840656,
      0.5892134680350621,
      0.5497601403295994,
      0.37621722122033435,
      0.930633860429128,
      0.6183463224271933,
      0.5901930406689644,
      0.6199422783652941,
      0.6074756716191768,
      0.5970700227717558,
      0.5975692533950011,
      0.5979804883400599,
      0.6733466102679571,
      0.6992243686318398,
      0.6483332846562068,
      0.6202008044719696,
      0.6114011489351591,
      0.5848889197409153,
      0.9622960615158082,
      0.6170326574643453,
      0.6068115132053693,
      0.7847734100619952,
      0.6292607332269351,
      0.6737468326091767,
      0.5830835316578548,
      0.9614419643084208
    ],