{
  "args": {
    "method": "ippo",
    "drift": "multi",
    "n_agents": 3,
    "n_slices": 3,
    "horizon": 150,
    "episodes": 80,
    "seed": 6,
    "hidden": 64,
    "ppo_epochs": 4,
    "lr_ippo": 0.0005,
    "severity": 0.5,
    "log_every": 80,
    "outdir": "results"
  },
  "metrics": {
    "episode_reward": [
      52.26104462084671,
      32.15442282271882,
      38.4960421603173,
      38.318355329334736,
      33.5150262893488,
      33.035528515155114,
      49.80196671995024,
      49.3702092183133,
      47.01288737729192,
      41.86784313246608,
      40.524867905924715,
      40.10942451593777,
      44.04447096772492,
      41.30164829579493,
      40.58633698833486,
      43.904713256284595,
      43.0410681621482,
      41.90151292954882,
      38.71860150434077,
      44.10189629532397,
      44.49636688207587,
      44.97242234274745,
      45.08023000011841,
      46.340815000236034,
      43.02873374211291,
      51.92420776871344,
      39.54168950331708,
      41.4303475668033,
      49.1427280617257,
      44.92629166692495,
      51.86942170870801,
      47.92196502226094,
      56.362398110950984,
      53.837448655317225,
      56.38985758647323,
      55.61249722043673,
      42.092394971599184,
      55.97542406991124,
      42.92891369946301,
      47.13758926217755,
      62.45328413322568,
      55.525822093089424,
      60.05473396554589,
      57.922850999981165,
      64.16802488267422,
      56.1758221189181,
      63.415168933570385,
      59.87703549427291,
      48.71390246165296,
      53.013843416546784,
      59.727387549976505,
      60.49216998989383,
      49.23421867315968,
      78.32735511908929,
      64.04052304724853,
      64.4014917028447,
      61.84144714971384,
      60.80876733114322,
      58.509349439914025,
      64.8578276609381,
      54.808552069589496,
      59.205637667949,
      63.33327440544963,
      58.286967976018786,
      50.5926117512087,
      70.55466112494469,
      68.29109093174338,
      62.37747209829589,
      64.52946783478062,
      65.7458916939795,
      69.678359610339,
      64.14162806173165,
      86.31892627477646,
      67.95717264836033,
      69.16326115032037,
      70.19374457125862,
      65.41652672116955,
      70.92767460520069,
      68.23596618821223,
      67.25183999414246
    ],
    "sla_eMBB": [
      0.15565565059582392,
      0.1697765055174629,
      0.16365820970386266,
      0.18389818149308362,
      0.1748936831826965,
      0.17134997941553592,
      0.1748022696500023,
      0.18126209026823442,
      0.17485034386316936,
      0.17432993669237476,
      0.1439476743961374,
      0.16027230625351271,
      0.16954509316633146,
      0.16709852423518895,
      0.16983318431923786,
      0.16956106049319108,
      0.16306195543458066,
      0.14123171451191108,
      0.1648477187131842,
      0.16412747540821632,
      0.16739735653003057,
      0.16653012116750082,
      0.1803268741692106,
      0.23372185786565144,
      0.1908643434320887,
      0.16633116717139879,
      0.1870388800650835,
      0.16865978973607224,
      0.18750675216317178,
      0.17013955879956483,
      0.16972977001219988,
      0.18792206729451816,
      0.1872567299505075,
      0.15185181602835654,
      0.160395318257312,
      0.17929541592796644,
      0.19020050519456466,
      0.16876976398130258,
      0.17136637565058965,
      0.17696379000941911,
      0.1775656309723854,
      0.17421800397336484,
      0.1699526259303093,
      0.18980458411077658,
      0.18046841381738582,
      0.1679313570757707,
      0.17079213580737512,
      0.1785815551877022,
      0.16469599351286887,
      0.1645595015833775,
      0.18485413839419682,
      0.15756861989696822,
      0.16026018266876538,
      0.21207164272665976,
      0.1945109419027964,
      0.16805430193742116,
      0.18894472180555263,
      0.1661348388964931,
      0.16740926542629797,
      0.16555407974869013,
      0.18780365583797295,
      0.17251449859390655,
      0.17148186096300683,
      0.19279668072859446,
      0.1505867051333189,
      0.2017892437055707,
      0.1723078269759814,
      0.19241095786293347,
      0.18086655892431736,
      0.18033341223994892,
      0.17994373631974062,
      0.16232368436952432,
      0.22314234681427478,
      0.17166077526907125,
      0.176295514938732,
      0.2035396184027195,
      0.18058980400363603,
      0.19233658778170745,
      0.15673544000834227,
      0.18444351473202308
    ],
    "sla_URLLC": [
      0.7125867648919424,
      0.37064631074666976,
      0.5020145698171109,
      0.43401912371317547,
      0.34022867313275734,
      0.30050634185473124,
      0.595586123863856,
      0.6458028544982274,
      0.64403831889232,
      0.5070356915394465,
      0.49091918567816417,
      0.46963478495677313,
      0.5401571059226989,
      0.490842341085275,
      0.4882527060806751,
      0.615944438452522,
      0.5491264159666995,
      0.758561427394549,
      0.5709060974915823,
      0.5761108044783274,
      0.5810689330101013,
      0.616101775492231,
      0.5561972697575887,
      0.540543694794178,
      0.5282488503027707,
      0.6681908185283343,
      0.4837523896743854,
      0.5306302239994208,
      0.6323660072684288,
      0.5333831051488718,
      0.6270422099530697,
      0.6402125734090806,
      0.7069423459470272,
      0.7299866413076719,
      0.7828267340858778,
      0.7235394614934921,
      0.5575445646047592,
      0.7541275850931803,
      0.5666037234167258,
      0.6165213826298713,
      0.8605838952461878,
      0.7884090876579285,
      0.8075891043742498,
      0.788155384461085,
      0.743930349946022,
      0.7531091317534446,
      0.864153586824735,
      0.8116328954696655,
      0.6455030436317126,
      0.856529811223348,
      0.7420892856518427,
      0.837526919444402,
      0.9128347559769948,
      0.7656422432263692,
      0.8739725200335184,
      0.9021465035279592,
      0.8391567756732304,
      0.8685864492257436,
      0.8118596931298574,
      0.9211365620295207,
      0.7428387451171875,
      0.8396249457200369,
      0.8838765708605448,
      0.8412080069382986,
      0.8656348780790964,
      0.9564670598506928,
      0.9508674597740173,
      0.8827186206976573,
      0.9089875316619873,
      0.9125990990797679,
      0.9634432864189147,
      0.91420272787412,
      0.8576841060320536,
      0.9526642096042633,
      0.9523370373249054,
      0.9570080769062043,
      0.8820305132865905,
      0.9732639050483703,
      0.9612684186299641,
      0.9298840614159902
    ],