{
  "args": {
    "method": "ippo",
    "drift": "multi",
    "n_agents": 10,
    "n_slices": 3,
    "horizon": 150,
    "episodes": 80,
    "seed": 0,
    "hidden": 64,
    "ppo_epochs": 4,
    "lr_ippo": 0.0005,
    "severity": 1.5,
    "log_every": 80,
    "outdir": "results"
  },
  "metrics": {
    "episode_reward": [
      35.99944347068667,
      36.225918976031245,
      36.63974257260561,
      35.520751561038196,
      36.672195141762494,
      34.27291483189911,
      34.81405241061002,
      34.887949018925426,
      40.36434570513666,
      39.878243898041546,
      34.546912177279594,
      35.9380320481956,
      34.44157110154629,
      35.38995211850852,
      37.61688557509333,
      35.20086317546666,
      38.19138057474047,
      32.63110688421875,
      43.61989835780114,
      39.46648155748844,
      38.382923770695925,
      38.05665438193828,
      37.61361368261278,
      37.73083191998303,
      40.1418215777725,
      33.41610116809606,
      46.94698892571032,
      37.47069371305406,
      39.1208864659071,
      39.91819485854357,
      41.69061119426042,
      38.557003878802064,
      40.0951634477824,
      42.9337783863768,
      39.36962444856763,
      30.354878675565125,
      40.80301414225251,
      43.16648431196809,
      47.131149052083494,
      43.3851422553882,
      43.37156494352966,
      43.77309470698238,
      46.773976906761526,
      46.129845555126664,
      47.21507265120745,
      46.39048330411315,
      46.904428196698426,
      47.63370706420392,
      55.97150406409055,
      44.91419860105962,
      48.54767835717648,
      48.33489031363278,
      47.90783640090376,
      40.383996073901656,
      50.829462978430094,
      51.55787594690919,
      49.52815357595682,
      52.52235187999904,
      60.36295036524534,
      52.562370782904324,
      55.540873216465116,
      50.285382841154934,
      50.081850942224264,
      53.56664728410542,
      52.103153352066876,
      51.01518345028162,
      51.68011794984341,
      51.63530197627843,
      50.903301999531685,
      49.159905528463426,
      50.43189601805061,
      49.796283200196925,
      57.853289598599076,
      51.80747483577579,
      52.75693128351122,
      53.89178272206336,
      54.30445175394416,
      50.63971896395087,
      52.535946547798815,
      52.60450232662261
    ],
    "sla_eMBB": [
      0.16974807237585385,
      0.16651109166443348,
      0.1756968389203151,
      0.19562501634160678,
      0.1601347734965384,
      0.16357054370145002,
      0.15941534182677666,
      0.16385343123227358,
      0.16678270168602466,
      0.18729590176294247,
      0.1627527869058152,
      0.1639623748511076,
      0.14910563227410117,
      0.15444921084990104,
      0.17427986229459444,
      0.15839560478925704,
      0.16241203976174196,
      0.17197737901161114,
      0.6423639994859696,
      0.18061177641153336,
      0.15361393439273038,
      0.16320800950129827,
      0.15863072281082471,
      0.30724699976543585,
      0.16130391714473566,
      0.11822683037569126,
      0.22919471189379692,
      0.1653692729274432,
      0.37517649456858637,
      0.17048355442782243,
      0.1623469617838661,
      0.2851163162415226,
      0.1644460550074776,
      0.18399918516476949,
      0.161136298229297,
      0.1329285643994808,
      0.15925926808267832,
      0.16614302447686594,
      0.18197765044867992,
      0.16847641500333946,
      0.18532594657192628,
      0.17922922263542812,
      0.17746483092506726,
      0.17188696950674057,
      0.1759569004178047,
      0.16175220888108016,
      0.1631524491434296,
      0.1698857280611992,
      0.2330465103685856,
      0.2871277056634426,
      0.1653653402874867,
      0.16787935921611885,
      0.16904375546922287,
      0.15740141211698452,
      0.1863326441620787,
      0.16963468021402756,
      0.17273305705438058,
      0.13272136916716892,
      0.24343838334083556,
      0.18570238593965768,
      0.197167954792579,
      0.17043101112047832,
      0.17222902741283178,
      0.1696472143009305,
      0.17977467134594918,
      0.16625496839483578,
      0.16637215700000524,
      0.1659512985125184,
      0.16316730029881,
      0.2638308232401808,
      0.16192170289655528,
      0.3228301888207595,
      0.16668343741446734,
      0.17018896273647746,
      0.17015551236768564,
      0.16263999437292417,
      0.16685452908277512,
      0.15476121462881565,
      0.186555146984756,
      0.15729788136978945
    ],
    "sla_URLLC": [
      0.4319027443478505,
      0.44439354074498016,
      0.4444401517510414,
      0.41083553264538447,
      0.45939764271179834,
      0.42254359324773155,
      0.45120195746421815,
      0.42674175317088764,
      0.5028577134013176,
      0.47206247806549073,
      0.42563351477185885,
      0.42963205933570864,
      0.4157878050704797,
      0.46074229021867114,
      0.45566364188989006,
      0.44679485390583673,
      0.4661627526084582,
      0.3112022234002749,
      0.2941710629065831,
      0.47710009838143985,
      0.4893611679971218,
      0.46163886884848276,
      0.4734901388486226,
      0.3208723768095175,
      0.49312192608912786,
      0.8468706055482229,
      0.49482666740814846,
      0.45520736157894137,
      0.3203564483424028,
      0.48640032013257345,
      0.5153853914141655,
      0.3299361835916837,
      0.49363546023766197,
      0.50439955458045,
      0.4842629740635554,
      0.5285388866066932,
      0.5067569692929585,
      0.5243199568986893,
      0.5618415540456771,
      0.5315191818277041,
      0.5253077653050423,
      0.5225703143080076,
      0.5728750618795554,
      0.5945125142733256,
      0.5721359960238139,
      0.5918953916430474,
      0.5978746849298477,
      0.5818368411064148,
      0.579279698630174,
      0.3863590309023857,
      0.6454863500595093,
      0.606141924460729,
      0.5952609012524287,
      0.9458479289213816,
      0.6139611631631852,
      0.6586564821004868,
      0.6186108972628911,
      0.9731723153591156,
      0.606694438457489,
      0.6756017216046651,
      0.6034395150343577,
      0.6187658975521724,
      0.6129021819432576,
      0.658016233642896,
      0.66109328130881,
      0.6348007480303447,
      0.6342701609929403,
      0.6872608323891958,
      0.6179879023631414,
      0.42211941321690877,
      0.626597550312678,
      0.4137599412600199,
      0.7529482521613439,
      0.6409890611966451,
      0.6570598129431406,
      0.7464612863461176,
      0.7063040715456009,
      0.6161619530121485,
      0.6071923049290975,
      0.6648253335555394
    ],