{
  "args": {
    "method": "ippo",
    "drift": "multi",
    "n_agents": 3,
    "n_slices": 3,
    "horizon": 150,
    "episodes": 80,
    "seed": 6,
    "hidden": 64,
    "ppo_epochs": 4,
    "lr_ippo": 0.0005,
    "severity": 2.0,
    "log_every": 80,
    "outdir": "results"
  },
  "metrics": {
    "episode_reward": [
      38.69510699622333,
      29.08409859488408,
      34.821990467607975,
      33.472522008543216,
      35.14688301458955,
      34.44832074766358,
      37.15795628043512,
      36.69061270852884,
      37.19248215357462,
      37.192558600877724,
      34.47998417789737,
      33.718330811088286,
      36.46278133119146,
      36.280304447437324,
      35.959673499688506,
      34.748731629922986,
      35.896245550364256,
      39.74013491844138,
      30.43997503754993,
      36.90007286332548,
      36.89457977811495,
      35.81248283882936,
      35.512369768073164,
      33.472417959943414,
      36.4575122743845,
      37.711399499326944,
      33.78406034658352,
      35.86304412968457,
      36.461663469051324,
      38.21127566384772,
      38.94057561581334,
      37.903810780495405,
      42.563741160556674,
      41.067271788915,
      41.69779137956599,
      42.55872131884098,
      36.9690183904022,
      41.63903604758283,
      38.983950946480036,
      42.03233550426861,
      42.97942712468406,
      42.48500391840935,
      44.83248189340035,
      43.81836844421923,
      48.63104881222049,
      46.95541128205756,
      46.62516166021427,
      46.266172271221876,
      43.754306848471366,
      34.886613404378295,
      46.0429839057227,
      45.83510905876756,
      49.77277319009105,
      56.756023144970335,
      48.59086425664524,
      46.18147813652953,
      47.98970916556815,
      47.42880595040818,
      47.411477375154696,
      49.9508806578815,
      49.804926653703056,
      48.20979708867768,
      47.56744470323125,
      49.29287120079001,
      36.95623185733954,
      51.19368333866199,
      50.17936381076773,
      50.798674964656435,
      50.71297216974199,
      50.47184868901968,
      52.11803968002399,
      49.09844641511639,
      60.31050956249237,
      51.63247483347853,
      52.56858655437827,
      49.18801322455207,
      50.359559420496225,
      52.495707016438246,
      51.984215538948774,
      54.26183425014218
    ],
    "sla_eMBB": [
      0.15351059110214313,
      0.16894864462316037,
      0.16074519354229172,
      0.17262371249496936,
      0.4932429914797346,
      0.39461365619053446,
      0.16710978237291177,
      0.17827680215860406,
      0.16865057373419404,
      0.17426075664213084,
      0.14389794290686647,
      0.15654953416436912,
      0.15952862296253442,
      0.16474941505740087,
      0.16468518413603306,
      0.1608366983818511,
      0.1577340067178011,
      0.12616529176011682,
      0.16468523024891812,
      0.15878540341431896,
      0.15985480779161057,
      0.16354529117544492,
      0.17823018722857037,
      0.22623747394109767,
      0.1866699185781181,
      0.16409309859698018,
      0.17777262575924396,
      0.17313881897677977,
      0.18266762615491947,
      0.16867255261788766,
      0.16574905953059593,
      0.18847577851886552,
      0.18058572569862008,
      0.1521464605939885,
      0.16265794777000944,
      0.17479359442989031,
      0.1865422585917016,
      0.16713745591541132,
      0.16871683011452357,
      0.1645065697779258,
      0.17051597942908606,
      0.17860179636627435,
      0.17427844849725566,
      0.17873530250663558,
      0.20612620025873185,
      0.1680402648014327,
      0.16906159987673164,
      0.17420056308309237,
      0.1728483572602272,
      0.15297388633713127,
      0.18311466680218777,
      0.17503890890007218,
      0.1441584189981222,
      0.3387931018322706,
      0.2054078390945991,
      0.1932731940969825,
      0.20734829149519404,
      0.19577861872812113,
      0.1953462337702513,
      0.19596579793840646,
      0.20102637767791748,
      0.20060198659077286,
      0.19233634588619072,
      0.20175715307394662,
      0.15829070579260587,
      0.2076494502524535,
      0.19319994284460942,
      0.1977980857839187,
      0.20690229900802176,
      0.20393707911173503,
      0.19064864375938972,
      0.20176529423644146,
      0.3141598354279995,
      0.20020835598309836,
      0.21353400529672703,
      0.227902072754999,
      0.20627607323229313,
      0.21273609712719918,
      0.19472642228007317,
      0.20850071869790554
    ],
    "sla_URLLC": [
      0.4870121355851491,
      0.3529616053309292,
      0.44614048349360624,
      0.39995552870134515,
      0.26273322445650893,
      0.26605648048222064,
      0.45288596076269944,
      0.4435933168232441,
      0.44926729838053386,
      0.47719015792012215,
      0.4432273385177056,
      0.4151655558993419,
      0.4529875546942155,
      0.45881128335992494,
      0.4609555049240589,
      0.43058310945828754,
      0.46649901539087296,
      0.7599545403321584,
      0.3885073100030422,
      0.4681697742640972,
      0.45931721972922485,
      0.4529570036629836,
      0.429104640930891,
      0.34709002926945687,
      0.4468872771660487,
      0.46045893013477324,
      0.4163159336398045,
      0.44937638103961947,
      0.439445001433293,
      0.4824139542877674,
      0.47713722663621105,
      0.4529308163871368,
      0.5170536239941915,
      0.5119713271657625,
      0.5276125025749206,
      0.5317081724107265,
      0.4451424054801464,
      0.5170217728614808,
      0.4694871782759825,
      0.5428171418358883,
      0.5744905644655227,
      0.5461947906514009,
      0.5862160097062588,
      0.5699843462308248,
      0.5392087020973364,
      0.5951503454645475,
      0.5971735103428364,
      0.5964908480644227,
      0.5600372880697251,
      0.5708246686557928,
      0.5813661525646846,
      0.6136490792036057,
      0.9382089920838674,
      0.5575620510180791,
      0.5871468127270539,
      0.5739105760057768,
      0.5801936369140943,
      0.5835909361640612,
      0.5788788011670113,
      0.6162486998240153,
      0.5924460333585739,
      0.5643404026826223,
      0.5655837224920591,
      0.5885166153311729,
      0.5916221646467844,
      0.5970667761564254,
      0.605736812055111,
      0.6027367090185484,
      0.6002389906843504,
      0.6111386413375537,
      0.6379007352391879,
      0.5776030349731446,
      0.5918450039625168,
      0.6251158102353414,
      0.6086970524986585,
      0.5668436381220817,
      0.6005342643956343,
      0.6162060767412185,
      0.6348253361384074,
      0.6464437634746234
    ],