{
  "args": {
    "method": "ippo",
    "drift": "multi",
    "n_agents": 6,
    "n_slices": 5,
    "horizon": 150,
    "episodes": 80,
    "seed": 2,
    "hidden": 64,
    "ppo_epochs": 4,
    "lr_ippo": 0.0005,
    "severity": 1.5,
    "log_every": 80,
    "outdir": "results"
  },
  "metrics": {
    "episode_reward": [
      13.60940435497711,
      12.7990936509644,
      13.414472451123098,
      15.141060456012687,
      14.159094762057066,
      14.09000066264222,
      13.174388768772284,
      13.645218603002528,
      13.013292977275947,
      14.32246161221216,
      13.646460379473865,
      14.167316282478472,
      15.251918668548266,
      14.440105710178614,
      16.02038076768319,
      18.33380125059436,
      16.58680986240506,
      16.268523367121816,
      23.025280081667006,
      16.864383092150092,
      13.268744234616557,
      17.330294689474005,
      17.958720389132697,
      21.390815475955606,
      22.413783077150583,
      28.119507520770032,
      22.547833160497248,
      24.17568361479789,
      24.090238536087174,
      20.796117041260004,
      23.759018916947145,
      21.48769839045902,
      24.08834100421518,
      27.68738104744504,
      24.18570330987374,
      28.621858873715002,
      25.57687874417752,
      25.17875009495765,
      29.004866181251902,
      27.865965678356588,
      29.081166852265596,
      31.07204057990263,
      33.49712562685212,
      35.18266171899935,
      36.86577596825858,
      33.986034935340285,
      38.85387762480726,
      36.34343824225167,
      33.73696068674326,
      37.10396825925758,
      35.1275322092697,
      36.33545643401643,
      40.42349840607494,
      38.06428980485847,
      36.95059796826293,
      38.306929633021355,
      40.75554706404606,
      39.47169654754301,
      41.21519466148069,
      40.92646369803697,
      41.61830126556257,
      41.76052666890124,
      43.91227737876276,
      43.632739732041955,
      43.200016506016254,
      42.63703479183217,
      43.88081625010818,
      44.474840872610606,
      44.2480795343096,
      32.26974802588423,
      45.39948406908661,
      44.30680925771594,
      46.48575379140675,
      47.18936225399375,
      44.215513084704675,
      44.635561167262495,
      30.440549266835053,
      46.031024149929486,
      44.10569180144618,
      52.007784159233175
    ],
    "sla_eMBB": [
      0.09693812303245068,
      0.08878484678765138,
      0.10484252128750086,
      0.08584935418640574,
      0.09452123135328293,
      0.09312677476555109,
      0.08368622021128734,
      0.09313082887480656,
      0.09621978480989735,
      0.0941746408243974,
      0.10268059270456434,
      0.09025071779886881,
      0.09878556380669276,
      0.09081274122310182,
      0.08901938170194626,
      0.08404037590449055,
      0.08229259130544961,
      0.0959675023642679,
      0.09965898840377728,
      0.07688337004433075,
      0.08861153310785691,
      0.08099864305307468,
      0.08001296203583479,
      0.07767749877025684,
      0.06221181786929568,
      0.09352924605210622,
      0.06507092781364918,
      0.07728675827383995,
      0.07447114526604613,
      0.06862587818255027,
      0.06524665177489321,
      0.06691238463545839,
      0.0639371496004363,
      0.061403997602562106,
      0.07002011108522614,
      0.0566758955004237,
      0.05483859412992994,
      0.057233874555677175,
      0.058988371479014555,
      0.04886865560586254,
      0.04849619390442968,
      0.05033359797050556,
      0.04658740831539035,
      0.042944962767263256,
      0.04496609648068746,
      0.03711159284537037,
      0.043710589073598385,
      0.045904606928428016,
      0.03892737863585353,
      0.0415925823772947,
      0.044842952790980536,
      0.032014197899649544,
      0.04398915799800306,
      0.03613182418669263,
      0.03664704964806636,
      0.037008070821563405,
      0.02862954983487725,
      0.029428258078793686,
      0.029434504959111412,
      0.028822642558564742,
      0.02091626911656931,
      0.026856932938098908,
      0.019161467688779035,
      0.021850436901052792,
      0.018698238202681145,
      0.019429555743311844,
      0.015616709037373463,
      0.014207863745590051,
      0.01846958016976714,
      0.013332004640251399,
      0.01409905637303988,
      0.012231704747925202,
      0.014159324175367752,
      0.012192120663821698,
      0.014620385850818518,
      0.013093622469653687,
      0.014262744565494359,
      0.011581435048331817,
      0.012198090242842833,
      0.010927273492949705
    ],
    "sla_URLLC": [
      0.1936677447364976,
      0.1603782894120862,
      0.17581742807601888,
      0.24692990351157884,
      0.20945516742765904,
      0.1840043663792312,
      0.18025961560507617,
      0.18324657724549373,
      0.16774521589900057,
      0.2100266607105732,
      0.18061125514407952,
      0.1723914993740618,
      0.22074821944038073,
      0.2100956914573908,
      0.235556908523043,
      0.2900080701708794,
      0.21755668471256892,
      0.25806241534650326,
      0.2351963224510352,
      0.1872853926072518,
      0.26829135420266537,
      0.24287863408525784,
      0.2621740221728881,
      0.3234064149359862,
      0.40624327056109905,
      0.3138932563861211,
      0.37757220819592474,
      0.2873154834657907,
      0.3177958126862844,
      0.27683984448512394,
      0.34034559441109496,
      0.5190030403931936,
      0.32557887795070806,
      0.341890019501249,
      0.36116713729997474,
      0.37273456799487276,
      0.3312520182877779,
      0.3538461102793614,
      0.4119538122912248,
      0.40636954694986344,
      0.6150144590934118,
      0.4427157906194528,
      0.4338676529874404,
      0.4817795820534229,
      0.503178824832042,
      0.4427335632095734,
      0.5071222962935765,
      0.5043910929063956,
      0.4814270794391632,
      0.4784534283479055,
      0.467330034772555,
      0.5250839514782032,
      0.5495665548741817,
      0.5876185004909833,
      0.5028220773239931,
      0.5296763072162867,
      0.5641966953873634,
      0.531151394645373,
      0.5581774921218554,
      0.578205308864514,
      0.5942072415351868,
      0.6374587043126424,
      0.6609546264012655,
      0.6138886886835099,
      0.6366086084643999,
      0.5978386483589808,
      0.6485278151432673,
      0.6182947730024656,
      0.6602920380234718,
      0.6459339379270872,
      0.6218866554896036,
      0.6101496143142382,
      0.6745417378346126,
      0.6162770469983418,
      0.6379270801941553,
      0.6874043241143226,
      0.9714119625091553,
      0.6906127764781316,
      0.6384240547815959,
      0.6352280594905217
    ],