{
  "args": {
    "method": "ippo",
    "drift": "multi",
    "n_agents": 3,
    "horizon": 150,
    "episodes": 80,
    "seed": 2,
    "hidden": 64,
    "ppo_epochs": 4,
    "lr_ippo": 0.0005,
    "severity": 1.5,
    "log_every": 80,
    "outdir": "results"
  },
  "metrics": {
    "episode_reward": [
      31.21982072935337,
      34.96574171541467,
      34.32089847954405,
      37.3134369418646,
      31.989062808262616,
      37.70951058055379,
      34.9705071191614,
      36.926429789813476,
      42.97402039683531,
      33.418496897402754,
      40.116940523849614,
      40.229195401238094,
      39.339467237061946,
      43.213125399293155,
      39.402681856229904,
      33.05943679004495,
      37.2525842394473,
      36.3424292491335,
      34.34160712802162,
      46.78774339887835,
      38.011693494746254,
      37.86068401138767,
      46.939202835079755,
      39.597091714209995,
      35.060661913288946,
      42.141545031052885,
      44.194491702587236,
      40.39098323920433,
      36.81394639909268,
      37.371556909113316,
      43.37096432993812,
      46.12090996258839,
      44.27053954249459,
      42.07149845369991,
      43.445658744041225,
      45.069657077598926,
      44.40355328246957,
      46.309289951312046,
      48.07993996145933,
      47.70547216424928,
      47.07349507843875,
      51.739062844842955,
      50.846606217862835,
      48.44388079581165,
      38.510384200947954,
      48.2109435592261,
      43.8506532305645,
      48.248515969494186,
      47.728593005840196,
      49.25896780710258,
      40.11988527541984,
      50.25223184799159,
      49.100837704228915,
      52.80024269667147,
      51.02258045346375,
      53.32888962680269,
      56.531858190066295,
      53.136458399788374,
      56.235493385895296,
      52.90003887700541,
      53.73368507619537,
      56.56297331346821,
      51.529749740825764,
      54.443038039162985,
      54.3827007828591,
      53.571283666541184,
      65.37366461141242,
      63.11656999565249,
      57.31493918558377,
      55.10110544160836,
      41.001210722679026,
      53.198477922980175,
      53.831265749233914,
      53.55600970043906,
      55.60842039634787,
      54.46839226471883,
      53.52425150403548,
      52.92490818904094,
      40.01057679719393,
      58.50459529945835
    ],
    "sla_eMBB": [
      0.15387677696843943,
      0.1557164651240843,
      0.169360075990359,
      0.15723048110802967,
      0.1598168991257747,
      0.1735609616478905,
      0.15817668713629246,
      0.1842320807899038,
      0.20518469714870055,
      0.15908618135998645,
      0.18074498048673074,
      0.16578434233864148,
      0.16844845248386264,
      0.13979567911475896,
      0.1881044796730081,
      0.1781745154472689,
      0.15935922182475526,
      0.16178215042998392,
      0.20098636077096066,
      0.295345877384146,
      0.16959671046584845,
      0.17525639586150646,
      0.22306271841128666,
      0.1614316454467674,
      0.11807537973547975,
      0.1918188525425891,
      0.13301125595966976,
      0.1727819662479063,
      0.16106551598757504,
      0.1711202523422738,
      0.16003168164441983,
      0.4567464598082006,
      0.16609199391677976,
      0.19455356491729617,
      0.17070581012095015,
      0.20258605011428396,
      0.19051275902117293,
      0.17864139814550678,
      0.18733958080410956,
      0.18642954720805088,
      0.1753446381787459,
      0.21502932074169318,
      0.16454554593811432,
      0.2253327208198607,
      0.1512627936465045,
      0.19445525117839377,
      0.22374037742614747,
      0.1779619342647493,
      0.20069670163094996,
      0.1787477780630191,
      0.15875760125617186,
      0.1922128641543289,
      0.19252515345811844,
      0.19763413187116385,
      0.17887180450682838,
      0.20465811165049672,
      0.1985965926821033,
      0.13644676755492885,
      0.18455814100801946,
      0.18908959743877252,
      0.19274333532899618,
      0.19409962303936482,
      0.1770790739233295,
      0.19460649897654853,
      0.1809402666799724,
      0.17053680015106995,
      0.19205561401943366,
      0.2025051726649205,
      0.17369156025350094,
      0.17502977568656206,
      0.11722701397414009,
      0.1678535795894762,
      0.18278246029590567,
      0.1818592903142174,
      0.1799448481698831,
      0.1824993608519435,
      0.18058304862429697,
      0.17280493983378012,
      0.09806297407175103,
      0.18390296675264836
    ],
    "sla_URLLC": [
      0.39069341915349165,
      0.42935604726274806,
      0.3953801049292088,
      0.46995108405749003,
      0.3759371540447076,
      0.4603244943420092,
      0.44183545286456744,
      0.45498452534278233,
      0.4630379510919253,
      0.42906162194907665,
      0.48520277788241706,
      0.481329046189785,
      0.47375475058952965,
      0.8102956787745158,
      0.48090605437755585,
      0.37239151721199354,
      0.4595807183285554,
      0.45928858026862146,
      0.33486940547823907,
      0.4838510147233804,
      0.46536339571078617,
      0.47412792081634203,
      0.503243955373764,
      0.49900821382800736,
      0.9118365621566773,
      0.5325871034959953,
      0.8557425928115845,
      0.49730518465240797,
      0.45970256785551705,
      0.47838740234573685,
      0.5571006005009015,
      0.3713889558116595,
      0.58379957228899,
      0.5135378880302112,
      0.5624766664703688,
      0.5427719350159168,
      0.5429576775928339,
      0.5701600032051405,
      0.5963138782978058,
      0.611335542947054,
      0.6074984699487687,
      0.5827551035086314,
      0.957110296090444,
      0.5713409988582134,
      0.9305648569266002,
      0.5851817611356577,
      0.5745829676588377,
      0.5875036692122618,
      0.5837815661728382,
      0.640132399747769,
      0.6461340301235516,
      0.5869904400408268,
      0.6058050559461117,
      0.6273489041129748,
      0.6512616184353829,
      0.6286099249124527,
      0.7382776756087939,
      0.9830404186248779,
      0.7468929859002431,
      0.6283729909857114,
      0.6619918885827064,
      0.686391118367513,
      0.6310250793894132,
      0.6417444131771723,
      0.6768864436944326,
      0.7144033987323443,
      0.7047489853700002,
      0.7886116492748261,
      0.7489726267258326,
      0.6838168299198151,
      0.9839112329483032,
      0.6621937583883604,
      0.6632038908203443,
      0.6645554933945338,
      0.7193920743465424,
      0.7238822142283122,
      0.6609940504034361,
      0.6214934688806534,
      0.9782602981726328,
      0.7072116467356682
    ],