{
  "args": {
    "method": "ippo",
    "drift": "multi",
    "n_agents": 3,
    "horizon": 150,
    "episodes": 80,
    "seed": 8,
    "hidden": 64,
    "ppo_epochs": 4,
    "lr_ippo": 0.0005,
    "severity": 1.5,
    "log_every": 80,
    "outdir": "results"
  },
  "metrics": {
    "episode_reward": [
      30.88393302168699,
      34.5283634894709,
      34.897839989078555,
      29.5600619900558,
      31.15810980128333,
      37.47560674577642,
      35.32354582744754,
      33.53348174857803,
      38.65327971031271,
      29.767380945301742,
      43.21884942788427,
      33.85966992324427,
      39.33797228131444,
      40.58325207937096,
      40.29215583270416,
      36.62737161169451,
      36.83616340503926,
      42.55451284878785,
      31.41258957139736,
      44.11787377831839,
      34.44531508891117,
      42.33091872884999,
      41.330490018986175,
      36.958730599511846,
      41.63160364467961,
      39.177187838984885,
      40.227679592101964,
      37.971803720109165,
      40.64866526533542,
      43.08473238355172,
      38.42509987905828,
      40.79093393318151,
      42.5582200273044,
      45.537450569619786,
      42.921262301359754,
      46.570318554797126,
      43.486711236596555,
      47.22524971373434,
      45.25462035859629,
      50.35959209065059,
      48.4542148737651,
      48.72495110510955,
      47.02508270810876,
      46.46953652492832,
      50.248611714194226,
      50.51650731774668,
      50.668385312085356,
      50.58890837335756,
      50.26327182100052,
      46.40823286318534,
      49.66271453837143,
      47.58927568033753,
      50.111316415207085,
      46.71984303680563,
      60.93448273798243,
      56.295892318089834,
      53.283381104971234,
      50.091500842343635,
      52.15801073035434,
      49.28750419444927,
      57.03806959436172,
      53.69378626795694,
      58.32144389109069,
      53.362685383959814,
      56.174679215397305,
      51.78924855738882,
      50.8768142914193,
      56.586365833568095,
      52.93102311307774,
      55.995830512791905,
      50.930480979755565,
      56.34905550871044,
      55.903221308584854,
      68.50138423567019,
      58.0960311032599,
      52.0886491146353,
      61.74950427054947,
      56.45732441372757,
      57.303043025835564,
      43.04592952347466
    ],
    "sla_eMBB": [
      0.15969399663309256,
      0.15821968171745537,
      0.17041486099983255,
      0.18596730770543218,
      0.1643182831630111,
      0.48029343894993265,
      0.15885710543642442,
      0.1736798653565347,
      0.16024337166299424,
      0.1391897693835199,
      0.20901364040871462,
      0.1640577135980129,
      0.13401095778370897,
      0.17181354974086085,
      0.16536445435757438,
      0.18069002476831278,
      0.17258777361363173,
      0.1754904722236097,
      0.16273743108535807,
      0.14920457808921733,
      0.13020107957844934,
      0.20050282821059226,
      0.20138672326381007,
      0.17139693296204012,
      0.39134022446970146,
      0.1801672734009723,
      0.1646572495189806,
      0.17768683853248754,
      0.17376854185014964,
      0.14723053988069296,
      0.2758749958127737,
      0.1693406468319396,
      0.17061741946885983,
      0.18281922162820896,
      0.1731739381266137,
      0.15215123629197477,
      0.15663389179855586,
      0.185512534044683,
      0.17974957330773275,
      0.15627372896919647,
      0.1955220170132816,
      0.1649057722464204,
      0.17590779622395833,
      0.17252540954078238,
      0.18587664620329936,
      0.1327535421649615,
      0.1733477661758661,
      0.17055868189781903,
      0.17862863924354314,
      0.15520249210298062,
      0.16060963065673908,
      0.16991833234826723,
      0.15747061761717002,
      0.15880181269720198,
      0.18492993464693427,
      0.16457821485276022,
      0.17641619781032206,
      0.1711274222532908,
      0.17212741219749053,
      0.17435125892361006,
      0.16021669492746393,
      0.16001512410740057,
      0.19225788297752539,
      0.1712241901208957,
      0.15491480755309264,
      0.16955327831208705,
      0.18245913815995057,
      0.1785497202537954,
      0.17670707636202376,
      0.17749361409495273,
      0.17625742578258116,
      0.17622285826752584,
      0.17352838605021437,
      0.15820947187642256,
      0.1691067604223887,
      0.16842980158825716,
      0.17154762315253416,
      0.171479949777325,
      0.17710270813355844,
      0.1535319340787828
    ],
    "sla_URLLC": [
      0.36079219813148183,
      0.41681296601891515,
      0.42410801763335865,
      0.3452348744372527,
      0.392812543263038,
      0.2793797931075096,
      0.4320916224022706,
      0.41018023366729417,
      0.48644650662938754,
      0.5171213401854038,
      0.47722552771369614,
      0.4008957192798456,
      0.7270931925376256,
      0.5154452970127265,
      0.49564072539409004,
      0.4440616641938686,
      0.4634110162158807,
      0.5160470812022686,
      0.3668692194422086,
      0.592928030838569,
      0.8748505888382594,
      0.4651955318947633,
      0.4848881861070792,
      0.46184841701140006,
      0.32694079319636027,
      0.452937081605196,
      0.4767745428284009,
      0.46782739902536075,
      0.4925165258347988,
      0.602701573719581,
      0.3358380324145158,
      0.48960397665699323,
      0.525595420897007,
      0.5508492766320705,
      0.5140497036774954,
      0.6256629226108392,
      0.5652303487559159,
      0.5887897940476735,
      0.5438016558686892,
      0.6564744942386945,
      0.6330982452630997,
      0.629193149805069,
      0.5821143974363804,
      0.5791155984004338,
      0.6592641049623489,
      0.9534537100791931,
      0.6634788049757481,
      0.6537586798270544,
      0.685186141828696,
      0.6022759119172891,
      0.6674797402818998,
      0.6340699298183123,
      0.6563999277353286,
      0.6168209783236186,
      0.8202139647801717,
      0.7745690941810608,
      0.6890265867114067,
      0.6839491281906763,
      0.7195052361488342,
      0.6660598161816597,
      0.7989588233828545,
      0.777234624226888,
      0.6847894296050072,
      0.6995848838488261,
      0.7726098249355952,
      0.6957034607728322,
      0.6703208953142166,
      0.8052958474556605,
      0.7375603822867075,
      0.7517944860458374,
      0.725329294304053,
      0.783631867369016,
      0.7541651855905851,
      0.9161223151286443,
      0.8025967035690943,
      0.6929822067419688,
      0.8328668457269669,
      0.7888325395186743,
      0.7926707848906517,
      0.7472254071633021
    ],