{
  "args": {
    "method": "ippo",
    "drift": "multi",
    "n_agents": 10,
    "n_slices": 5,
    "horizon": 150,
    "episodes": 80,
    "seed": 0,
    "hidden": 64,
    "ppo_epochs": 4,
    "lr_ippo": 0.0005,
    "severity": 1.5,
    "log_every": 80,
    "outdir": "results"
  },
  "metrics": {
    "episode_reward": [
      12.565678706392646,
      15.185676573775709,
      13.43065565507859,
      13.399572454951704,
      13.2250319654122,
      17.84008567146957,
      14.624092667736113,
      19.622723281010984,
      15.472124601341784,
      15.54588554147631,
      13.847613783925771,
      16.48895673919469,
      14.118090822175144,
      16.308899684250356,
      20.071948531456293,
      18.997043001279234,
      17.458051219768823,
      16.581393791735174,
      15.72976675350219,
      17.449819198250772,
      17.896438813954592,
      16.552033815532923,
      17.24528475701809,
      18.36202240232378,
      20.6609065040946,
      21.470683304220437,
      25.45210037175566,
      25.51202337536961,
      26.018002944812178,
      23.943391173705457,
      26.89230113532394,
      28.656832815147936,
      28.097920006327332,
      28.25764987207949,
      31.302321664243937,
      36.951296787522736,
      32.542747096344826,
      33.16966617982835,
      35.40576013047248,
      35.442435558885336,
      25.019250378385188,
      36.554146480001506,
      36.98633273672313,
      40.827109868079425,
      36.88336459118873,
      38.31992193963379,
      40.48016521614045,
      41.024380629323424,
      41.28158590923995,
      41.33272994440049,
      39.75228508803993,
      40.72153042461723,
      44.64084581658244,
      40.1657616911456,
      30.62134748250246,
      42.556259331293404,
      41.852898792736234,
      42.472774364799264,
      43.49691652860493,
      42.67955129630864,
      44.614529674313964,
      44.78484242949635,
      44.23264030776918,
      45.62648400720209,
      47.74455149248242,
      45.35972273014486,
      44.764628124795856,
      47.7281498266384,
      44.90699484832585,
      46.72983126807958,
      47.82323681320995,
      46.48640204481781,
      46.01791143994778,
      45.724476500973104,
      45.83432252556086,
      46.11035342514515,
      47.95074700098485,
      45.36343581788242,
      34.965278225019574,
      44.293916415050624
    ],
    "sla_eMBB": [
      0.10104245984305939,
      0.09425912603735924,
      0.09440205533678334,
      0.08262217337265611,
      0.09826831662406524,
      0.09751397233611593,
      0.09435777451202738,
      0.07845275238156318,
      0.1091742351775368,
      0.08943990673869848,
      0.09267162087994317,
      0.09956402390884857,
      0.0857778786122799,
      0.09394203205282489,
      0.07961759717514118,
      0.10574244928856691,
      0.08698484199742476,
      0.09172046306853493,
      0.09547500522496799,
      0.07521444399220248,
      0.09039910368310909,
      0.08428644770756363,
      0.08594188155606389,
      0.06564273881725967,
      0.05893086226967474,
      0.0770386965914319,
      0.07350312616520872,
      0.07067664627296229,
      0.07426300846661131,
      0.0738295941396306,
      0.07404706892867884,
      0.06956073010961215,
      0.06675816717557609,
      0.09755213901090125,
      0.061073600854724644,
      0.07472308967262506,
      0.05553005392663181,
      0.06189125444740057,
      0.054301870272805294,
      0.05788425994105637,
      0.04473845000378787,
      0.053852598685771226,
      0.05292233346030116,
      0.05552748486399651,
      0.05185586619811754,
      0.049131416659802196,
      0.04803256714095672,
      0.05450415960939912,
      0.05058463480944435,
      0.04280233846356472,
      0.049342517331242564,
      0.04112002605261902,
      0.04856357699783984,
      0.04227146958466619,
      0.03519328548572957,
      0.04059246417445441,
      0.04067009732980902,
      0.039822835886540515,
      0.03705304312364509,
      0.03896157959282088,
      0.03833555109488467,
      0.031386786460255583,
      0.02682115345261991,
      0.021562513392418624,
      0.024840114085624615,
      0.021721947661911448,
      0.018525104854876795,
      0.020647630204136173,
      0.017121473671868444,
      0.016414814380307993,
      0.019255098197609188,
      0.015285228826105595,
      0.0161960115407904,
      0.01647740591317415,
      0.011944398113215963,
      0.013384254174306989,
      0.013074761576911745,
      0.016637836300457516,
      0.01023481201690932,
      0.012978378437304249
    ],
    "sla_URLLC": [
      0.15777839073290428,
      0.2252219282835722,
      0.16178488368789354,
      0.2612216322061916,
      0.17194192871451378,
      0.1737828136732181,
      0.20777919667462508,
      0.34661913839479286,
      0.16826544975241026,
      0.20546732276678084,
      0.1980433155534168,
      0.22028180748224258,
      0.20384169245759645,
      0.21372437914212544,
      0.33109798120955625,
      0.20990691035985948,
      0.23312956164280574,
      0.20175981772442658,
      0.22862011854847272,
      0.245217188646396,
      0.23637451278666655,
      0.2619988483190536,
      0.2398822804540396,
      0.223871962154905,
      0.5677556378642717,
      0.246236436466376,
      0.30680372764666874,
      0.32566225091616313,
      0.3458173906306426,
      0.2977733595172564,
      0.34855974634488424,
      0.3677489503721396,
      0.3306337552766005,
      0.34788020531336467,
      0.34952203010519345,
      0.4009193723400434,
      0.41835243652264276,
      0.3974704931179682,
      0.44376354237397514,
      0.42964559962352117,
      0.6673503416776657,
      0.4961119573314985,
      0.4867400300502777,
      0.547517403960228,
      0.45652443379163743,
      0.4929254299402237,
      0.5243902106086413,
      0.48505238463481265,
      0.5246165889501572,
      0.49719020505746203,
      0.5284228495756785,
      0.5203985729813576,
      0.5128633538881938,
      0.49685520976781844,
      0.5447444527347882,
      0.5016724449396134,
      0.359743382136027,
      0.5349223709106445,
      0.5117896590630213,
      0.5233501250545184,
      0.5924571830034256,
      0.5701245349645615,
      0.6050820642709732,
      0.5501163842280706,
      0.675644873380661,
      0.559130875368913,
      0.5400824315349261,
      0.6057956620057424,
      0.5630780200163523,
      0.6087558768192927,
      0.553376122713089,
      0.6272685050964355,
      0.592707074979941,
      0.5849884541829428,
      0.5589270351330439,
      0.5959312768777212,
      0.6211818857987722,
      0.564717043240865,
      0.5746552294492722,
      0.8790664390722911
    ],