{
  "args": {
    "method": "ippo",
    "drift": "multi",
    "n_agents": 3,
    "n_slices": 3,
    "horizon": 150,
    "episodes": 80,
    "seed": 8,
    "hidden": 64,
    "ppo_epochs": 4,
    "lr_ippo": 0.0005,
    "severity": 1.0,
    "log_every": 80,
    "outdir": "results"
  },
  "metrics": {
    "episode_reward": [
      32.20122699749967,
      37.523179460316896,
      36.479648730407156,
      30.71014986249308,
      31.92768878551821,
      33.680485781903066,
      37.16961585792402,
      35.359636564428605,
      39.63708186460038,
      31.658786588658888,
      45.03775862914821,
      35.07991340818504,
      40.66508804820478,
      41.36203040803472,
      43.15380011064311,
      38.316614062835775,
      37.98236717532078,
      44.60409424391886,
      32.884507428854704,
      50.16653688438237,
      35.413393465181194,
      42.8953860240678,
      42.80398374423385,
      37.85456341442963,
      40.14945103538533,
      41.395497508347034,
      41.796893225361906,
      38.68786968601247,
      45.323017501582704,
      46.546595177302756,
      36.78725186300775,
      42.7955169181029,
      43.68237550059954,
      46.22976561573645,
      44.55266669640938,
      48.657592851668596,
      44.74928083457053,
      48.84038029114405,
      46.643315575396024,
      50.9651397112757,
      49.49165478038291,
      48.0881860870868,
      49.05386760147909,
      47.20938275568187,
      51.61999115223686,
      51.03866000473499,
      55.53393098215262,
      53.55005713800589,
      55.34059816226363,
      48.27586804702878,
      55.38585860654712,
      54.546215031296015,
      52.74988436202208,
      48.75982812792063,
      64.86531708886226,
      59.5334179289639,
      57.03441246598959,
      51.17154681868851,
      55.693487683311105,
      49.28539991006255,
      64.65106791692476,
      58.216804115101695,
      60.46590421472987,
      57.18972910568118,
      58.269845278312765,
      53.998163002853595,
      53.925954301531114,
      63.20398279776176,
      62.4821364680926,
      62.38185935591658,
      57.375972516834736,
      65.2488331583639,
      60.61083244594435,
      70.3089123678704,
      65.91916422483821,
      60.24654416305324,
      64.50008892516296,
      61.323156061271824,
      64.56724077276886,
      46.56511662465831
    ],
    "sla_eMBB": [
      0.16058775005241235,
      0.15615072563290597,
      0.17002235036343336,
      0.18794529346749186,
      0.1627040357577304,
      0.21710484345133105,
      0.15858350796004136,
      0.1733647922736903,
      0.15964433704813322,
      0.14622248305007815,
      0.1943134405463934,
      0.16229883822302024,
      0.13779959581792356,
      0.16552935631324847,
      0.15970839623361827,
      0.17931419190019368,
      0.16486329345653455,
      0.17072997825220226,
      0.1633122822890679,
      0.1432924555055797,
      0.13568367985387644,
      0.1929103731736541,
      0.1990447952101628,
      0.16818225972975293,
      0.19009099726875622,
      0.17665779455254474,
      0.16113538586845,
      0.17486125667889912,
      0.17599162636945645,
      0.14554002133508523,
      0.17801440360645454,
      0.1652993490671118,
      0.17001894944657883,
      0.17841833208998045,
      0.16853230891128382,
      0.15218490560228626,
      0.15874425527329247,
      0.17903553143143655,
      0.17456973345329363,
      0.1442159735535582,
      0.18292197744051616,
      0.1525156558305025,
      0.1669908333942294,
      0.1672702317064007,
      0.1802476329356432,
      0.1378498529146115,
      0.16004781721159816,
      0.17267731369783482,
      0.16222992181777954,
      0.15493435750404994,
      0.15994802342106898,
      0.16021202715734642,
      0.14123560396954418,
      0.14481077464918296,
      0.17427712908014656,
      0.15704814571887254,
      0.16789452185233433,
      0.16042131936177612,
      0.1559986409296592,
      0.16305501156797012,
      0.1552146120245258,
      0.15362710339327654,
      0.1831047377983729,
      0.14902387304852407,
      0.14489868650833765,
      0.15587286199132602,
      0.154252791441977,
      0.15878727570176124,
      0.15736134491860868,
      0.15142116624861957,
      0.15696368402491012,
      0.14637781559179228,
      0.14052341293543577,
      0.1365874191497763,
      0.1464040250579516,
      0.14148823272436858,
      0.13894159256170194,
      0.14666166841983796,
      0.15201667991777262,
      0.13063233178729813
    ],
    "sla_URLLC": [
      0.3677605091035366,
      0.48401768480738006,
      0.43133490016063053,
      0.3483071841299534,
      0.39759522195284563,
      0.29829119428992273,
      0.4479894143529236,
      0.4350489611426989,
      0.4867924448599418,
      0.5270306551953157,
      0.4941627568254868,
      0.41798671409487725,
      0.7378747421503067,
      0.521442290743192,
      0.5374944337892036,
      0.46571651422729093,
      0.46875100349386534,
      0.5431296214880422,
      0.3741595856845379,
      0.7035648826758066,
      0.8770764482021332,
      0.4720008885363738,
      0.4953971619904041,
      0.4794075846920411,
      0.3561756170789401,
      0.49639230584104854,
      0.506992739935716,
      0.47158623978495595,
      0.5744721650580565,
      0.6764776161313057,
      0.34499713162581125,
      0.514520737528801,
      0.5558803797264894,
      0.5476798895994822,
      0.5413445732494195,
      0.6593524638315041,
      0.5789558357497057,
      0.6152504187822342,
      0.5552579768995444,
      0.6683417969942093,
      0.6640823842088381,
      0.6270086196064949,
      0.5992623507976532,
      0.5886380310356617,
      0.6809924184282621,
      0.9515862476825714,
      0.7685517201324304,
      0.6982889113823573,
      0.771223651766777,
      0.6372635659078757,
      0.7566533092657725,
      0.745167750120163,
      0.7188628699382146,
      0.6744567803541819,
      0.8830169230699539,
      0.8330800547202428,
      0.7391789733370145,
      0.7357560926675797,
      0.7683537545800209,
      0.6582333166400591,
      0.8640200742085775,
      0.7957388110955557,
      0.7082001507282257,
      0.7456783783435822,
      0.8222646218538284,
      0.7409864977002144,
      0.7302955291668574,
      0.8765971044699351,
      0.8652102239926656,
      0.8427250190575918,
      0.8131373071670532,
      0.8954058714707692,
      0.8271988479296366,
      0.9468972988923391,
      0.9020760651429495,
      0.8186426512400309,
      0.8830363595485687,
      0.8549675369262695,
      0.8825849229097367,
      0.8213446607192357
    ],