{
  "args": {
    "method": "ippo",
    "drift": "multi",
    "n_agents": 3,
    "horizon": 150,
    "episodes": 80,
    "seed": 1,
    "hidden": 64,
    "ppo_epochs": 4,
    "lr_ippo": 0.0005,
    "severity": 0.5,
    "log_every": 80,
    "outdir": "results"
  },
  "metrics": {
    "episode_reward": [
      41.37682526204738,
      38.56442393867506,
      41.60352759350919,
      43.17103696202653,
      35.12384509105856,
      44.18704917394143,
      45.740331824496394,
      43.06986393869898,
      40.36940497766353,
      34.43121863670853,
      40.24734860546891,
      42.60412082997046,
      43.61905080542977,
      44.237332311603744,
      40.22122273675891,
      44.63955484795283,
      41.188744737621825,
      45.58245056075457,
      40.0071657889626,
      47.55008123104409,
      56.59643830395718,
      51.07878340987694,
      50.98181053047171,
      53.25559814030098,
      47.31274390033343,
      53.52768454022913,
      60.01490279285031,
      55.34345664659825,
      49.739817243317766,
      47.173904511373884,
      59.01935010212992,
      69.31085143583933,
      57.322500708068,
      62.11857276055962,
      68.08319014025231,
      61.80430747189873,
      65.4630192125216,
      51.826417008063025,
      61.97115631983099,
      69.35432598390098,
      62.8288780802033,
      63.64732554376956,
      75.3980619247382,
      69.68760549738589,
      61.58172150203029,
      62.38265059277828,
      59.464016751365534,
      72.73531188830319,
      66.63643415248175,
      62.24754424281417,
      58.58732284230902,
      63.16956819784311,
      63.81277965191337,
      49.82995773466924,
      58.486585406405425,
      39.05270595411871,
      68.4193236733063,
      69.0228464218478,
      65.42233572771983,
      69.22640716374544,
      63.10247681598282,
      70.10060363898263,
      68.2042388501267,
      60.10154955420228,
      68.48247167877857,
      71.35817858833413,
      69.10066395504408,
      69.28620814869397,
      70.55766274972517,
      68.69008029097078,
      67.41923495683209,
      67.28901877138354,
      52.59840864725413,
      69.84225707804377,
      69.93984193919856,
      77.18684228896683,
      70.7448449811899,
      67.02336946220346,
      68.07958473128582,
      68.47683725541253
    ],
    "sla_eMBB": [
      0.17082849061737457,
      0.16509028943876425,
      0.1571422840220233,
      0.15668103102594613,
      0.14200402752806743,
      0.15509466143945852,
      0.18166044724484284,
      0.16058145017673572,
      0.15170736217871308,
      0.15011361631254355,
      0.1771130581572652,
      0.15730157752210897,
      0.1512834170460701,
      0.15901688774426778,
      0.14111761786043645,
      0.14360594055304923,
      0.15577586743980645,
      0.15665322847664356,
      0.15492475888381402,
      0.1495937490587433,
      0.1773153557255864,
      0.14954697966575622,
      0.16116190566370883,
      0.1543714666366577,
      0.13726339966058732,
      0.13999124714483818,
      0.14389777752260366,
      0.13198149971663953,
      0.13691231268768508,
      0.1339631906648477,
      0.130656907496353,
      0.1641050864631931,
      0.14296003772566715,
      0.11865586239844561,
      0.13345424853265286,
      0.13081841219216586,
      0.1409686711182197,
      0.1147785274622341,
      0.12141116303702196,
      0.13627908530334631,
      0.1361959808692336,
      0.1204748731913666,
      0.13648041618367035,
      0.15635448763767879,
      0.12748007910947004,
      0.13253760006278753,
      0.1293148110806942,
      0.1393272890150547,
      0.1564008992910385,
      0.14121806563188632,
      0.1332271278028687,
      0.12168670319020748,
      0.13776069610069194,
      0.10750932602832715,
      0.13302614060540993,
      0.11985337676480412,
      0.12054291922599077,
      0.1102160577600201,
      0.12848379065593082,
      0.13289787961170077,
      0.13433048859238625,
      0.138891414043804,
      0.13284560156365235,
      0.12187956925481558,
      0.13156925356636445,
      0.12228655154506365,
      0.1222421532869339,
      0.10508838249991337,
      0.10712503666679064,
      0.1282716968903939,
      0.11860183111081521,
      0.12301765118415157,
      0.10726633753627539,
      0.12416376370936633,
      0.11253847572952509,
      0.15170890795687833,
      0.13137884089102347,
      0.12117636347810427,
      0.13726958498358727,
      0.15780164944628874
    ],
    "sla_URLLC": [
      0.4664015469948451,
      0.4616337465743224,
      0.49299541973819333,
      0.523097176849842,
      0.404819933027029,
      0.7881777737538019,
      0.5085498807827632,
      0.5273413385575016,
      0.4822359104454517,
      0.41292701387157044,
      0.41794856955607734,
      0.5580025398234526,
      0.516470686942339,
      0.5591585976878802,
      0.5177638503412406,
      0.5526793913543224,
      0.4945591782530149,
      0.6231724781791369,
      0.48293411046266554,
      0.6085006508727868,
      0.5881591820716858,
      0.6871076681216558,
      0.6935696927706401,
      0.5699898462494214,
      0.6739055815835794,
      0.6710117580493291,
      0.8197119470437367,
      0.6372708250085513,
      0.6561621444423994,
      0.8950316313902537,
      0.8501228229204814,
      0.6878467455506325,
      0.8200033340851466,
      0.8863204189141591,
      0.7971838434537252,
      0.6757823747396469,
      0.8996067372957866,
      0.8635933075348536,
      0.8610432314872741,
      0.8454102967182795,
      0.854938749273618,
      0.8519178106387456,
      0.9021748578548432,
      0.7982456282774607,
      0.8510512367884318,
      0.8786996034781138,
      0.8166769576072693,
      0.8510375642776489,
      0.7737188061078389,
      0.8837098276615143,
      0.8340927320718765,
      0.8708192137877147,
      0.8947781725724538,
      0.9602744177977244,
      0.7816552658875783,
      0.9464786179860433,
      0.9504793842633565,
      0.9576255559921265,
      0.8917755593856176,
      0.9580819296836853,
      0.8928803817431132,
      0.9452500609556834,
      0.9225474071502685,
      0.8476510930061341,
      0.9378571752707163,
      0.9623142917950948,
      0.9332305939992269,
      0.9583989139397939,
      0.9710079034169515,
      0.8955918141206105,
      0.9435899257659912,
      0.9482571065425873,
      0.8962809407711029,
      0.9588518742720286,
      0.9720059402783712,
      0.9156017537911733,
      0.9584440946578979,
      0.9387839635213217,
      0.921048405567805,
      0.9147837388515473
    ],