{
  "args": {
    "method": "ippo",
    "drift": "multi",
    "n_agents": 6,
    "n_slices": 5,
    "horizon": 150,
    "episodes": 80,
    "seed": 1,
    "hidden": 64,
    "ppo_epochs": 4,
    "lr_ippo": 0.0005,
    "severity": 1.5,
    "log_every": 80,
    "outdir": "results"
  },
  "metrics": {
    "episode_reward": [
      12.418033118049303,
      15.574282060066858,
      16.484347680273157,
      18.563770630086463,
      16.784023467140894,
      20.733097864935797,
      13.893299202124277,
      13.288970658866068,
      17.098937975242734,
      14.106759937480092,
      13.679170986327032,
      16.341232017613947,
      14.330272262295088,
      18.03396948520094,
      14.646284764011702,
      20.82300636637956,
      19.382032432903845,
      16.334399219291907,
      14.498394592975577,
      20.889186568868656,
      17.163756938340764,
      16.771351299559075,
      21.370642352849245,
      18.74414928940435,
      18.286732772986095,
      19.66203288019945,
      20.446627233177423,
      25.461831876076758,
      22.665187956454854,
      23.789502046691876,
      24.84938088649263,
      24.209630958735943,
      28.924208332784474,
      23.78513701353222,
      26.13244113791734,
      28.642445968464017,
      31.66433878056705,
      30.30968026847889,
      28.62326578019808,
      31.282526121785242,
      31.727702760448057,
      32.10171789024025,
      35.17206226848066,
      33.781889465016626,
      35.10243501638373,
      37.307929921274386,
      37.93252745177597,
      41.17398723276953,
      38.32212307366232,
      41.71472636113564,
      41.33547594677657,
      41.06979242898524,
      42.39310332387686,
      30.932351121989388,
      45.47570797614753,
      42.54038730543107,
      50.50303690818449,
      46.04315755640467,
      46.38616945594549,
      44.69322031208625,
      45.23370537968973,
      45.96051048704734,
      46.43624380261948,
      47.04038329795003,
      42.58310278194646,
      46.15712634474039,
      46.70156002230942,
      44.95970224837462,
      30.56307979300618,
      47.15049824553231,
      47.85454982922723,
      32.94745187275112,
      48.25062845336894,
      46.96096504603823,
      49.76475891843438,
      60.93110906208555,
      46.91634968699267,
      53.757634657124676,
      48.11591172466675,
      46.92396543143938
    ],
    "sla_eMBB": [
      0.10106770092000564,
      0.10175968241567412,
      0.1034058396394054,
      0.0804543039140602,
      0.1334136542895188,
      0.10074230174844463,
      0.09465153656899929,
      0.09645048717036843,
      0.09630209460233649,
      0.09213798119376103,
      0.10846918982764085,
      0.11582770748063922,
      0.10371954374015331,
      0.10779221301277478,
      0.095643565064917,
      0.09347008768469095,
      0.10142383854836226,
      0.0954127786308527,
      0.0969412858163317,
      0.12128351787726084,
      0.09625618641264737,
      0.08932394444321592,
      0.09479784920190772,
      0.10028786501536767,
      0.09741243207206329,
      0.0801111060132583,
      0.09388989140590032,
      0.08492561561055481,
      0.08362188375244538,
      0.0710635827233394,
      0.0719993789307773,
      0.07662651743118962,
      0.07633262521975363,
      0.07471423232927918,
      0.06608076345796386,
      0.07094261754304171,
      0.05530142179379861,
      0.06198844200000167,
      0.058302291383345924,
      0.05706957236242791,
      0.04728010523249395,
      0.06491697709386547,
      0.04144749632105231,
      0.04549442644541462,
      0.045215461011976,
      0.04360533990586797,
      0.032639619909847775,
      0.03607154866370062,
      0.04010849021297569,
      0.0366935057612136,
      0.03389937948435545,
      0.022669398145129284,
      0.0342763268823425,
      0.023318882938474415,
      0.02573145894644161,
      0.024074653598169484,
      0.02343973154978206,
      0.02277460230514407,
      0.022957483970870576,
      0.021361057919760545,
      0.014959668361892303,
      0.018405981926868358,
      0.024839891561617453,
      0.023008322839935622,
      0.026217898751298586,
      0.020311251984288296,
      0.016913792564688872,
      0.019800658068464448,
      0.02005013504376014,
      0.01673190259064237,
      0.01613738150646289,
      0.012071501625080904,
      0.015638142401973407,
      0.01315255530178547,
      0.015806683742751678,
      0.012135953716933727,
      0.014186368469769756,
      0.015991967596734564,
      0.012405069591477514,
      0.009236923959106207
    ],
    "sla_URLLC": [
      0.17371402439971764,
      0.18936551677916819,
      0.1606606679658095,
      0.34408991573378445,
      0.19755349991222224,
      0.33571974898378054,
      0.19565167019764582,
      0.16880996592342853,
      0.24629152369995913,
      0.16679397157082956,
      0.15133810810744763,
      0.21404090198377768,
      0.15919438243533174,
      0.15460869030406077,
      0.18293108234802882,
      0.37396921100715796,
      0.17543889986972014,
      0.19974610010472438,
      0.18424551109472911,
      0.24461304438610873,
      0.2043496185168624,
      0.26674831283589207,
      0.26026965253055095,
      0.23200073681771755,
      0.17826285516222318,
      0.22258040996889272,
      0.22295711422959963,
      0.2286375650515159,
      0.2299331120401621,
      0.2977635130286217,
      0.3249982962757349,
      0.2862358228613933,
      0.2506212861587604,
      0.32009891733527185,
      0.30705351442098616,
      0.3473868328332901,
      0.36318358483413854,
      0.35862186131378015,
      0.32415736027061937,
      0.3540232633550962,
      0.3976274271061023,
      0.35445892353852587,
      0.306010404403011,
      0.37972142013410726,
      0.4186122013131777,
      0.4438891229530176,
      0.4376388997832934,
      0.5249033928414186,
      0.44732107535004617,
      0.5077274491886298,
      0.36837704668442406,
      0.5626176217198372,
      0.5515467712283134,
      0.5537420151631037,
      0.6070370294650396,
      0.5457636142770449,
      0.595951480915149,
      0.5980318421125412,
      0.5459196147322655,
      0.5750492558876673,
      0.3856586666901906,
      0.602865551908811,
      0.6655100122094154,
      0.5961419383684794,
      0.9085587898890177,
      0.61798078139623,
      0.6329983108242353,
      0.5796005152662596,
      0.9273734207948049,
      0.6433000457286835,
      0.5961566983660063,
      0.6050029623508454,
      0.6485716185967128,
      0.6194452376166979,
      0.6597229264179866,
      0.6080028726657232,
      0.6230484153827032,
      0.6498806178569794,
      0.6324958083033562,
      0.6312458550930024
    ],