{
  "args": {
    "method": "ippo",
    "drift": "multi",
    "n_agents": 3,
    "n_slices": 3,
    "horizon": 150,
    "episodes": 80,
    "seed": 3,
    "hidden": 64,
    "ppo_epochs": 4,
    "lr_ippo": 0.0005,
    "severity": 1.0,
    "log_every": 80,
    "outdir": "results"
  },
  "metrics": {
    "episode_reward": [
      34.89079651795328,
      33.166246480618916,
      34.327928982675076,
      38.344434382393956,
      33.6857659034431,
      34.886954502513014,
      35.93435605739554,
      35.898011138662696,
      35.562536016106606,
      38.1394561175257,
      42.153083457921944,
      41.2062216270715,
      40.067646853004895,
      39.26515741335849,
      39.33067844808102,
      40.45608171323935,
      42.526279563705124,
      38.68116642907262,
      40.747665551801525,
      43.8826558906585,
      44.148098700369395,
      43.06737653662761,
      41.48845974293848,
      43.19981428484122,
      39.11519696066777,
      41.22343836290141,
      41.17630073055625,
      44.590171905855335,
      39.232193902755775,
      45.46010220237076,
      46.96233770934244,
      41.207021502157055,
      35.85314942523837,
      44.683605916798115,
      43.152195834865175,
      45.83136437088251,
      46.11606009863317,
      47.32206912338734,
      51.880308685203396,
      45.14394889399409,
      49.600250625362,
      52.601590648293495,
      45.83861146743099,
      47.23576374351978,
      46.496403409789,
      49.32902958057821,
      47.415869656950235,
      50.45503852578501,
      49.06181773232917,
      49.18156002275646,
      51.936275693277516,
      51.00384610146284,
      54.631194007893406,
      52.236740723873176,
      53.14253256097436,
      53.041478376835585,
      55.90831307756404,
      49.47724976763129,
      51.41416933822135,
      53.99903539568186,
      38.194417495280504,
      50.9127947849532,
      57.618658309181534,
      48.12385084542135,
      50.0652245413512,
      53.93810875589649,
      49.54370982324084,
      52.24959002931913,
      55.473531472186245,
      61.833676562954984,
      54.86417299012343,
      49.393962405001126,
      51.60471830765406,
      49.42061529929439,
      58.553692389279604,
      54.53280261531472,
      49.6639211277167,
      49.45993577068051,
      49.683958150446415,
      58.510246419658266
    ],
    "sla_eMBB": [
      0.16060415615638096,
      0.1862859401727716,
      0.15696894707779088,
      0.19035146798938513,
      0.17769910493244728,
      0.16115190797795853,
      0.1557796594252189,
      0.17604129947101077,
      0.1691852549215158,
      0.1618846699098746,
      0.18869646900333464,
      0.17048743283996978,
      0.16211576680963238,
      0.16593277671684822,
      0.1365683840215206,
      0.16801488146185875,
      0.14893384682635466,
      0.1509765770783027,
      0.175943910839657,
      0.1628548465669155,
      0.15821629573280613,
      0.16356754407907526,
      0.1900277130305767,
      0.15255962218157948,
      0.1813094516346852,
      0.1636361111079653,
      0.26483930219120033,
      0.17714189901947974,
      0.1678901046141982,
      0.18248357112209002,
      0.17593488167971372,
      0.16551532406359912,
      0.13178136114031078,
      0.20442019013067086,
      0.18418766329685846,
      0.17916711405540506,
      0.18019817695021628,
      0.1937714056422313,
      0.21143686530490716,
      0.1781651836882035,
      0.1748021799698472,
      0.18770804837346078,
      0.18117694130788248,
      0.1732510327299436,
      0.16123505170146624,
      0.1890243770306309,
      0.1902887225151062,
      0.17052042322854202,
      0.17386248320961992,
      0.18205256113161644,
      0.16458695330967507,
      0.19372283738106488,
      0.20166786814729373,
      0.16932371510813635,
      0.18378376699984073,
      0.171520681536446,
      0.19039276147882145,
      0.17687448573609194,
      0.1735987015068531,
      0.1913328854367137,
      0.1335779642003278,
      0.172944638133049,
      0.17780451251814763,
      0.17776907298713923,
      0.19309835019210975,
      0.1856471301491062,
      0.18061274893581866,
      0.20817498142520588,
      0.2413218627870083,
      0.32222919727365174,
      0.20468116684506338,
      0.21442400003472964,
      0.2295862666517496,
      0.24654710970818997,
      0.21972054837892452,
      0.23514986736079058,
      0.22327713631093501,
      0.21803044447054465,
      0.22617605517307918,
      0.23134244193633396
    ],
    "sla_URLLC": [
      0.40799760349715747,
      0.30059399823347727,
      0.40979095141092936,
      0.43099419688185053,
      0.3067310344676177,
      0.42063728886966906,
      0.43071650331219036,
      0.4434412972132365,
      0.4402020938570301,
      0.48616636643807093,
      0.500533945709467,
      0.48810767829418183,
      0.4848613665501277,
      0.4828771688789129,
      0.7347252461314201,
      0.492939829180638,
      0.5291011304159959,
      0.4893517359470328,
      0.5048884261151155,
      0.5732271171112855,
      0.5402173036833604,
      0.7963981765508652,
      0.4476035108665625,
      0.5523497493565083,
      0.49476761725420754,
      0.4940164516369502,
      0.3590984060863654,
      0.5493715765575568,
      0.5240157041201989,
      0.5261358718574047,
      0.5913786573211351,
      0.5369158281882604,
      0.8819478974739711,
      0.4857504028081894,
      0.3981876511375109,
      0.5734173472225667,
      0.5553411281605561,
      0.5950734669963519,
      0.556833571344614,
      0.5597272550066312,
      0.9133827090263367,
      0.6691051714122296,
      0.5656790527701377,
      0.6013472804923853,
      0.7329911101857821,
      0.6068053812781969,
      0.6291847184300423,
      0.6284637956817944,
      0.6212137593825658,
      0.6545028000076611,
      0.6895316820343336,
      0.6807837697863579,
      0.6559226302305857,
      0.7378091585636138,
      0.7229136210680008,
      0.7175869003931681,
      0.7054757812619209,
      0.702494100034237,
      0.7091912986834844,
      0.7360154321789741,
      0.9732847277323405,
      0.6894068720936776,
      0.8212074832121531,
      0.5927273247639339,
      0.6621511004368464,
      0.7229052992661794,
      0.6575173596541087,
      0.7571776671210925,
      0.7446301068862279,
      0.598427219192187,
      0.695586737493674,
      0.5918693715333938,
      0.6067005919416746,
      0.5991966331005096,
      0.7228243019183477,
      0.6754587276776631,
      0.5923226943612099,
      0.591324386994044,
      0.594687818090121,
      0.7377468407154083
    ],