{
  "args": {
    "method": "mappo",
    "drift": "multi",
    "n_agents": 10,
    "n_slices": 5,
    "horizon": 150,
    "episodes": 80,
    "seed": 0,
    "hidden": 64,
    "ppo_epochs": 4,
    "lr_ippo": 0.0005,
    "severity": 1.5,
    "log_every": 80,
    "outdir": "results"
  },
  "metrics": {
    "episode_reward": [
      14.249074165709317,
      13.889540934748947,
      13.651204939559102,
      12.437716904468834,
      13.166182843409478,
      17.267421066947282,
      14.18870286811143,
      19.023310964927077,
      14.963445165753365,
      13.47104261815548,
      13.990225503593683,
      15.100655821152031,
      13.232914285734296,
      13.346729321219026,
      18.897987294197083,
      16.417225255444645,
      14.430446697026492,
      12.838138631172479,
      12.951304034143686,
      14.034672391973436,
      13.634984102472663,
      12.844923616759479,
      12.82673229407519,
      14.605139406956733,
      13.98876515533775,
      12.899297801591455,
      16.1224472053349,
      15.388861447013914,
      15.772590959630907,
      13.53765095937997,
      14.388077665306628,
      15.42795634213835,
      14.1858604952693,
      13.349416862428189,
      14.300788092426956,
      17.850982924178243,
      15.86575857885182,
      15.22573428414762,
      16.294140003062786,
      13.497849000431597,
      15.029247068613767,
      15.210249073058367,
      17.833824582025407,
      16.720452913828193,
      16.821021359413862,
      19.885147814825178,
      18.557046871073545,
      16.747281472757457,
      18.36924699433148,
      19.539631946384908,
      16.375564564578234,
      19.028279812820255,
      20.133630839921533,
      17.137848381325604,
      20.08516081646085,
      18.558460307493807,
      19.342353106103836,
      19.136131969839333,
      18.249994176626206,
      18.091744792833925,
      18.677965682558714,
      19.765893468260764,
      17.418231328763067,
      17.01703159790486,
      20.211182379722594,
      19.193825913965703,
      18.477412979118526,
      18.76602417808026,
      17.624236415699123,
      20.273723262734713,
      17.18828093186021,
      19.987247683480383,
      19.107059026136994,
      20.67663154490292,
      19.84874291140586,
      20.415373857878148,
      16.953803689032792,
      21.23824097905308,
      21.68768184352666,
      17.00589539613575
    ],
    "sla_eMBB": [
      0.09399958085268736,
      0.09318472397203247,
      0.09171579926585158,
      0.0853680186221997,
      0.09240893164028724,
      0.10889671365420024,
      0.09738343559205533,
      0.07261591580385963,
      0.10453806626300018,
      0.08871059813536704,
      0.09024961496392886,
      0.09054754919062058,
      0.0850731778331101,
      0.09585760330160459,
      0.06781670811896523,
      0.10766172581662735,
      0.09319783460348845,
      0.09326571845759948,
      0.09355666620035966,
      0.08639186735226152,
      0.08938014648544292,
      0.08717092278103034,
      0.09599105805158616,
      0.07224442865699529,
      0.06748017515987158,
      0.09534316191449761,
      0.08815750763945591,
      0.09250842809677123,
      0.0878745452252527,
      0.09153080607453982,
      0.09045758562162519,
      0.09434926736479005,
      0.08818989894973735,
      0.12474388482049108,
      0.08620846545323729,
      0.11734826104094585,
      0.08573342639332017,
      0.10185334776217739,
      0.09592380839089552,
      0.09583869501327474,
      0.07832621437497438,
      0.09537539678936204,
      0.09731609015415112,
      0.09402427552888791,
      0.08487038703324894,
      0.08011899977611998,
      0.09215841295508047,
      0.08740840370456378,
      0.08693809624140461,
      0.08616130519658327,
      0.08999246450761954,
      0.08166068916829924,
      0.09472035302470128,
      0.08824979448070129,
      0.066034075099354,
      0.08183857705444098,
      0.1506331348605454,
      0.08862590241866806,
      0.08086786565060416,
      0.08810370358948906,
      0.09254484975089629,
      0.09103986853733659,
      0.08784600900796552,
      0.09136516379658133,
      0.09263780610635877,
      0.08927361414767802,
      0.08688388062951466,
      0.0847485182993114,
      0.0885250781973203,
      0.09276848751741151,
      0.09370170766177277,
      0.08076006792485714,
      0.097068142251422,
      0.08821463648229838,
      0.08134329673834145,
      0.08550231460792324,
      0.08787492993598182,
      0.08837161370863517,
      0.06423204575975736,
      0.07992731062384943
    ],
    "sla_URLLC": [
      0.1959238123645385,
      0.2252977029979229,
      0.1878587660441796,
      0.2051427379498879,
      0.1690889468183741,
      0.17420025045673052,
      0.21175696361189086,
      0.3395257723083099,
      0.17496985075374444,
      0.19190460433562598,
      0.20325923452774683,
      0.208778601984183,
      0.19901696006457012,
      0.17297546642522016,
      0.3309483839571476,
      0.1600335548321406,
      0.20665425134201845,
      0.18324079817160965,
      0.18176048872371514,
      0.20433072591821352,
      0.1810521235316992,
      0.22439365518589816,
      0.18123565981785456,
      0.18097934772570928,
      0.38086000110954044,
      0.17668562301745017,
      0.22101276208957035,
      0.20983564093708992,
      0.23225712351500988,
      0.20141073276599247,
      0.1978162495791912,
      0.21195387301345667,
      0.17724432495733103,
      0.16344547641774018,
      0.17598237213989099,
      0.20398727655410767,
      0.19569321140646934,
      0.1795126484334469,
      0.20779819657405219,
      0.16931340237458548,
      0.27785337512691816,
      0.19680842014650504,
      0.27345394312093657,
      0.21757501110434532,
      0.23876656740903854,
      0.31960925017793973,
      0.2208018324524164,
      0.22597065376738706,
      0.2637837639947732,
      0.2871933556099733,
      0.20848744206751385,
      0.2267559619496266,
      0.2744791206220786,
      0.24786596228679023,
      0.37032449247936405,
      0.2347839601834615,
      0.19794632037480672,
      0.2840812496344248,
      0.2722166530787945,
      0.24121968497832616,
      0.2527701565623283,
      0.23234966494143008,
      0.27428623256584006,
      0.2488503317286571,
      0.31022531864543756,
      0.22013115011155604,
      0.20770072057843209,
      0.26976906972626846,
      0.2597217212120692,
      0.26541900078455605,
      0.24397210128605365,
      0.25874545713265734,
      0.2769725206245979,
      0.32393768111864724,
      0.3192461978147427,
      0.2921214457601309,
      0.24742513708770275,
      0.310703983604908,
      0.39510050500432653,
      0.4406653014818827
    ],