{
  "args": {
    "method": "mappo",
    "drift": "multi",
    "n_agents": 3,
    "n_slices": 3,
    "horizon": 150,
    "episodes": 80,
    "seed": 8,
    "hidden": 64,
    "ppo_epochs": 4,
    "lr_ippo": 0.0005,
    "severity": 1.5,
    "log_every": 80,
    "outdir": "results"
  },
  "metrics": {
    "episode_reward": [
      31.7529913559556,
      32.82218921246628,
      34.32119777984917,
      31.267623977114756,
      29.56248048382501,
      33.59562621141473,
      35.396743662034474,
      34.84177415817976,
      35.91091397901376,
      29.411968032519024,
      41.24388274612526,
      28.04473107494414,
      36.2148723124216,
      34.341912634670734,
      35.259146105498075,
      31.81117022037506,
      32.6948108561337,
      35.640184811626874,
      34.721639347573124,
      34.348124915113054,
      31.532073431958754,
      38.37980613298714,
      33.08043867535889,
      25.353513297314446,
      37.91921358307203,
      36.05061965994537,
      32.99785063664118,
      37.05537962168455,
      34.34788149905702,
      36.9418538218985,
      35.15481051616371,
      32.23735145106912,
      36.99404350668192,
      39.33923941540221,
      33.65812120400369,
      37.38294208111862,
      33.12169384211302,
      38.38538884744048,
      38.60613512434065,
      37.55222268650929,
      37.58692836699387,
      39.77560240278641,
      39.76903030959269,
      36.92434720570842,
      37.85490592569113,
      43.71745264033476,
      41.45762755163014,
      42.07884771811465,
      40.163267174114786,
      40.389151126767196,
      41.27061865168313,
      39.38079716761907,
      40.94262105412781,
      40.317789920295276,
      44.71809787116945,
      47.6755314655602,
      42.44526147221526,
      42.55993460739652,
      45.30297393227617,
      39.86255196481943,
      44.853757256021105,
      43.576919338976346,
      45.30996377952397,
      44.212816948692,
      43.050092830633126,
      43.1484032223622,
      43.57681632911166,
      39.46180121290187,
      43.27952462000152,
      44.22810909462472,
      42.97505835567912,
      45.01581684562067,
      43.00810846313834,
      54.421020948017635,
      45.29479597136378,
      43.4765489641577,
      46.9239356815815,
      44.77172431536019,
      45.427178693935275,
      34.5316483018299
    ],
    "sla_eMBB": [
      0.16424454836795727,
      0.15872095099339883,
      0.15827282483999927,
      0.16572667529806495,
      0.16497034478932618,
      0.4284509378733734,
      0.1588184707487623,
      0.17636400646840533,
      0.17418289778754115,
      0.14086794398104152,
      0.20169440214832624,
      0.16631514718135199,
      0.14353869763513405,
      0.16732277114565175,
      0.16840292474875848,
      0.2034966082436343,
      0.16464732088769476,
      0.17625454104195037,
      0.1736484220996499,
      0.16095742015788952,
      0.1318599514166514,
      0.19237186620632807,
      0.17813222162425518,
      0.18551434986914198,
      0.38919628494108716,
      0.188852054917564,
      0.1757899800563852,
      0.16742694448679685,
      0.1588164441784223,
      0.15490727757414183,
      0.43302728477244573,
      0.17043941480418046,
      0.17943261482442419,
      0.17362487058465678,
      0.18010824939236045,
      0.1690400784338514,
      0.1742923673428595,
      0.1773903554243346,
      0.18784700449556113,
      0.15376509871333838,
      0.17209159974008797,
      0.16209710034852226,
      0.17380491528039177,
      0.1598677599678437,
      0.16221430397282044,
      0.14387104356040556,
      0.17355985684941214,
      0.1622102357322971,
      0.1734135726777216,
      0.17030379301557938,
      0.16395548143113653,
      0.17788733253876368,
      0.15271784676238895,
      0.15257451974476377,
      0.17567789170891046,
      0.19627597727502386,
      0.18424639238665502,
      0.15641399314006169,
      0.1685863934084773,
      0.16064540423452855,
      0.15733968831598757,
      0.1618041937922438,
      0.18592999105652172,
      0.1610378459158043,
      0.14757717310761412,
      0.16348944562176862,
      0.1869630073197186,
      0.17099597169707217,
      0.16877272551879285,
      0.16641665307804943,
      0.16937774838879704,
      0.17468794815242292,
      0.17760594540586075,
      0.15658409758781394,
      0.17035670054455598,
      0.15573492489134272,
      0.1690241431693236,
      0.15761610343431434,
      0.15914171690121293,
      0.14068913655355572
    ],
    "sla_URLLC": [
      0.4029929894208908,
      0.3954415770371755,
      0.4190686073899269,
      0.3666554635266463,
      0.350676932161053,
      0.26186572934190433,
      0.43051955138643583,
      0.4101658442119757,
      0.4528471099336942,
      0.493416567966342,
      0.43588726450999576,
      0.3288391323387623,
      0.6430388334890207,
      0.4348429820686579,
      0.43235036214192707,
      0.3588166645169258,
      0.3906239846845468,
      0.4239509932200114,
      0.3876644282539686,
      0.3962942243119081,
      0.7854568469524383,
      0.4287992091476917,
      0.34298754230141637,
      0.28860651118059955,
      0.2835523290435473,
      0.4217627930548042,
      0.38506781140963237,
      0.4490583574771881,
      0.4114074889570475,
      0.4561843020965656,
      0.2799302126218875,
      0.3871527430911859,
      0.4575167361398538,
      0.488112770318985,
      0.400241246993343,
      0.45249720523754755,
      0.37569083193937935,
      0.4699185948073864,
      0.4718829077978929,
      0.4745153424392144,
      0.447066490650177,
      0.4891899076104164,
      0.4854587958008051,
      0.4411135635773341,
      0.46992125098903975,
      0.8181946210066477,
      0.541516078064839,
      0.5300590231517951,
      0.49102866505583126,
      0.5063031711181005,
      0.5305545913179716,
      0.47369404807686805,
      0.5170097853740057,
      0.5150199458003044,
      0.6305495267113049,
      0.6164776223401228,
      0.5369826651116212,
      0.5733436605830987,
      0.6168606628477573,
      0.5473795313636461,
      0.6101192068060239,
      0.6011476095020771,
      0.522500279645125,
      0.581008386015892,
      0.5835378613571326,
      0.558748537003994,
      0.5511211095253626,
      0.5651286382476489,
      0.562277926603953,
      0.56910267735521,
      0.5590849861005942,
      0.5922462508579095,
      0.5668691334625086,
      0.6977026067177454,
      0.6074107543130716,
      0.5514990013341109,
      0.6255543817579746,
      0.5981784099837144,
      0.6252747270464897,
      0.6003559194505215
    ],