{
  "args": {
    "method": "mappo",
    "drift": "multi",
    "n_agents": 6,
    "n_slices": 5,
    "horizon": 150,
    "episodes": 80,
    "seed": 4,
    "hidden": 64,
    "ppo_epochs": 4,
    "lr_ippo": 0.0005,
    "severity": 1.5,
    "log_every": 80,
    "outdir": "results"
  },
  "metrics": {
    "episode_reward": [
      12.65176318710049,
      13.715424886594215,
      14.080696013135215,
      11.805769168150922,
      13.24965799661974,
      12.243052510234216,
      14.103515474746624,
      12.83935909656187,
      12.175430815977355,
      13.41565298413237,
      11.407982173996666,
      12.990719198870162,
      16.434554810635746,
      14.005313750977317,
      14.533239058218896,
      14.050778915795187,
      14.480913383575777,
      13.000751409990093,
      14.9325494489943,
      17.691151585740347,
      13.55413036669294,
      13.786133602882424,
      14.03570084242771,
      12.94331433220456,
      15.50162319590648,
      15.736499509774148,
      14.052540726649264,
      15.425515998154879,
      12.213786287233233,
      13.713705035857856,
      14.8455812499548,
      14.225738437846303,
      15.62047808462133,
      14.186281733214855,
      14.214483417881032,
      16.082607684036095,
      17.186969214429457,
      13.3904245061179,
      16.17853926339497,
      18.406545015672844,
      17.671359362391133,
      14.601736296589175,
      14.639558683459958,
      17.188016252592206,
      15.753061718307436,
      15.453191064298153,
      18.05725114575277,
      19.457111594888072,
      16.773173147502046,
      18.37187930413832,
      17.397092330579955,
      19.358578462153673,
      17.607193977882464,
      17.2245924451078,
      20.614723652290802,
      17.29822777460019,
      17.6115178388233,
      25.941761840755742,
      17.480779202344518,
      18.156830187576514,
      19.04108641172449,
      19.071644492447376,
      20.96719073348989,
      17.703745647954445,
      19.954938685211044,
      23.72500651453932,
      20.08575250208378,
      21.43391337307791,
      22.927067001350224,
      21.348229482769966,
      20.714343792448442,
      21.015322017793853,
      23.867308451794088,
      21.839188628209133,
      22.789328517702717,
      24.103116685524583,
      22.504106466658413,
      22.15132265848418,
      23.577671588708956,
      22.077829925653834
    ],
    "sla_eMBB": [
      0.09460837363575895,
      0.08834507268543045,
      0.0914483047525088,
      0.10259921638915936,
      0.11379336694876353,
      0.10037109378104409,
      0.10852861287693183,
      0.10485672107587259,
      0.10290854376430313,
      0.09738388938208421,
      0.10146592073452969,
      0.09347348292047779,
      0.10354381596669554,
      0.10303124786665042,
      0.10283872823541364,
      0.09985905809948842,
      0.10689198450495799,
      0.09766691013549765,
      0.093682966666917,
      0.09262584820389748,
      0.10083789830406507,
      0.09363675937056541,
      0.09847896230096619,
      0.10060741201043129,
      0.09044336741790175,
      0.09565911454459032,
      0.09243493342772126,
      0.11173451965053877,
      0.10482839023073515,
      0.10078778066982826,
      0.08753771594415108,
      0.09108185593038798,
      0.09201630594829718,
      0.10130180083215237,
      0.10476187659427523,
      0.10322897442306081,
      0.08847666565328836,
      0.09705252558613817,
      0.09218336295957366,
      0.10376486506313086,
      0.10343133911800881,
      0.09610376986364523,
      0.10617065302406749,
      0.09592416165396571,
      0.09691279550703863,
      0.10769060034925738,
      0.11128716626514991,
      0.10260177565117677,
      0.10334293248752753,
      0.09268879992266496,
      0.09656472564985355,
      0.0931966556298236,
      0.0957231364833812,
      0.1034344601072371,
      0.11593418494798242,
      0.10154950010900696,
      0.09901666760444641,
      0.11571901306509971,
      0.09339400037502249,
      0.1062478144094348,
      0.09590393650035063,
      0.09981629276648164,
      0.09842510717610518,
      0.09890064189210535,
      0.08732350586603085,
      0.11208808587864041,
      0.08828543204193313,
      0.0902668945863843,
      0.09085436765104532,
      0.10043050303434332,
      0.08166218619172771,
      0.08829837981611491,
      0.09354752996315559,
      0.09215652417391539,
      0.08138053671146432,
      0.08784627698982755,
      0.0761886717689534,
      0.07457911876340707,
      0.07890027194594343,
      0.08109373152876893
    ],
    "sla_URLLC": [
      0.17984315708978102,
      0.14486735217894117,
      0.2299512244015932,
      0.15622117151816686,
      0.15513510579039574,
      0.15850651447971661,
      0.19565230570733547,
      0.17582814604043961,
      0.15488622978329658,
      0.17064820198031763,
      0.15395616901417572,
      0.15593246832024307,
      0.17568455279183884,
      0.14941637073953948,
      0.16192574770189821,
      0.19268929423143466,
      0.20451099513098597,
      0.17873682839175065,
      0.16548476870947829,
      0.22878408150772883,
      0.163272432765613,
      0.15753733736773332,
      0.1507144839844356,
      0.15277204677462577,
      0.1761522359152635,
      0.18047659923322498,
      0.18510635654131571,
      0.2329995621740818,
      0.15387693328162033,
      0.17266297279701878,
      0.15576663710797825,
      0.16943890971597284,
      0.2243723103404045,
      0.16847518493731817,
      0.18814080707728864,
      0.1786842057853937,
      0.2576570794172585,
      0.19299577668309212,
      0.20801873403290908,
      0.27750897126893204,
      0.20903877625862757,
      0.1911873988310496,
      0.16341981252034504,
      0.1794633609923767,
      0.1520097470593949,
      0.19490176330010095,
      0.14616894645771633,
      0.19641255998363097,
      0.19424994858602682,
      0.18361552643279236,
      0.1766440050676465,
      0.2319849218428135,
      0.22040432850519817,
      0.14651847688170772,
      0.18111464227860172,
      0.18176661555965742,
      0.14551175579428674,
      0.21154744016627472,
      0.18276573819418748,
      0.21441948858400187,
      0.14326142224560803,
      0.16688866543273131,
      0.21843292005360126,
      0.15499374573429425,
      0.18478252666691938,
      0.2153441604723533,
      0.1891413437613907,
      0.2164487008502086,
      0.2242022124181191,
      0.1663620554904143,
      0.2154877541710933,
      0.24178030672172704,
      0.38149084866046906,
      0.17681879237294196,
      0.22097920082509517,
      0.26900444661577544,
      0.3680447957913081,
      0.2346935388445854,
      0.24797396873434385,
      0.2285731807599465
    ],