{
  "args": {
    "method": "mappo",
    "drift": "multi",
    "n_agents": 3,
    "n_slices": 3,
    "horizon": 150,
    "episodes": 80,
    "seed": 2,
    "hidden": 64,
    "ppo_epochs": 4,
    "lr_ippo": 0.0005,
    "severity": 1.5,
    "log_every": 80,
    "outdir": "results"
  },
  "metrics": {
    "episode_reward": [
      32.363056706885494,
      33.70058162075778,
      32.35201357553402,
      32.855119951069355,
      29.732781160001952,
      33.82130039048692,
      32.508924059569836,
      33.716016782447696,
      41.460244024172425,
      31.287889107440908,
      39.92896554246545,
      34.148690139874816,
      40.225158693889774,
      42.68028229226669,
      37.50110567112764,
      31.223079867040116,
      34.51036385757228,
      33.83330987704297,
      35.79859208563963,
      42.89502396931251,
      30.28463015332818,
      32.19464824783305,
      42.34446216250459,
      31.67080942665537,
      31.08157151316603,
      37.763255106285214,
      42.34630138799548,
      36.18626775468389,
      30.862717892353732,
      33.57163704621295,
      36.07439387155076,
      40.17400797332326,
      39.438562689969935,
      32.88455716210107,
      32.0684811497728,
      39.79082981497049,
      38.6662281571577,
      33.95852376086017,
      34.45392693082491,
      39.743449434017144,
      40.18364492369195,
      39.00998436535398,
      43.688339242090784,
      36.53995966228346,
      33.54836509252588,
      38.850647273783885,
      35.186721389492355,
      38.741916109497346,
      33.933326191579305,
      39.549838756521545,
      30.836705234522622,
      39.81956789890925,
      38.321147645513214,
      38.85541508657237,
      41.806052984048925,
      38.42961708083749,
      41.477182223151125,
      41.951251999785505,
      39.253112035493054,
      40.7394722122699,
      39.56455618639787,
      45.379811980451144,
      40.721989534795284,
      43.45251230150461,
      39.046918869018555,
      41.761138362810016,
      49.38308786725005,
      47.166890585174166,
      41.643415154889226,
      43.43019972555339,
      35.17812558387717,
      37.58262426840762,
      41.79716983127097,
      42.36831974734863,
      44.93681434541941,
      43.02950613324841,
      43.13281518841783,
      41.85457120090723,
      35.186872305969395,
      45.1130749831597
    ],
    "sla_eMBB": [
      0.15168475514277815,
      0.15149383616323273,
      0.17011589616537093,
      0.17041328301653266,
      0.1591360801582535,
      0.1669418937774996,
      0.15838519921526312,
      0.1683829330218335,
      0.20073355394105116,
      0.16318100001042088,
      0.17089896594484646,
      0.16294538009290893,
      0.17031206352015335,
      0.13594330549240113,
      0.18241433419287204,
      0.17258681022872527,
      0.16594206993157665,
      0.16356237379834057,
      0.1784592378636201,
      0.21376863720516365,
      0.15367798892781137,
      0.15994614278897643,
      0.20469729950030643,
      0.1552433445987602,
      0.11075055570031206,
      0.17397633528957765,
      0.12893984271213413,
      0.17553839618961017,
      0.15382582303136588,
      0.14629507650931675,
      0.16880432241906723,
      0.39187842795004446,
      0.15109518804897865,
      0.1653166966078182,
      0.14608627300088603,
      0.16010709413637716,
      0.15764549129332106,
      0.15712957743555309,
      0.16326173471286892,
      0.1804876205821832,
      0.15627677688375116,
      0.1823189270993074,
      0.1524325937529405,
      0.16439698983604709,
      0.1317277837606768,
      0.1587980509735644,
      0.17286500677466393,
      0.16068218749637406,
      0.14975636553640168,
      0.1567519120251139,
      0.13500584565723936,
      0.15627258591353893,
      0.152710562137266,
      0.15973271994541088,
      0.1572708449140191,
      0.1610896580045422,
      0.16870901534333826,
      0.1351213202190896,
      0.14888337155183157,
      0.15439777546872696,
      0.16057967423150937,
      0.16322018052140871,
      0.15925704245145123,
      0.16562612847114602,
      0.1727491576845447,
      0.16214808631688357,
      0.17992436930537223,
      0.19145622664441664,
      0.16109879730890195,
      0.17424699924886228,
      0.13172356268391014,
      0.16091788186381262,
      0.17938512643178303,
      0.17486657748619716,
      0.17539638108884295,
      0.16870538013676803,
      0.18593550603836775,
      0.168293855736653,
      0.1169473718230923,
      0.20025925831869246
    ],
    "sla_URLLC": [
      0.39772845700383186,
      0.4112388981009523,
      0.36870430886745453,
      0.39068690724670885,
      0.3420923352241516,
      0.4166693707803885,
      0.389321358948946,
      0.3962355752289295,
      0.4491924794763327,
      0.3934645574291547,
      0.4840036294857661,
      0.37973426406582195,
      0.4684427064657211,
      0.7890169254938761,
      0.4684465894599756,
      0.3757736554245154,
      0.4088637565076351,
      0.43403800124923386,
      0.37363283917307855,
      0.45772660002112386,
      0.38695996806025507,
      0.41384953481455644,
      0.4683950101584196,
      0.3925909327963988,
      0.8143603454033533,
      0.4543712237725655,
      0.8216347422202428,
      0.41804208839933077,
      0.39239248434702556,
      0.4295930400987466,
      0.45447754209240276,
      0.31413568566242855,
      0.50725763519605,
      0.42563055011133355,
      0.4302390885849794,
      0.4875229165951411,
      0.48928833526869614,
      0.4231128815809886,
      0.43374658254285653,
      0.4711925160884857,
      0.495174173861742,
      0.4131650959948699,
      0.826042934457461,
      0.45776766133805114,
      0.8412621243794759,
      0.4956678915768862,
      0.5081866329163313,
      0.4952205394208431,
      0.44783463823298614,
      0.5201638541618983,
      0.527010664443175,
      0.4807583227753639,
      0.4740841482579708,
      0.4862407657504082,
      0.5150870118041834,
      0.4762756910423438,
      0.5386973618467649,
      0.8086763741572698,
      0.4933646587034067,
      0.5078051251173019,
      0.48510717913508417,
      0.5373186486959457,
      0.5262110778192679,
      0.5360220925013224,
      0.4786050918698311,
      0.5270519517362118,
      0.539146278500557,
      0.5777197819948197,
      0.5226070745289326,
      0.5474292390545209,
      0.8823516764243444,
      0.48155859500169756,
      0.5075252831975618,
      0.5212263675034046,
      0.5580218535164992,
      0.5370243491729101,
      0.5295045025646686,
      0.5117782151450714,
      0.8909892974297206,
      0.5398981353143851
    ],