{
  "args": {
    "method": "mappo",
    "drift": "multi",
    "n_agents": 10,
    "n_slices": 3,
    "horizon": 150,
    "episodes": 80,
    "seed": 0,
    "hidden": 64,
    "ppo_epochs": 4,
    "lr_ippo": 0.0005,
    "severity": 1.5,
    "log_every": 80,
    "outdir": "results"
  },
  "metrics": {
    "episode_reward": [
      35.952011237479745,
      35.29791636280716,
      34.672459421493116,
      31.039180827140807,
      36.43283194079995,
      33.22150071691722,
      34.49094067178667,
      33.96118125449866,
      37.91528842654079,
      39.04193646721542,
      31.927603044733406,
      31.417442870140075,
      29.79357958585024,
      32.75382226668298,
      34.39009739365429,
      33.94656689073891,
      36.6826289286837,
      31.94341056533158,
      41.09174370355904,
      37.209335572831336,
      37.12042929064482,
      33.287941781431435,
      33.868146817199886,
      36.09652946908027,
      33.53167416527867,
      31.719736236706375,
      43.51339446175844,
      33.148410382680595,
      36.22313203457743,
      36.204235916771,
      35.393644293770194,
      34.501795563660565,
      34.92350798305124,
      37.871551969088614,
      36.05922877062112,
      26.755026194825767,
      35.3766878195107,
      37.29536696318537,
      39.94961767718196,
      35.01604223679751,
      36.160617479495706,
      34.273519000038505,
      39.32870684955269,
      35.879807064309716,
      36.47756321243942,
      36.31955108959228,
      37.35438435021788,
      35.657146194949746,
      42.939334977418184,
      35.14262263532728,
      38.00963071249426,
      37.2565692178905,
      37.76649289708585,
      32.226333656162026,
      38.41228635646403,
      39.692924473248425,
      36.37733538988978,
      42.96811378374696,
      44.29597516208887,
      39.47545137032866,
      40.43179309237748,
      36.319827849045396,
      35.436852927133444,
      40.68304682187736,
      36.69509901627898,
      38.30110585875809,
      39.93459416273981,
      39.30270904507488,
      34.348300838284196,
      36.90423265974969,
      38.46844067424536,
      36.245081764273344,
      37.789728209748866,
      36.913461081311105,
      38.980205120705065,
      38.682707192003726,
      40.16585202347487,
      40.25419505611062,
      38.061567201837896,
      39.971145678125325
    ],
    "sla_eMBB": [
      0.17208519799013933,
      0.17014212753623725,
      0.16960829781989256,
      0.18401758555322886,
      0.15931717683871588,
      0.1706726743777593,
      0.16716894174615543,
      0.1639707070837418,
      0.17028367705643177,
      0.1934669257576267,
      0.16593015848348538,
      0.15852728515863418,
      0.14931797542919714,
      0.16005414164314669,
      0.17347275312989952,
      0.16680640960733095,
      0.16060698693618178,
      0.18392699519793193,
      0.690206205745538,
      0.1803604196632902,
      0.16426037535071372,
      0.15770758653680483,
      0.16612554719050726,
      0.34206023946404457,
      0.16403648031254608,
      0.11842580453803142,
      0.22054103016853333,
      0.17134501145531733,
      0.3841872633000215,
      0.16566456260780493,
      0.16701374128460883,
      0.3501452017451326,
      0.16086494869242113,
      0.1715879760310054,
      0.14788489263504745,
      0.12622018386920295,
      0.1534472149113814,
      0.1705240334322055,
      0.1761304579426845,
      0.16070294194544354,
      0.17352167087296644,
      0.16941312638421854,
      0.18040170813600223,
      0.17264211694399514,
      0.1734708927820126,
      0.16173030264675617,
      0.16338975181182225,
      0.16800960836311182,
      0.2032557657857736,
      0.3077707266062498,
      0.16225324172526598,
      0.15649948729823032,
      0.16215472232550382,
      0.17030733739336332,
      0.19599233745286862,
      0.16004749791075787,
      0.16242126697053513,
      0.13055400503178438,
      0.21206748023629188,
      0.17771373925109704,
      0.1791085685044527,
      0.1599367721627156,
      0.1607831078519424,
      0.1584675224373738,
      0.1671310049171249,
      0.16209879547357559,
      0.1584108987574776,
      0.15372027994443974,
      0.16340685593585172,
      0.3150968602051338,
      0.16208121458689373,
      0.28687031713624794,
      0.15874126541117828,
      0.15693561016271512,
      0.16276710043350856,
      0.15935288583238919,
      0.15731958284974099,
      0.15718614771962167,
      0.1924772879978021,
      0.16108659286051988
    ],
    "sla_URLLC": [
      0.428327831402421,
      0.41981525739034015,
      0.39510140533248583,
      0.35205811510483426,
      0.45238356282313663,
      0.4089835037787755,
      0.42559690594673155,
      0.399076415548722,
      0.4533328336973985,
      0.46065160796046256,
      0.3823869577050209,
      0.36646485567092896,
      0.35911690950393677,
      0.39546303351720175,
      0.3960374525686105,
      0.42001422683397927,
      0.4515217986702919,
      0.2891467973093192,
      0.2707028464972973,
      0.4477361505230268,
      0.44375997260212896,
      0.39888314669330915,
      0.41949412008126574,
      0.2892044741908709,
      0.4093686866760254,
      0.8050055583318074,
      0.4659939875205358,
      0.39518387739857036,
      0.28372500091791153,
      0.45097465430696804,
      0.4380318243304888,
      0.28721842577060064,
      0.4111509875456492,
      0.4430159700413545,
      0.4666191990176837,
      0.4860442204276721,
      0.43883133759101234,
      0.46901315997044246,
      0.47962365036209426,
      0.4407074515024821,
      0.450248158822457,
      0.4139591248333454,
      0.4670533829430739,
      0.44519138798117636,
      0.4356019641458988,
      0.44944671948750814,
      0.45037737404306727,
      0.4371642943223317,
      0.45934711371858916,
      0.29200152039527894,
      0.48259223739306134,
      0.4681271502375603,
      0.47573714673519135,
      0.7570088090499242,
      0.45903761039177576,
      0.5020503245790799,
      0.45862994333108265,
      0.8147882191340129,
      0.4696924227972825,
      0.4812567764520645,
      0.450317006111145,
      0.45072193106015523,
      0.4406550564368566,
      0.500034705499808,
      0.4341554579635461,
      0.47041233817736305,
      0.49171417494614916,
      0.4919457011918227,
      0.4324806691209475,
      0.3207771017154058,
      0.47287949214378994,
      0.31663322856028875,
      0.4929588547348976,
      0.475128442744414,
      0.48592649281024936,
      0.4931404736638069,
      0.5171814925471941,
      0.5095200026035309,
      0.45432232062021893,
      0.5072301635146141
    ],