{
  "args": {
    "method": "mappo",
    "drift": "multi",
    "n_agents": 6,
    "n_slices": 3,
    "horizon": 150,
    "episodes": 80,
    "seed": 2,
    "hidden": 64,
    "ppo_epochs": 4,
    "lr_ippo": 0.0005,
    "severity": 1.5,
    "log_every": 80,
    "outdir": "results"
  },
  "metrics": {
    "episode_reward": [
      35.06997831445187,
      37.82798354079326,
      32.60450835557034,
      31.638974179203313,
      33.5563505080839,
      31.991771399974823,
      36.16921548421184,
      40.2325419128562,
      42.05380671223005,
      29.67639271138857,
      36.11034119812151,
      30.788018877307575,
      39.577119776668646,
      40.276072008535266,
      36.25461170232544,
      35.00809254248937,
      35.52732094222059,
      34.80482687459638,
      35.937982720012464,
      43.9628722500056,
      32.33603571013858,
      34.8705655252561,
      40.20128036631892,
      35.56733334840586,
      31.264943753679592,
      37.08287140664955,
      36.631514977042876,
      32.111784636974335,
      30.51503167084108,
      32.86614106005678,
      32.07741828852644,
      39.66234253998846,
      38.56689151066045,
      36.70510139968246,
      34.157432310283184,
      34.98857753910124,
      36.18653413436065,
      34.391134896936514,
      37.007741854836546,
      38.98518448912849,
      39.53649869685372,
      38.55993139805893,
      44.468058686393,
      37.38590261526406,
      34.36837312206626,
      39.67351115681231,
      34.22064518587043,
      38.1627115442728,
      34.86267286104461,
      39.605048872840904,
      30.077683611772954,
      40.62153093175342,
      35.96631790076693,
      40.38175845736017,
      41.063835287466645,
      39.27335097640753,
      36.875051216222346,
      42.24960513102511,
      42.29566708548615,
      40.08843041894337,
      36.1131118449072,
      39.634464280990265,
      38.80270308100929,
      40.197650433828436,
      39.471597243721284,
      36.15532236111661,
      45.21011892271539,
      43.998022900273405,
      41.35294978041202,
      43.132133279306196,
      31.52896904728065,
      38.31292381541183,
      36.46708201275518,
      38.413216840165354,
      37.98414726834744,
      39.546542839457594,
      41.72739735556146,
      38.673282826008894,
      33.31085533400377,
      40.76699506087849
    ],
    "sla_eMBB": [
      0.1657849763147533,
      0.16075311200072367,
      0.17202176198363303,
      0.16615382853274543,
      0.16325675597414374,
      0.18469290188203255,
      0.16095867874100805,
      0.16411511106727025,
      0.22475125394761564,
      0.1594944458330671,
      0.18691088180989027,
      0.16600408437351385,
      0.16632169323662918,
      0.14027388948947192,
      0.16933456387370824,
      0.16083304842934013,
      0.16596103129908443,
      0.15479126531320314,
      0.18425758476058643,
      0.24360318444669246,
      0.16914031196385623,
      0.16662484504282474,
      0.20009032773474852,
      0.1578009477381905,
      0.11697012925520539,
      0.1591938834513227,
      0.13214354341228804,
      0.1520125852090617,
      0.16668867527196804,
      0.1529345056290428,
      0.1669550811002652,
      0.4824101708767315,
      0.16399542026842634,
      0.16524057568982242,
      0.1600471144542098,
      0.16950646411627532,
      0.17381847016513347,
      0.16309175543487073,
      0.18726229096452396,
      0.1675985074757288,
      0.16224777589241662,
      0.18998078126460313,
      0.15114605715498328,
      0.17951322371761005,
      0.13469039380550385,
      0.17506723028918109,
      0.1949460680844883,
      0.1667162516588966,
      0.16330919227252405,
      0.16128283956398567,
      0.140535286894689,
      0.16646721651156743,
      0.16580301001667977,
      0.16390704785784085,
      0.17478696267120541,
      0.16721946743316948,
      0.17457688403626284,
      0.1292583257704973,
      0.16465025718013446,
      0.16531882137060167,
      0.17038937059541542,
      0.170418110974133,
      0.16102607238416872,
      0.17750272408127785,
      0.16644836871574323,
      0.16716261954357226,
      0.1853168950105707,
      0.17693822020043928,
      0.1531324328109622,
      0.17360899448394776,
      0.1238993188800911,
      0.15276292337104677,
      0.1736944620187084,
      0.17577062356906634,
      0.16649692944561442,
      0.16716749743868908,
      0.17082958297183115,
      0.15951680874141555,
      0.1078435036043326,
      0.17481322825575868
    ],
    "sla_URLLC": [
      0.43456805509825547,
      0.4581326190382242,
      0.3694295809417963,
      0.3747130868335565,
      0.40250732948382695,
      0.3747958255310853,
      0.4434574069579442,
      0.49021497055888175,
      0.45266842931509016,
      0.35330336531003315,
      0.4240410629163186,
      0.37205197632312775,
      0.48015967768927414,
      0.7489601721366247,
      0.4387251008550326,
      0.4477199254433314,
      0.42282911953826746,
      0.42685681777695816,
      0.37370234174033007,
      0.4622093834976355,
      0.3924256737530232,
      0.4322994416455428,
      0.4278603342175484,
      0.4447322315971057,
      0.8208145594596863,
      0.46029039829969404,
      0.6647687751054764,
      0.3967701173822085,
      0.38276249965031944,
      0.39956970190008484,
      0.3875527401516835,
      0.2971243376036485,
      0.4789876724779606,
      0.45122624722619853,
      0.43832456136743225,
      0.4278192089498043,
      0.43461563949783644,
      0.41845277334252995,
      0.43296800668040913,
      0.4847643584261338,
      0.4880910201122363,
      0.4034918141613404,
      0.8201025259494782,
      0.45637470319867135,
      0.8156633776426315,
      0.49314897728463014,
      0.49115231399734816,
      0.4504487481464942,
      0.40657999421159424,
      0.4928308648367723,
      0.5073674953977267,
      0.48818543876210846,
      0.43293207133809725,
      0.5173876458406448,
      0.4880367195109526,
      0.45924563219149905,
      0.4535517315069834,
      0.7975224097569783,
      0.5164275423934063,
      0.49607183744510014,
      0.43288819116850696,
      0.47777980215847493,
      0.4873987357318401,
      0.4803544386724631,
      0.4909854401151339,
      0.4319737879931927,
      0.4786052839954694,
      0.5631854619582494,
      0.523526631941398,
      0.5301503819227219,
      0.7848473264773687,
      0.48009573757648466,
      0.4422701690594355,
      0.47410377725958824,
      0.47832716869811215,
      0.5004671529432138,
      0.5257610357304414,
      0.474529149333636,
      0.8688271590073904,
      0.5214430514474709
    ],