{
  "args": {
    "method": "mappo",
    "drift": "multi",
    "n_agents": 3,
    "n_slices": 3,
    "horizon": 150,
    "episodes": 80,
    "seed": 5,
    "hidden": 64,
    "ppo_epochs": 4,
    "lr_ippo": 0.0005,
    "severity": 1.5,
    "log_every": 80,
    "outdir": "results"
  },
  "metrics": {
    "episode_reward": [
      36.671933786943555,
      29.506610481689375,
      34.80251842737198,
      33.56008256971836,
      34.49164312519133,
      34.520327846209206,
      35.20727698256572,
      34.01698443169395,
      35.75330690729121,
      31.55596642754972,
      34.37197479295234,
      37.68448239875337,
      38.758069314683475,
      38.74499190226197,
      38.37047881881396,
      40.36129768192768,
      34.83389209769666,
      29.62237574905157,
      40.655799021944404,
      37.76698827184737,
      36.81508485289911,
      36.57645319215953,
      36.97813846046726,
      33.29402353862921,
      38.915092750142016,
      40.146968200181924,
      39.321691413099565,
      33.16384393225113,
      31.649406314517062,
      38.35245602019131,
      26.888456152752042,
      42.19311849897107,
      35.841406655187406,
      39.531489437446,
      34.339188727239765,
      39.823159820089735,
      37.02515033942958,
      29.432671586051583,
      40.33154114149511,
      36.0658062590907,
      40.180842588966094,
      37.3218720369041,
      32.601398504028715,
      29.37969837896526,
      38.63708580223223,
      41.244551445667945,
      41.07466205457846,
      39.29580117327472,
      37.589655548955,
      45.75700828681389,
      37.0412661464264,
      37.1957235429436,
      40.185325426359974,
      40.159420511995755,
      42.98185074391464,
      33.42852214475473,
      40.33534945733845,
      40.30828454780082,
      42.52228447422385,
      39.37060432322323,
      40.683722422768675,
      38.62940465596815,
      39.70987098477781,
      42.62671697884798,
      42.83818722019593,
      40.906698613117136,
      46.87967521076401,
      29.759740993380547,
      33.52464833110571,
      41.70699401696523,
      38.39265890357395,
      41.87811936686436,
      41.55592811355988,
      41.70486203146478,
      43.40305088708798,
      29.712868165845673,
      43.62538264070948,
      43.39773620044192,
      43.08675303558508,
      42.01422538049519
    ],
    "sla_eMBB": [
      0.20020564215878645,
      0.15060136629268528,
      0.1993498724202315,
      0.15267622121299307,
      0.16866377503300706,
      0.1630828297138214,
      0.17695541149626176,
      0.19497095244005322,
      0.1633366712120672,
      0.16049884629746278,
      0.16504087551186483,
      0.16017783146351575,
      0.17975647987797858,
      0.1986952356621623,
      0.19580049335956573,
      0.20971214382598796,
      0.16108429354305068,
      0.14652643098806342,
      0.19066521658872565,
      0.16867860505978266,
      0.1985271122927467,
      0.18026346310973168,
      0.16079358495151003,
      0.15565630445877712,
      0.15291451088463268,
      0.17409686806301275,
      0.18483047655783594,
      0.16570479437708854,
      0.1735023968977233,
      0.1721860799814264,
      0.17457508182773987,
      0.20429420940577983,
      0.16896950627987584,
      0.1789092833052079,
      0.15395075219372908,
      0.16106425416345396,
      0.16235927229126296,
      0.13834904003888368,
      0.16994057316333055,
      0.17655684802681207,
      0.16289341577018301,
      0.16214025475705662,
      0.16732725974172355,
      0.12402436471233766,
      0.17033957334856192,
      0.5294251957535744,
      0.163672928865999,
      0.15888069509218136,
      0.16783956605941058,
      0.20626955755054951,
      0.16718786187469958,
      0.15906945216779908,
      0.15259775493294,
      0.16510569340859851,
      0.18512089277928073,
      0.10220064171279471,
      0.16607244616995256,
      0.1502862793393433,
      0.1478709320848187,
      0.13531581462050477,
      0.15824139808615048,
      0.14607699011762937,
      0.15978602392598987,
      0.16755155179649592,
      0.15957140897090236,
      0.15561993955944975,
      0.20691387188931307,
      0.14020797287424405,
      0.15204914342612028,
      0.17511236579467854,
      0.23528798490141828,
      0.15569405960539975,
      0.1546094694174826,
      0.15789728732779623,
      0.1655847517090539,
      0.12252704709768296,
      0.17009623389070233,
      0.19057269266496102,
      0.16521989561617376,
      0.15976985619713863
    ],
    "sla_URLLC": [
      0.3629842864473661,
      0.3866145440439383,
      0.38735790029168127,
      0.4162477108836174,
      0.42230666617552437,
      0.4223679721852144,
      0.43377534198264284,
      0.390454999456803,
      0.44561417487760385,
      0.375871984064579,
      0.4036884432037671,
      0.44563971534371377,
      0.46446866542100906,
      0.40213997092097997,
      0.3938217477003733,
      0.4067796604335308,
      0.43406358135243256,
      0.38234553356965384,
      0.5043769721935193,
      0.450912924533089,
      0.42209792003035546,
      0.4436759706338247,
      0.4461763226489226,
      0.4244872112820546,
      0.47867340507606665,
      0.502607930675149,
      0.48675744916001956,
      0.4465503677229087,
      0.3638087389742335,
      0.4685237673918406,
      0.3018234735944619,
      0.5000175713996092,
      0.4431409058968226,
      0.49358911102016767,
      0.4266399963448445,
      0.49095061495900155,
      0.4741679183145364,
      0.5084758237749338,
      0.4850177229444186,
      0.4289551780621211,
      0.4943422023952007,
      0.43607948524256546,
      0.3769778164041539,
      0.7714641274015108,
      0.4616673621535301,
      0.3215149169663588,
      0.5222218891978264,
      0.48710834473371506,
      0.4604613104959329,
      0.4827871524294217,
      0.44164691229661307,
      0.46230983088413874,
      0.5145259973406792,
      0.5103401252627373,
      0.5255417021612326,
      0.9072695076465607,
      0.5152586774031321,
      0.5337195966641108,
      0.5893662892778715,
      0.5190054996311665,
      0.514940360362331,
      0.5062431483964125,
      0.5072087157020966,
      0.5603891409514472,
      0.5880873954792818,
      0.526139717126886,
      0.5091664456576109,
      0.5143484601378441,
      0.4237756359577179,
      0.5208791529138883,
      0.3482521519809961,
      0.5497350364675124,
      0.5387157795329889,
      0.5227071665724119,
      0.5361285371581713,
      0.5458116465806961,
      0.5740254226823648,
      0.4785507196187973,
      0.53532328526179,
      0.5352105089773734
    ],