{
  "args": {
    "method": "mappo",
    "drift": "multi",
    "n_agents": 3,
    "n_slices": 3,
    "horizon": 150,
    "episodes": 80,
    "seed": 9,
    "hidden": 64,
    "ppo_epochs": 4,
    "lr_ippo": 0.0005,
    "severity": 1.5,
    "log_every": 80,
    "outdir": "results"
  },
  "metrics": {
    "episode_reward": [
      35.49937386189898,
      31.965725141887862,
      32.07269500941038,
      32.99697858033081,
      36.35903455379108,
      35.66676325288912,
      35.96570154031118,
      32.39752661436796,
      33.94141909107566,
      37.47804483150443,
      32.48362700641155,
      34.793407659977674,
      40.784326906626426,
      38.640650756036244,
      37.53347163957854,
      36.085863230749965,
      34.83937913055221,
      29.663019775102537,
      33.268598242352404,
      34.98992329339186,
      31.271010018885136,
      36.95722173464795,
      36.251713401948415,
      37.97425565868616,
      34.42347706916431,
      34.79027470573783,
      37.436998610695206,
      38.921943287054695,
      35.91720979784926,
      34.791871113702655,
      37.888079813991986,
      29.44814960534374,
      36.655451599508524,
      38.63597715521852,
      39.25537887463967,
      32.9638528910776,
      43.32597101479769,
      36.17545159595708,
      35.50466735102236,
      42.32415654261907,
      39.6407706545045,
      40.07017421349883,
      40.70140024957558,
      38.628019815310836,
      40.233832166840635,
      48.01557136327028,
      39.90774267104765,
      46.83560952730477,
      42.56767242463926,
      36.99779556815823,
      41.250029272710286,
      38.97974622001251,
      42.59663247689605,
      40.26064906269312,
      43.06187514401972,
      39.382289584726095,
      45.06328443437815,
      40.3040622305125,
      42.72004292843243,
      43.68686962003509,
      35.05116090116402,
      39.57523611498376,
      40.660351564486824,
      43.64234217566749,
      45.780405727525554,
      42.657335755725704,
      41.14544763353964,
      49.021570693080626,
      45.55622085928917,
      46.7283773633341,
      45.784760124360524,
      47.46649995880822,
      47.43108157813549,
      52.24687495827675,
      52.8485801940163,
      48.54368255659938,
      58.616434751078486,
      69.17857650853693,
      47.07386791706085,
      49.58382369888326
    ],
    "sla_eMBB": [
      0.16760632654031118,
      0.1621820042654872,
      0.16914609814683595,
      0.16221105774864555,
      0.15003900663306316,
      0.18324710375939807,
      0.17208061382795373,
      0.1655722974985838,
      0.16195223211000362,
      0.16711800455426176,
      0.16499838490659993,
      0.17146287817507982,
      0.20486389410992464,
      0.16013399391745528,
      0.19958884932721654,
      0.16857628234972558,
      0.19434378979417186,
      0.16851673890526095,
      0.1928403484635055,
      0.17497754749531547,
      0.18892452759668232,
      0.16466798038532338,
      0.1657195649544398,
      0.16257141834124922,
      0.17426041164125006,
      0.17591495682795844,
      0.19971255237857502,
      0.1585745143269499,
      0.16513274190947413,
      0.16374778809646764,
      0.1690529297851026,
      0.1671635254037877,
      0.17137756802141665,
      0.16093688108647863,
      0.16870101118460298,
      0.12631176627551516,
      0.14684060182422398,
      0.2736986996047199,
      0.1753376429962615,
      0.14002795075066388,
      0.16753804543366035,
      0.17683890069524447,
      0.16561801431079706,
      0.16486209464569887,
      0.17447091698025663,
      0.15196986719345054,
      0.16898162091771762,
      0.2150097798804442,
      0.18157757500807445,
      0.15157970938831566,
      0.16788262741019327,
      0.16045944853375355,
      0.18689236109455426,
      0.14991423894573624,
      0.17675514611726006,
      0.1699531716791292,
      0.1826345249513785,
      0.1599430308304727,
      0.1538795961315433,
      0.15855188606927792,
      0.1325305435123543,
      0.15425605181604624,
      0.16660164445638656,
      0.15892207637429237,
      0.16031494305158656,
      0.1534575869825979,
      0.15037780108551185,
      0.17829817339777945,
      0.1343669571230809,
      0.13769041398540138,
      0.1386715057802697,
      0.1568884279516836,
      0.13183109617481628,
      0.1493899554759264,
      0.1408971097568671,
      0.1253823312309881,
      0.16509888862570127,
      0.16226705559839805,
      0.14507832407951354,
      0.13288280687605342
    ],
    "sla_URLLC": [
      0.45050850535432496,
      0.36273697262008986,
      0.39692558877170087,
      0.3993295016636451,
      0.4612066262712081,
      0.4384445249537627,
      0.44549013922611874,
      0.40317369769016903,
      0.3901385432481766,
      0.4565498606860638,
      0.48509139284491537,
      0.42803322965900104,
      0.4350794710715612,
      0.4805305976172288,
      0.4544896678626537,
      0.44760749757289886,
      0.3934011233846347,
      0.3541439885397752,
      0.4020421102643013,
      0.4261233029514551,
      0.35093418672680854,
      0.44838711226979894,
      0.42821432878573734,
      0.4614800302565952,
      0.4105431567132473,
      0.4249938017129898,
      0.4086111333717902,
      0.49027825631201266,
      0.43306619216998415,
      0.4169598865012328,
      0.4740849435329437,
      0.3193064944446087,
      0.4381074997286002,
      0.47751445810000104,
      0.46351332709193227,
      0.8468975881735484,
      0.784059180021286,
      0.30863287098705766,
      0.4543113490442435,
      0.7878583631912868,
      0.49382219058771926,
      0.48891421109437944,
      0.5073902642230192,
      0.47364398817221326,
      0.47796909044186275,
      0.8931549787521362,
      0.4881849584231774,
      0.4973568654805422,
      0.47015303671360015,
      0.4589242388308048,
      0.5084796639780204,
      0.48979442765315373,
      0.5162683345377446,
      0.510206133176883,
      0.5271426311135292,
      0.4928409304221471,
      0.5600182859599591,
      0.518896129031976,
      0.5728394365807374,
      0.5544394504030545,
      0.6068713687856993,
      0.5138312724729379,
      0.5122999402383963,
      0.5655476325253646,
      0.5950043301781018,
      0.5772829954822858,
      0.5214207977056503,
      0.523351379930973,
      0.6380616911252339,
      0.6375801396369934,
      0.6420890388886134,
      0.6435584229230881,
      0.6506581934789817,
      0.705236966808637,
      0.7035255895058314,
      0.6830277583996455,
      0.6228010867039363,
      0.7129094829161962,
      0.6460710245370865,
      0.6719095112880071
    ],