{
  "args": {
    "method": "mappo",
    "drift": "multi",
    "n_agents": 6,
    "n_slices": 5,
    "horizon": 150,
    "episodes": 80,
    "seed": 2,
    "hidden": 64,
    "ppo_epochs": 4,
    "lr_ippo": 0.0005,
    "severity": 1.5,
    "log_every": 80,
    "outdir": "results"
  },
  "metrics": {
    "episode_reward": [
      12.964953599808117,
      11.874865259664753,
      12.252835680730641,
      13.242490260861814,
      14.683773500844836,
      14.186227716815969,
      13.204244015738368,
      12.571126640153429,
      13.321350445660451,
      13.174574224588772,
      13.357920441155633,
      11.040909641422331,
      14.055987575401863,
      14.536534376442432,
      12.545955318957567,
      13.63932512452205,
      13.282335120253265,
      12.42256890485684,
      16.504934089879196,
      12.16981342062354,
      10.239043563604355,
      13.337081026906768,
      13.898392806140086,
      13.606603439897299,
      19.73178156806777,
      16.916537691218156,
      19.19221744593233,
      16.30466815829277,
      16.61846741195768,
      14.319363142984608,
      14.494999527620772,
      12.657924371771514,
      15.681818602606654,
      16.89745895843953,
      16.447877185108762,
      14.34114815077434,
      13.392386403245231,
      13.53012972138822,
      15.570860404521227,
      14.154579577346643,
      12.801734603010118,
      15.15102308181425,
      17.248131788956623,
      16.656204132984083,
      16.99180506138752,
      17.58143929671496,
      16.84943718245874,
      17.121402993798256,
      15.284354034190377,
      14.636226081910232,
      15.758902008955678,
      14.074709250591695,
      19.479278010316193,
      18.63279718067497,
      18.38985365163535,
      16.899036520781618,
      21.94526664974789,
      18.85991415164123,
      21.463305885903537,
      19.30974148400128,
      19.61064563350131,
      17.578019443588953,
      20.021911792767543,
      18.497170532122254,
      19.78883339681973,
      22.001035529188812,
      21.876498051608603,
      22.95497373305261,
      23.60668513737619,
      23.25461732347806,
      21.12471172399819,
      24.41040854093929,
      26.668624417856336,
      24.602527362294495,
      25.627469035175938,
      24.077633595404524,
      21.869356638441484,
      22.182896041932207,
      23.09824898187071,
      29.852578116891284
    ],
    "sla_eMBB": [
      0.09825355082129439,
      0.0971777574904263,
      0.11086298788587252,
      0.10054658525933823,
      0.09056828258365082,
      0.10566055912524462,
      0.0945776131687065,
      0.0885810711607337,
      0.10433916857466102,
      0.09485412233198683,
      0.10210508240386844,
      0.09932403808459639,
      0.11443697664886714,
      0.09634857717280587,
      0.09747465527306,
      0.10299646542097131,
      0.08799680950740973,
      0.10824352480471135,
      0.12048294968903064,
      0.09405269003783663,
      0.09451436964794993,
      0.0942848932184279,
      0.09847160297135513,
      0.10129389856631557,
      0.08502203909680248,
      0.11808510052661102,
      0.08731496632099152,
      0.08790578116973241,
      0.09853703793759147,
      0.09206466782217225,
      0.10481800774733226,
      0.09205839543913802,
      0.09846585373704632,
      0.08878025140613317,
      0.10980805491407712,
      0.09544143828252952,
      0.10206135519469778,
      0.0956037743575871,
      0.10476029409095645,
      0.10192707071701686,
      0.09680408533662557,
      0.09502969241390626,
      0.09916541082163652,
      0.09325287638232112,
      0.11035297578821579,
      0.08366979497795303,
      0.10655414181451003,
      0.10018415827925006,
      0.08803853256627918,
      0.10450508814925949,
      0.09402208032707374,
      0.08520822851608197,
      0.09556826297814647,
      0.0966196458786726,
      0.07497611334857841,
      0.08149466346328457,
      0.07399678717988233,
      0.08135243690262238,
      0.08317359803244471,
      0.0855203432093064,
      0.0805786606296897,
      0.07409674652541677,
      0.08428910948957007,
      0.0846192122809589,
      0.0774084686425825,
      0.077917608525604,
      0.0827907474214832,
      0.07750135980546474,
      0.08375634326289097,
      0.06554041467762242,
      0.0748592773762842,
      0.06835337497914831,
      0.07090656178692976,
      0.075067214636753,
      0.07803700633347034,
      0.06789608004192511,
      0.054697404839098455,
      0.06708390586699049,
      0.07128541729412972,
      0.08542133629322052
    ],
    "sla_URLLC": [
      0.1843028602252404,
      0.1509428957849741,
      0.16331141124169032,
      0.17892237163459263,
      0.20347837289174397,
      0.16768625768522422,
      0.2025512637446324,
      0.17690507546067238,
      0.14931555303434532,
      0.19633052373925844,
      0.1912710446290051,
      0.14582596689462662,
      0.20443760231137276,
      0.19243418859162678,
      0.16922565871228776,
      0.20939427430431048,
      0.1607723523885943,
      0.18717002482153475,
      0.16425510157214981,
      0.1462903933475415,
      0.1530967915582005,
      0.18856801306207974,
      0.1946834988022844,
      0.18888123967374365,
      0.3611465304065496,
      0.20246803779155015,
      0.3331158368537823,
      0.2127578650911649,
      0.2326042663678527,
      0.16734366841614245,
      0.2066807173875471,
      0.22061330249688277,
      0.19301154412950078,
      0.20123205269376437,
      0.24133231125772,
      0.17843369116385777,
      0.18182083660038187,
      0.17466250518957774,
      0.21954458964367707,
      0.2004434811323881,
      0.18479358970498044,
      0.20397350671390693,
      0.18208872243141136,
      0.19644052589933078,
      0.2223916183412075,
      0.17856095474213363,
      0.20329669864848257,
      0.22422042613228163,
      0.2161643766860167,
      0.16211048821608226,
      0.2253292690217495,
      0.21147312144438427,
      0.18389240410799781,
      0.2511351746569077,
      0.22938432409117618,
      0.25963464930653574,
      0.31838849405447645,
      0.26957067479689917,
      0.279721700673302,
      0.2753477122883002,
      0.2633781939993302,
      0.2566397670532266,
      0.2661940198888381,
      0.23168763898313047,
      0.25479361151655516,
      0.2780641498416662,
      0.2685101133833329,
      0.2554870726230244,
      0.3188169401139021,
      0.41688101696471375,
      0.28891806297004224,
      0.32056225920716924,
      0.25880519839624566,
      0.3076723788926999,
      0.2554119416077932,
      0.29004585723082227,
      0.5345860500137011,
      0.30097010724246503,
      0.26140712268650534,
      0.3353726954758167
    ],