{
  "args": {
    "method": "mappo",
    "drift": "multi",
    "n_agents": 3,
    "n_slices": 3,
    "horizon": 150,
    "episodes": 80,
    "seed": 4,
    "hidden": 64,
    "ppo_epochs": 4,
    "lr_ippo": 0.0005,
    "severity": 1.5,
    "log_every": 80,
    "outdir": "results"
  },
  "metrics": {
    "episode_reward": [
      33.623775282253824,
      36.779057416444026,
      39.748718624313675,
      40.34934454162916,
      33.059231765568256,
      31.776613267759483,
      37.335803001498185,
      39.26536248624325,
      39.31018517290553,
      33.24900293722749,
      43.91562930867076,
      35.85971724924942,
      36.47361269469062,
      33.532160649076104,
      30.52124736333887,
      36.15253594890237,
      36.63924968242645,
      38.844688530390464,
      36.312687477096915,
      39.09677247392634,
      36.13674511015415,
      35.23606523188452,
      31.159168482447665,
      35.91179558696846,
      44.56342645610372,
      36.8309730142355,
      37.214982687185206,
      35.15278750409683,
      32.2124491011103,
      42.29897427620987,
      34.79592955857515,
      42.80336302767197,
      37.77934510447085,
      46.509289717301726,
      39.23667884928485,
      45.08646990483006,
      38.58363943298658,
      38.5991974119097,
      39.329148914664984,
      41.17461719798545,
      46.35039523678521,
      43.75513183387617,
      41.33113337121904,
      42.331776570528746,
      36.797363417843975,
      41.731968108564615,
      44.5656293357412,
      44.13261617720127,
      48.40348060056567,
      41.62380716204643,
      39.36522757882873,
      41.22175133228302,
      40.59227658870319,
      43.52816061427196,
      45.45816248344878,
      44.881080189719796,
      44.9885351707538,
      48.93140392315885,
      46.10832657168309,
      48.85931641422212,
      44.05478297546506,
      43.356338086227574,
      45.13002363964915,
      45.029801062618695,
      50.14152871693174,
      44.20359477587044,
      42.0671248473227,
      47.19632355496287,
      49.804886200775705,
      46.35467412074407,
      46.15051860796908,
      41.89129703554014,
      45.70937028775612,
      47.085509272292256,
      49.52515228713552,
      46.648272855207324,
      43.13531006934742,
      44.519990257297955,
      44.591676353787385,
      45.125433472295605
    ],
    "sla_eMBB": [
      0.1632794301149746,
      0.17927960183471442,
      0.17164887709543108,
      0.15453922867774963,
      0.17448113900919757,
      0.16597929316262405,
      0.17109873918195564,
      0.16344388656318187,
      0.20295896369963884,
      0.16468178495764732,
      0.19427451276530822,
      0.171845488982896,
      0.14874607855454086,
      0.17744194115822515,
      0.16515859079236786,
      0.15064025898774466,
      0.17432181378205616,
      0.16807383857667446,
      0.16721960286299387,
      0.16417473627875248,
      0.16555336829274891,
      0.16112152758364875,
      0.15106354409828782,
      0.16645359879980484,
      0.1472789935829739,
      0.15454514987766743,
      0.17339506551002462,
      0.16403645309309164,
      0.11649146243929863,
      0.16124197520315647,
      0.15723742230484883,
      0.15916155931229392,
      0.18580621321996052,
      0.20315967865288256,
      0.16355887631575267,
      0.16025487213085096,
      0.18749871743222077,
      0.17365962223460277,
      0.17852357017497222,
      0.17463664963841438,
      0.20391044006993372,
      0.1826963062522312,
      0.21267696912089984,
      0.20486111182098588,
      0.3735641870399316,
      0.17888655717795093,
      0.18511884031817316,
      0.22316507461791238,
      0.2559782341805597,
      0.19370659126589695,
      0.16940124621614813,
      0.168858725912869,
      0.1711089055115978,
      0.16390940014272928,
      0.1725672131528457,
      0.16773743010436495,
      0.15216926710059245,
      0.1639837088715285,
      0.17033043737212816,
      0.22070431098341942,
      0.16864578492939472,
      0.17884445761640866,
      0.17361333190153042,
      0.16186562972143292,
      0.15632755756999056,
      0.1535609366123875,
      0.15950271094838778,
      0.16755527487645547,
      0.1481642538619538,
      0.15926780426874756,
      0.1454512764637669,
      0.29132565135757127,
      0.15721654762203494,
      0.16509207615628838,
      0.14865544538324077,
      0.14578463063264888,
      0.15982579839105407,
      0.14722184295455615,
      0.1481492745379607,
      0.20364779526367782
    ],
    "sla_URLLC": [
      0.41599831586082775,
      0.4527660505225261,
      0.4666254419585069,
      0.725784165263176,
      0.3931814639767011,
      0.4059246640652418,
      0.4651570223271847,
      0.4767723129689693,
      0.47302208920319877,
      0.39911900758743285,
      0.5103847827017307,
      0.4332577187816302,
      0.45246451392769815,
      0.40315833416689806,
      0.34192467843492824,
      0.43936574707428616,
      0.45871938548982144,
      0.48083472505211833,
      0.4587424335380395,
      0.4867838181058566,
      0.45285695490737754,
      0.4265811118980249,
      0.5100032410025597,
      0.4722420648733775,
      0.8465601189931233,
      0.4592790145675341,
      0.4703129789729913,
      0.4119597118347883,
      0.8029759484529495,
      0.5211295057336489,
      0.414735950777928,
      0.5575099624196689,
      0.46343224167823793,
      0.512562047590812,
      0.5019984981914362,
      0.8171230904261271,
      0.4594719248513381,
      0.4884499761958917,
      0.49458772083123526,
      0.5287071167925994,
      0.5312479834258557,
      0.5419785574078559,
      0.49908049702644347,
      0.510235289434592,
      0.30870405634244286,
      0.543591286316514,
      0.5520221341649691,
      0.5105498769879341,
      0.5079145666460196,
      0.5176340710620085,
      0.4740456740061442,
      0.4941730921467145,
      0.5152784991264343,
      0.5539924278358619,
      0.5572260306775569,
      0.5698171137770017,
      0.5933939784268538,
      0.6393541276454926,
      0.5902783554295699,
      0.5185723765194417,
      0.5631597340603669,
      0.555563576122125,
      0.5774399940669537,
      0.5680612163245677,
      0.6828381551305452,
      0.570408809731404,
      0.5955606602132321,
      0.6062926552693049,
      0.6396713477373123,
      0.5868149295945962,
      0.6009101543823878,
      0.3765408017237981,
      0.5737967817982038,
      0.6083062179883321,
      0.7051595799128214,
      0.6242337642113368,
      0.5661096920569738,
      0.5668574019273123,
      0.5979359774291515,
      0.44151962354779245
    ],