{
  "args": {
    "method": "mappo",
    "drift": "multi",
    "n_agents": 10,
    "n_slices": 5,
    "horizon": 150,
    "episodes": 80,
    "seed": 1,
    "hidden": 64,
    "ppo_epochs": 4,
    "lr_ippo": 0.0005,
    "severity": 1.5,
    "log_every": 80,
    "outdir": "results"
  },
  "metrics": {
    "episode_reward": [
      13.724457221664489,
      14.204587212949992,
      15.79212334845215,
      17.64061802942306,
      17.32881834190339,
      20.465234529972076,
      12.858944537676871,
      13.130573838949203,
      14.48382450994104,
      12.968262249417602,
      14.735381125472486,
      14.453838209062814,
      13.582557700574398,
      15.67366259265691,
      13.506319078058004,
      18.801586857810616,
      18.013218723796307,
      14.944669310562313,
      13.600463625602425,
      16.564907125756143,
      14.769271217100322,
      14.913702845573425,
      15.688091288506985,
      14.409747743047774,
      13.941629840433597,
      15.18291036542505,
      15.950420379266143,
      18.3725717863068,
      18.150183461420237,
      15.078971407562495,
      17.929467704705893,
      15.88408554662019,
      20.410700486600398,
      15.256350783631206,
      15.258668412081898,
      15.067841391265393,
      16.831214696355165,
      16.24487281832844,
      15.68511801008135,
      15.75202029235661,
      15.747316467948258,
      17.169189732335507,
      21.30532322730869,
      17.10860863663256,
      17.78724170383066,
      17.845247092470526,
      18.485398723185064,
      18.5069272544235,
      19.419900829717516,
      20.28532608374953,
      20.59094163812697,
      16.326161181181668,
      19.89936217945069,
      20.589797661453485,
      18.04532498996705,
      17.157946954853834,
      19.65157398637384,
      20.23718160688877,
      17.607312179356814,
      18.667691914737226,
      21.384442160092295,
      19.023000743053853,
      18.396187688224018,
      20.116762639954686,
      17.805251551233233,
      20.01738188304007,
      18.591068542562425,
      19.36603692974895,
      17.782453823275866,
      19.25788305606693,
      19.6680881196633,
      19.76715207323432,
      20.33999714460224,
      18.77512696199119,
      20.056180623359978,
      23.113012761808932,
      21.55026393122971,
      24.309756978042422,
      20.30221989694983,
      19.88470860533416
    ],
    "sla_eMBB": [
      0.10563609113295873,
      0.09594001236992578,
      0.10964779915908972,
      0.07350187191739678,
      0.12170665690985819,
      0.09558199242999156,
      0.09879590491764248,
      0.08864282998566826,
      0.09861363716733952,
      0.09165664861599604,
      0.10097284853458405,
      0.10894412959615389,
      0.10890994790941477,
      0.09600950169066588,
      0.09836857511972387,
      0.08573679736504952,
      0.09526067249787351,
      0.09388888827214638,
      0.09440770684741437,
      0.11720355143149694,
      0.10232510660775006,
      0.08613779058059057,
      0.09444714502741892,
      0.11033102714146177,
      0.1001664399014165,
      0.08888694583127896,
      0.09960771364470324,
      0.10611472819000482,
      0.09536332072379688,
      0.08845214179406563,
      0.08842320310572784,
      0.09364208126440644,
      0.09584799414500594,
      0.10285639204705754,
      0.0873792909954985,
      0.09868901141608755,
      0.08446277893458803,
      0.09884705847750107,
      0.08672195107055207,
      0.09029977508510152,
      0.08878151318368813,
      0.08770539604127407,
      0.09275254688846568,
      0.08881025059148669,
      0.09036751724158724,
      0.09205225913474957,
      0.09058032790819803,
      0.09189925548310081,
      0.09372950268288453,
      0.10402547465637327,
      0.10078781610083146,
      0.08738452467756967,
      0.10133006926005085,
      0.06701004795730114,
      0.0862605224425594,
      0.0896997656673193,
      0.11067412840823332,
      0.09255062771961092,
      0.09101971241645515,
      0.08876826878326635,
      0.08961738863959909,
      0.07709397456298271,
      0.08903945454085867,
      0.08564860618362824,
      0.08128309041261673,
      0.08227825910784305,
      0.08060107591872413,
      0.08758525500694911,
      0.06523691442795097,
      0.08535857598607739,
      0.0812539940699935,
      0.0665026906101654,
      0.08912121844788393,
      0.08532688482354085,
      0.08024156069383025,
      0.0958230344330271,
      0.08690241207058232,
      0.10548760566860438,
      0.08355782146255175,
      0.08447912271134556
    ],
    "sla_URLLC": [
      0.17802361528078714,
      0.181040108948946,
      0.1463078146179517,
      0.30460441085199513,
      0.2091233143458764,
      0.33629793306191763,
      0.18188243011633556,
      0.16494727936883768,
      0.20686764595409235,
      0.1810764514406522,
      0.18756962798535823,
      0.1982645905762911,
      0.16333543963730335,
      0.1953628066678842,
      0.175361698770818,
      0.3536296726266543,
      0.17103488023082417,
      0.22529154645899932,
      0.1967134458820025,
      0.17228636709352335,
      0.19729946785296004,
      0.2510315966854493,
      0.20176018364727497,
      0.16652315298716228,
      0.18350241504609585,
      0.19944754138588905,
      0.20479118175804614,
      0.17848517455160617,
      0.21237764686346053,
      0.19059580110013485,
      0.2567411681761344,
      0.22485376812517643,
      0.1868053135772546,
      0.2352420351654291,
      0.20540565498173236,
      0.22038151641686757,
      0.2192889962097009,
      0.23132604256272316,
      0.21625180092950663,
      0.198967536414663,
      0.20683475417395433,
      0.25917407967150213,
      0.2067002013325691,
      0.2240583009024461,
      0.22592774947484334,
      0.23140524464348952,
      0.21796807363629342,
      0.27207480000952877,
      0.24957924502591292,
      0.27233709995945293,
      0.21310060737033684,
      0.2060266033063332,
      0.2649188684175412,
      0.34012230796118575,
      0.23780572198331357,
      0.23682231582701208,
      0.23551762878894805,
      0.2326356282333533,
      0.23761987641453744,
      0.24837840559581917,
      0.19000901704033216,
      0.2679048834989468,
      0.23917364998410146,
      0.2796507155895233,
      0.3435997678836187,
      0.26644940512875714,
      0.2450991885860761,
      0.2607985720535119,
      0.4304153216381868,
      0.27020706738034883,
      0.24769602010647457,
      0.3242545708517234,
      0.2719270381331444,
      0.2553853493928909,
      0.26555444752176605,
      0.26251962666710216,
      0.2558914466202259,
      0.2838728753725688,
      0.2646005417406559,
      0.2758591616898775
    ],