{
  "args": {
    "method": "mappo",
    "drift": "multi",
    "n_agents": 3,
    "n_slices": 5,
    "horizon": 150,
    "episodes": 80,
    "seed": 2,
    "hidden": 64,
    "ppo_epochs": 4,
    "lr_ippo": 0.0005,
    "severity": 1.5,
    "log_every": 80,
    "outdir": "results"
  },
  "metrics": {
    "episode_reward": [
      11.641735629489025,
      14.515526079883179,
      12.79728776961565,
      13.364994132270416,
      13.16913358742992,
      13.954366854702434,
      14.069228096554676,
      13.242300798495611,
      13.055313408374786,
      14.803340487803021,
      12.622008066003522,
      11.510616235435009,
      15.21330093840758,
      15.023896491155028,
      16.258813339595992,
      13.57691866842409,
      16.62631329583625,
      12.429388518134752,
      18.027473426734407,
      13.36536772052447,
      11.712660945951939,
      13.713775030647716,
      14.035585708295306,
      15.587742265313864,
      20.80494041616718,
      19.925386767213542,
      19.73929952767988,
      15.110840258498987,
      19.342259393384058,
      16.099338214844465,
      15.118196460728845,
      13.88410174039503,
      17.344515739008784,
      22.001135164871812,
      15.690761058901748,
      21.606668471669156,
      15.390575331325332,
      20.254586125413578,
      18.707666194066405,
      15.887236629923185,
      18.024139365181327,
      19.9842209306856,
      23.031786993766826,
      20.363440505539376,
      27.94112440943718,
      26.25907285946111,
      26.352259033670027,
      27.75893994544943,
      23.42614020096759,
      24.528563008954126,
      27.747044635315735,
      25.626659081007045,
      28.00987710803747,
      28.140210614229243,
      27.493630394960444,
      25.7446483746171,
      29.98816680163145,
      29.450653792669375,
      31.533595983559888,
      31.93991210994621,
      28.25873725861311,
      29.767163421337802,
      29.044182715937495,
      30.772272533426683,
      30.45313492231071,
      29.854607708131272,
      30.260463060811162,
      28.928656791647274,
      31.63810482000311,
      27.04904662879805,
      31.042676630740363,
      30.375069929286838,
      32.83212072650591,
      33.703002854560815,
      31.710982407753665,
      31.032467509309452,
      25.528105337172747,
      30.736884276072185,
      34.70076108413438,
      37.21485376606385
    ],
    "sla_eMBB": [
      0.09039504564056794,
      0.09070521995502835,
      0.09722690551231304,
      0.10523777679850657,
      0.10265350706875324,
      0.0987593700674673,
      0.08899116539706786,
      0.09871326663841803,
      0.09928780045360326,
      0.0855497572508951,
      0.11097796240200598,
      0.09544977565334799,
      0.11150563163061937,
      0.09402078185230493,
      0.10336003123472134,
      0.1059939283505082,
      0.09155531036977967,
      0.10206287812131147,
      0.1297059565782547,
      0.08105286333089073,
      0.0963777623573939,
      0.10779053019980589,
      0.10442092088982463,
      0.1009581813464562,
      0.09306125290691852,
      0.13088954214317103,
      0.0889228123302261,
      0.1253187801192204,
      0.09919584402766,
      0.0872330267354846,
      0.10646618594725926,
      0.08314364352573951,
      0.09724731472631296,
      0.08724353073785703,
      0.10161757898827393,
      0.09025114799539248,
      0.09639914858154952,
      0.08338475770006577,
      0.09132593443617225,
      0.09605164928982655,
      0.07960538492848476,
      0.08979636116574208,
      0.07966526603947083,
      0.0865598164498806,
      0.10123531088853875,
      0.07600922215729952,
      0.11170019246637822,
      0.08725055832415819,
      0.07985453546047211,
      0.0975810997808973,
      0.08499470190455516,
      0.0730620722224315,
      0.07837486347804466,
      0.08121059422691664,
      0.08239987794309854,
      0.0743697748767833,
      0.06420125320088119,
      0.0697498901685079,
      0.0720664948473374,
      0.06311627515902121,
      0.06055153749883175,
      0.06649746445318062,
      0.057660512800794095,
      0.05637919135391712,
      0.05729254208505154,
      0.06889427746335665,
      0.05452973132409776,
      0.05171392187476158,
      0.056074497972925505,
      0.04670478824526072,
      0.05936474991341432,
      0.061609900109469894,
      0.04170455278974411,
      0.049327378931144875,
      0.05127788267408808,
      0.05347830756256978,
      0.03389206947137912,
      0.043993068672716615,
      0.04682158574461937,
      0.04747224664936463
    ],
    "sla_URLLC": [
      0.1521856560651213,
      0.14603766371806462,
      0.14924144877198461,
      0.176243638349697,
      0.16285757512882507,
      0.16711753759067505,
      0.15840324657658736,
      0.1780690653808415,
      0.14207859094565115,
      0.22294422628978888,
      0.16875050050827364,
      0.1667012295437356,
      0.23929861028368274,
      0.2223230145794029,
      0.21230179960529008,
      0.15829856597507994,
      0.22094491754968962,
      0.18268253379889454,
      0.151099243350327,
      0.1481680276741584,
      0.1803493863452847,
      0.1808957662185033,
      0.18808748634687314,
      0.2228067529015243,
      0.3691365484148264,
      0.17452476933598518,
      0.35192549002667267,
      0.17527212911324266,
      0.22903391080598037,
      0.20358184155076742,
      0.1879133448501428,
      0.2086494948466619,
      0.181450025774393,
      0.23641837552189826,
      0.18098107495034735,
      0.22956384947911526,
      0.18849446663632988,
      0.2599573815365632,
      0.20027113073195021,
      0.19359121582781275,
      0.20990188321719566,
      0.23610609675447147,
      0.23853833721329767,
      0.20375901563713947,
      0.3582786257068316,
      0.298536388464272,
      0.31065060622180074,
      0.3480516251176596,
      0.3109193235139052,
      0.22011326171457768,
      0.3046861812720696,
      0.3336025984585285,
      0.3618527264893055,
      0.3582191060607632,
      0.3301350657145182,
      0.3014353779951731,
      0.40058927292625107,
      0.3720215317606926,
      0.386985634714365,
      0.4386786386867364,
      0.36331112002333005,
      0.4164564685026805,
      0.3791307976345221,
      0.4139367098112901,
      0.3796315295745929,
      0.37242799878120425,
      0.3742169477045536,
      0.3526125747462114,
      0.4090267500281334,
      0.49108825316031773,
      0.4152505672474702,
      0.4369729569057624,
      0.4449216038485368,
      0.42467390676339467,
      0.3580694852769375,
      0.41763498162229856,
      0.7466506812969843,
      0.3576711841424306,
      0.4480006091793378,
      0.45277512416243554
    ],