{
  "args": {
    "method": "mappo",
    "drift": "multi",
    "n_agents": 3,
    "n_slices": 3,
    "horizon": 150,
    "episodes": 80,
    "seed": 1,
    "hidden": 64,
    "ppo_epochs": 4,
    "lr_ippo": 0.0005,
    "severity": 1.5,
    "log_every": 80,
    "outdir": "results"
  },
  "metrics": {
    "episode_reward": [
      33.127997095386185,
      35.42693275337418,
      33.651623798534274,
      32.63948847539723,
      26.689353276665013,
      42.60668150087198,
      35.35724049868683,
      31.466599710906547,
      36.7299106468757,
      31.083184635887545,
      35.22504821047187,
      33.133483182018004,
      36.22190751259526,
      33.573425022264324,
      33.80004156939685,
      35.602414873739086,
      36.02608655144771,
      27.98077187128365,
      30.748024415845673,
      33.5870720098416,
      40.41451670167347,
      35.84004932704071,
      37.3519084751606,
      35.45319638463358,
      37.8857622773697,
      34.250743152573705,
      37.714836324875556,
      35.21478627746304,
      37.06685319915414,
      34.985203110302486,
      35.801134468987584,
      42.015137712160744,
      38.39269794896245,
      38.57064131398996,
      34.91705898257593,
      38.01066009451946,
      37.88734822037319,
      34.717324479172625,
      39.67492688881854,
      43.002086137110986,
      40.63470107503235,
      31.668077650790412,
      42.975220484659076,
      45.56767279778918,
      38.91791012386481,
      40.31293863244355,
      38.03420194673041,
      46.695763754968844,
      44.53767735386888,
      40.3769002960374,
      40.02611558325589,
      40.59940554512044,
      40.921998819957174,
      46.55218946561217,
      43.797915409629546,
      35.792749804755054,
      40.66797495447099,
      44.86780223933359,
      43.60278653850158,
      40.1229481442521,
      43.77383066279193,
      44.166306740914784,
      44.23749242722988,
      43.817345705504216,
      46.51360157007972,
      50.88110304810107,
      47.393899738788605,
      45.066924741491675,
      46.22585281853875,
      41.2137741583089,
      46.55120827443898,
      47.265647641693555,
      33.76441088070472,
      45.76199053041637,
      44.81196571389834,
      51.79943878824512,
      45.610101490591966,
      46.04397232954701,
      49.78533593813578,
      48.386398972322546
    ],
    "sla_eMBB": [
      0.17660642025992274,
      0.17783851007620494,
      0.16516595934828124,
      0.17102166451513767,
      0.16289262632528942,
      0.1332099399715662,
      0.16417201774194837,
      0.19217414235075314,
      0.14943494383245706,
      0.17189405820642908,
      0.21884305420021216,
      0.17701707277757425,
      0.151977097534885,
      0.16922702196985484,
      0.15801956702644626,
      0.15619985160728295,
      0.16394295264656344,
      0.19775351989393433,
      0.17095957661047578,
      0.15932874344910183,
      0.20305683977901937,
      0.1696827292814851,
      0.20261779045065245,
      0.308801808791856,
      0.15965898534593484,
      0.1893572578082482,
      0.17174531919881703,
      0.47633130601607265,
      0.1617227031973501,
      0.18041200765719018,
      0.17075647631039223,
      0.2865288449575504,
      0.17800350374231735,
      0.16453786172593635,
      0.19518383279442786,
      0.4397579683425526,
      0.1877583854397138,
      0.1661325929003457,
      0.16668513527760903,
      0.2214694584409396,
      0.16396967745696506,
      0.16294771052276094,
      0.20076327773431937,
      0.20398677982389926,
      0.17502591424932082,
      0.17807106444612145,
      0.16472589106609423,
      0.20098865071932476,
      0.18229954021672407,
      0.17984731526424488,
      0.15386778350919486,
      0.15217346999794246,
      0.16012105766683818,
      0.12724046514679987,
      0.1631188022531569,
      0.1297273529941837,
      0.15302456797411043,
      0.15676500119268894,
      0.15444523877153793,
      0.15734726656228304,
      0.15412217894569039,
      0.1570756204985082,
      0.16280705713977417,
      0.1299368142647048,
      0.15863679694011806,
      0.1478292727842927,
      0.14336256897076965,
      0.14464168131972352,
      0.1569940718015035,
      0.16003437869871656,
      0.17085633983214696,
      0.1704570665458838,
      0.1494197992235422,
      0.17958869469041625,
      0.15598586471130452,
      0.1941538674881061,
      0.17690286569918195,
      0.17006566938012838,
      0.17149421880642574,
      0.19829346764211853
    ],
    "sla_URLLC": [
      0.38660499567786855,
      0.42262197671613344,
      0.42677268721163275,
      0.41308180555701257,
      0.3019596610714992,
      0.7978112371762593,
      0.42013019690910974,
      0.35197868396838505,
      0.4637460919469595,
      0.3601676462093989,
      0.35350772507488726,
      0.40116345378259816,
      0.47198049768805506,
      0.39462750501930716,
      0.4336767667531967,
      0.4438183065752188,
      0.4142042160530885,
      0.281053459768494,
      0.36438940177361173,
      0.4043004857500394,
      0.41368670254945755,
      0.42018504957358044,
      0.4533145393927892,
      0.2900454642126958,
      0.4724141266942024,
      0.40474653999010723,
      0.44073650571207207,
      0.2627897824595372,
      0.45521156817674635,
      0.5729528543353081,
      0.4640726156781117,
      0.4099986785153548,
      0.4532462593913078,
      0.4722303481400013,
      0.3460333543519179,
      0.2851550789674123,
      0.432395283083121,
      0.5236425157884756,
      0.4995681178073088,
      0.47525262912114463,
      0.5093220439553261,
      0.3691674915701151,
      0.47415581449866295,
      0.5049900168180466,
      0.4861824893951416,
      0.4924064631263415,
      0.44862772325674694,
      0.5005613547066847,
      0.5055047041674455,
      0.4979302783310413,
      0.5296898068487644,
      0.5121356066068014,
      0.5280948203305403,
      0.9073296070098877,
      0.5389391806721687,
      0.8875763007005055,
      0.5319592369099458,
      0.5701450084149837,
      0.5600119171539942,
      0.5316531768937905,
      0.5583943902452787,
      0.5670647782087326,
      0.5623209746181965,
      0.561666792978843,
      0.5929106747110685,
      0.6713914101819197,
      0.6120932690799237,
      0.6022446629901727,
      0.594371805836757,
      0.5189336334665616,
      0.5800305022795995,
      0.641259338359038,
      0.568959877093633,
      0.5917114947736263,
      0.6183662916719913,
      0.5886559146642685,
      0.591980333228906,
      0.6270949895183245,
      0.6331534903248152,
      0.6109462928771973
    ],