{
  "args": {
    "method": "mappo",
    "drift": "multi",
    "n_agents": 10,
    "n_slices": 3,
    "horizon": 150,
    "episodes": 80,
    "seed": 2,
    "hidden": 64,
    "ppo_epochs": 4,
    "lr_ippo": 0.0005,
    "severity": 1.5,
    "log_every": 80,
    "outdir": "results"
  },
  "metrics": {
    "episode_reward": [
      34.88482538666576,
      33.85063106436282,
      31.872207244299354,
      37.680293707922104,
      33.40445729494095,
      34.87446295432746,
      34.687023162469266,
      37.581973464973274,
      41.51042568627745,
      31.49704435132444,
      34.98533794749528,
      34.78598297201097,
      35.690299755334856,
      40.878469596803185,
      35.83624315652996,
      32.21870388612151,
      32.885461556911466,
      31.121065940521657,
      36.773526321910325,
      44.471442877314985,
      31.383764615654947,
      33.282748899795116,
      39.031954049877825,
      31.919410790503026,
      31.911146706715225,
      32.874679774045944,
      36.526178263500334,
      32.437438756413755,
      31.01231432314962,
      32.12295338101685,
      34.52080327905715,
      38.17499324027449,
      35.729130347818135,
      33.04128938373178,
      35.210630362294616,
      33.971865135245025,
      36.221778894774616,
      37.01103146858513,
      37.7676346661523,
      37.27697425428778,
      39.121134316548705,
      39.48577210940421,
      43.200572909042236,
      36.24589752424508,
      31.8236412037164,
      39.84133057519794,
      35.20214450787753,
      35.852352197282016,
      31.93561252374202,
      36.99540209285915,
      29.866051344014704,
      36.32049252409488,
      37.23917718976736,
      39.61012528166175,
      41.383838727884,
      37.04832019824535,
      36.612000334821644,
      40.35989620164037,
      36.78551822192967,
      37.749170027859506,
      35.843237755447625,
      35.46640115305782,
      36.454370860755446,
      36.15284757521003,
      36.98656336814165,
      35.548322608321904,
      42.546511287242176,
      40.94551887996495,
      39.23303978387266,
      39.622142013534905,
      31.103453792259096,
      36.09395468365401,
      37.24392031114549,
      39.14847461692989,
      38.57876815125346,
      35.90611959509552,
      39.321219795569775,
      36.018988981097934,
      33.137286447919905,
      40.029269005544485
    ],
    "sla_eMBB": [
      0.1696655668814977,
      0.15973919371763864,
      0.16328500643372534,
      0.1728633916626374,
      0.16619520738720894,
      0.17675424982483187,
      0.16128940269351005,
      0.16685097433626653,
      0.20951329663395882,
      0.159010062298427,
      0.18202898475031057,
      0.1546145557736357,
      0.16650194473564625,
      0.14025728543599447,
      0.1714091947923104,
      0.15750540704776844,
      0.1752697743475437,
      0.15512407331417005,
      0.18705131664872168,
      0.2711481974522273,
      0.16138762871424356,
      0.17714146211743353,
      0.2003894008199374,
      0.16159097832938035,
      0.11380878496915102,
      0.16846597788234552,
      0.13871770352125168,
      0.15767132468521594,
      0.15981755195806424,
      0.15557294951130946,
      0.16140272278338672,
      0.5003084013114373,
      0.16405677991608777,
      0.18164598466828466,
      0.15058871450523537,
      0.1645057930921515,
      0.1646314211562276,
      0.1617000403503577,
      0.17661767522493999,
      0.17726379401981832,
      0.14809394668787718,
      0.1800487114985784,
      0.1364647610237201,
      0.17283363983035088,
      0.14293958420554798,
      0.15828246707717578,
      0.17900652156521876,
      0.15754685074711838,
      0.1534301771533986,
      0.16036885232975084,
      0.14004500622550647,
      0.1586913277457158,
      0.16255908814569314,
      0.15339156176894903,
      0.17519755080342292,
      0.1654608650878072,
      0.16908666308969258,
      0.12889909895757834,
      0.15503216318786145,
      0.15771994959563018,
      0.15713735492279132,
      0.16360529193033774,
      0.15185692340756457,
      0.18346512114008268,
      0.15064169852683942,
      0.14691163641090194,
      0.17359167544792095,
      0.18053149489065012,
      0.15071247187132636,
      0.16050101696203153,
      0.1275708304159343,
      0.14851221111913523,
      0.1667945956811309,
      0.1463616831600666,
      0.15631803590183457,
      0.1564261379589637,
      0.15284720999499163,
      0.14807278830558063,
      0.10021357695261637,
      0.16426647568121552
    ],
    "sla_URLLC": [
      0.4265742324789365,
      0.41497182235121727,
      0.377586106111606,
      0.4579070764283339,
      0.39829145853718123,
      0.42409420599540076,
      0.4243190489212672,
      0.44839899594585103,
      0.4436178775131702,
      0.39849087422092755,
      0.41865511884291967,
      0.43558820759256683,
      0.4366352170705795,
      0.7527856089671453,
      0.4329951439301173,
      0.40612740243474643,
      0.3939367739359538,
      0.3786644717057546,
      0.3869324751198292,
      0.4496878069639206,
      0.37347744025290014,
      0.39613172195851803,
      0.41004750058054923,
      0.38293702200055124,
      0.8301372190316518,
      0.39046333635846775,
      0.6591389925281207,
      0.3924822918574015,
      0.37104674890637396,
      0.396140056848526,
      0.4220779137810071,
      0.2809533449510733,
      0.42799673318862913,
      0.3886262487868468,
      0.4331078341106574,
      0.40103279282649357,
      0.4465945748488108,
      0.4481838310261567,
      0.45213856155673665,
      0.4414084271589915,
      0.4892777585486571,
      0.4240210430820783,
      0.8066166583697001,
      0.438365897834301,
      0.7500496584177018,
      0.49926451603571576,
      0.4985723940531413,
      0.4457770637671153,
      0.37336355820298195,
      0.4551101024945577,
      0.5048968887329102,
      0.4276716516415278,
      0.45235888808965685,
      0.49619467760125796,
      0.5083366810282072,
      0.4462766320506732,
      0.4547867518166701,
      0.7528266700108847,
      0.4589474136630694,
      0.45367275436719257,
      0.4279632231096427,
      0.4199545095860958,
      0.46216755241155627,
      0.41064576188723245,
      0.4681026644508044,
      0.45939801146586734,
      0.4717356494565805,
      0.5053854707876841,
      0.49682994484901427,
      0.49892839496334396,
      0.7875988292694092,
      0.4571987047791481,
      0.46272560795148215,
      0.5052385977904001,
      0.4959720127781232,
      0.4602800079683463,
      0.49187616725762684,
      0.44676468352476756,
      0.8604095983505249,
      0.522237116098404
    ],