{
  "args": {
    "method": "mappo",
    "drift": "multi",
    "n_agents": 3,
    "n_slices": 3,
    "horizon": 150,
    "episodes": 80,
    "seed": 3,
    "hidden": 64,
    "ppo_epochs": 4,
    "lr_ippo": 0.0005,
    "severity": 1.5,
    "log_every": 80,
    "outdir": "results"
  },
  "metrics": {
    "episode_reward": [
      32.74861372821033,
      38.45039860842129,
      39.66095380485058,
      32.037858579928674,
      34.79238820324341,
      35.890611465399466,
      29.409840539097786,
      33.19552059223255,
      31.116370639453333,
      34.31864503522714,
      39.544011533260345,
      35.862969152008496,
      33.58554011334976,
      32.92406436055899,
      39.09252164699137,
      35.61168344567219,
      32.74504983611405,
      38.0836193729192,
      36.97096333280206,
      39.35733036572734,
      39.251574793209635,
      40.69434051464001,
      37.47901643502215,
      39.17146938666701,
      37.72197459638119,
      38.25106415028373,
      41.194736843928695,
      34.994576728592314,
      35.38792604518434,
      33.090806778520346,
      38.159614664812885,
      38.395989230523504,
      32.3484595566988,
      43.55551640378932,
      37.9780664332211,
      41.520961901172996,
      41.173257275794946,
      40.01322481222451,
      47.07701516958574,
      38.042500995099545,
      45.50067171826959,
      44.55466860781113,
      40.65444045513868,
      43.411600943654776,
      34.243995233128466,
      41.14935257534186,
      43.37919521269699,
      41.9678837073346,
      39.98519320972264,
      42.94318512454629,
      44.86292085982859,
      44.80860076720516,
      41.49237687885761,
      45.617316710452236,
      46.7922349764655,
      47.9396842593948,
      54.138005662709475,
      47.34619619821509,
      50.06123443568746,
      47.88164799660444,
      36.237332444638014,
      48.46468570517997,
      51.45566982713839,
      45.97319809409479,
      46.55699360805253,
      49.77665469174584,
      46.96426335722208,
      48.69161686860025,
      48.733384781206645,
      56.98654823191464,
      49.317301971217,
      48.44289548570911,
      47.633688639849424,
      48.32451060973108,
      55.07781973729531,
      50.08252331490318,
      48.72049170297881,
      47.9332744901379,
      51.78385006201764,
      56.96265654886762
    ],
    "sla_eMBB": [
      0.16097085339948536,
      0.504480227039506,
      0.1479849892978867,
      0.1596435307028393,
      0.3249093042810758,
      0.16980404495572052,
      0.15534218042468032,
      0.1656917500930528,
      0.1588298434888323,
      0.15813805534814795,
      0.1754657358552019,
      0.15457202858602007,
      0.14437095377594233,
      0.1608961637939016,
      0.1306705402644972,
      0.15935917811468245,
      0.14771850823114316,
      0.14797364319985112,
      0.17039358561858534,
      0.16227819645156463,
      0.1607168615050614,
      0.1383266832617422,
      0.1927235797420144,
      0.15762184699997306,
      0.15335411852846542,
      0.14568632299701373,
      0.502000992273291,
      0.16326259771361948,
      0.13201499849557877,
      0.1441465044890841,
      0.1378773307055235,
      0.14629972157999874,
      0.10192932646721602,
      0.1762087266643842,
      0.23268468809624512,
      0.159491629494975,
      0.150252745920637,
      0.14605278723562756,
      0.16982383782664934,
      0.14168246525650224,
      0.13254873753214877,
      0.15910439741176863,
      0.1567357945876817,
      0.13897070527076721,
      0.11802458564440409,
      0.15307810542484124,
      0.14412278997401395,
      0.15776645018408697,
      0.14014440450196464,
      0.14441117715711396,
      0.13597552632292112,
      0.14793360080569984,
      0.1652713214419782,
      0.13936612690488498,
      0.1411039228240649,
      0.12707823044930897,
      0.1386687864239017,
      0.1349175361916423,
      0.14730019469435016,
      0.15267814097926022,
      0.09709659829114874,
      0.1498765077504019,
      0.13823559063176313,
      0.14143289746095736,
      0.12570369054252903,
      0.13772663411994776,
      0.13646836357191205,
      0.14092388151213528,
      0.15910834425439438,
      0.20567564616600673,
      0.12904647640263042,
      0.12935816910117864,
      0.1391033274618288,
      0.14693259852007032,
      0.13600161258131266,
      0.1464400315284729,
      0.12790670563156406,
      0.12966744379450879,
      0.13222670571257672,
      0.1418658065237105
    ],
    "sla_URLLC": [
      0.3990341392159462,
      0.2939228690167268,
      0.49253561745087304,
      0.39005010843276977,
      0.2753263973693053,
      0.43157011821866037,
      0.3693523365755876,
      0.40211639682451883,
      0.3839753933499257,
      0.43030918553471564,
      0.48423406104246774,
      0.44194253901640573,
      0.4124017106741667,
      0.4007338257630666,
      0.712144834001859,
      0.4536325420687596,
      0.4009047583987316,
      0.4654845863580704,
      0.4442817637572686,
      0.48188510820269587,
      0.47104861403505005,
      0.7623668016990026,
      0.3824528770148754,
      0.49654150679707526,
      0.46462194229165715,
      0.48311514855052035,
      0.32251588001847264,
      0.4132843156158924,
      0.47364665394028027,
      0.4257663643856843,
      0.4766277722020944,
      0.4846027467151483,
      0.8637602255741755,
      0.4742341213921706,
      0.3294312767187754,
      0.5164147621393204,
      0.5136600985129675,
      0.49701904743909836,
      0.5126601932694514,
      0.4768755596379439,
      0.8628702330589294,
      0.5535021397968133,
      0.5029874170323213,
      0.5639459199706713,
      0.5768487633268038,
      0.4956947050988674,
      0.5467047363519668,
      0.5089395733177662,
      0.5178878271083037,
      0.5327132462958495,
      0.577137412528197,
      0.5631987931827704,
      0.5670300112167994,
      0.6179900027314822,
      0.5974588012695312,
      0.6621253017087777,
      0.6840769041577975,
      0.6555260616540909,
      0.6392838873962561,
      0.6342880367239316,
      0.9440204123655955,
      0.6354282627999782,
      0.7369984909892082,
      0.5665095770359039,
      0.6029742941260338,
      0.6393363011876741,
      0.6139851887524128,
      0.7017859759926796,
      0.6692540420591832,
      0.5849783112605412,
      0.6739725800851981,
      0.6505537895858288,
      0.6153962616622448,
      0.6712968666851521,
      0.7370755519966284,
      0.6816254345575968,
      0.6248084332545598,
      0.6437142060200374,
      0.6880665095647176,
      0.7528210716942946
    ],