{
  "args": {
    "method": "mappo",
    "drift": "multi",
    "n_agents": 10,
    "n_slices": 3,
    "horizon": 150,
    "episodes": 80,
    "seed": 3,
    "hidden": 64,
    "ppo_epochs": 4,
    "lr_ippo": 0.0005,
    "severity": 1.5,
    "log_every": 80,
    "outdir": "results"
  },
  "metrics": {
    "episode_reward": [
      29.463133580982685,
      36.65990051496774,
      34.92941916268319,
      35.1393070621416,
      33.419798482209444,
      34.337737707421184,
      30.220958236046137,
      32.87520109899342,
      34.40733290370554,
      34.158393549732864,
      38.63008555993438,
      35.232104474492374,
      34.67217562515289,
      31.226121083647012,
      36.79360565878451,
      35.17405771948397,
      33.640394230745734,
      34.22077997066081,
      35.53803179766983,
      34.95601894855499,
      34.53622357398272,
      37.657155667990445,
      39.953463992476465,
      37.35601365379989,
      36.39089350365102,
      31.190019065700472,
      38.696891392953695,
      34.30558695457876,
      29.481500115059315,
      32.15379708334804,
      36.64209372587502,
      35.00936085730791,
      31.2063271664083,
      37.023847356066106,
      35.731562341935934,
      35.16345370784402,
      34.88196354173124,
      35.56299804337323,
      40.54269599262625,
      33.94584259111434,
      40.223427079431715,
      40.07823715545237,
      35.285965993255374,
      35.000244471989575,
      30.804968157038093,
      36.439624048955736,
      33.50458229333162,
      34.97361370995641,
      32.970582627132536,
      34.5733391366899,
      36.66548438090831,
      35.33145160730928,
      36.03429178930819,
      34.300131754018366,
      38.48103648945689,
      35.35909247938544,
      39.63600540086627,
      32.02874135226011,
      33.82627152185887,
      36.67017678376287,
      33.3126841429621,
      37.92345505170524,
      37.90898816064,
      36.65944823827594,
      38.54511630609632,
      37.289918596111235,
      34.91853321120143,
      37.745080357044934,
      39.82139981146902,
      44.6808558633551,
      39.43415232226253,
      38.806733476184306,
      38.559258591011165,
      39.555072624236345,
      39.0868546621874,
      39.60881372392178,
      37.343713335879144,
      38.7956229550764,
      37.49898902177811,
      41.76054414194077
    ],
    "sla_eMBB": [
      0.15819788448512553,
      0.5048485368490219,
      0.15978403203189373,
      0.18728919045378764,
      0.29141315052906674,
      0.15580388762056827,
      0.16635574368139108,
      0.16479636274278164,
      0.1626580059590439,
      0.16427864984919627,
      0.17354968822250763,
      0.16584897124518952,
      0.16321112682422,
      0.17730788741260767,
      0.1359068964794278,
      0.16861769799143075,
      0.16060922004282474,
      0.15705390396217506,
      0.19725604880601166,
      0.15256985547641913,
      0.16534801245977482,
      0.143232098557055,
      0.1893193672845761,
      0.15738586261247595,
      0.17249773584927122,
      0.15951439584294955,
      0.4895111554333319,
      0.16519441102941831,
      0.15583792090415954,
      0.16454804511119922,
      0.16132363808651765,
      0.1591153020908435,
      0.11896114042649666,
      0.19517662855486076,
      0.3501607293821871,
      0.1769400876139601,
      0.17406334603826204,
      0.16518534551064173,
      0.20713150610526404,
      0.15634915143251418,
      0.16533741010973851,
      0.17404175521185,
      0.1659142211948832,
      0.15849739157905182,
      0.13955101249118645,
      0.16683911835153897,
      0.17668231347575783,
      0.16611047801872095,
      0.15750386079152426,
      0.15854444404443105,
      0.16600742241988578,
      0.17756829917430877,
      0.19214007027447225,
      0.16595095177491506,
      0.17416900963832935,
      0.16070255336662134,
      0.17742971363166968,
      0.17570471432060003,
      0.16827891732255618,
      0.17672122366726398,
      0.1441448442141215,
      0.17724141887699565,
      0.17163127308090528,
      0.1551760582625866,
      0.1554267673442761,
      0.16522216585775215,
      0.16496684861679872,
      0.16154436487704515,
      0.1976676965256532,
      0.24045875142018,
      0.16907683823257685,
      0.15966751286139091,
      0.16774478637923798,
      0.17848689412077268,
      0.17044167079031466,
      0.18051785868903,
      0.1706350575760007,
      0.1640693053106467,
      0.16172388484080633,
      0.1670512467622757
    ],
    "sla_URLLC": [
      0.350848074555397,
      0.27393966202934583,
      0.43013684421777726,
      0.4114879700541496,
      0.27185102631648383,
      0.4270593233406544,
      0.36083808317780497,
      0.39069554617007574,
      0.4056050178408623,
      0.41494587709506353,
      0.46610786562164624,
      0.43434230660398804,
      0.42240717860559623,
      0.3561470592021942,
      0.6716376425822576,
      0.4412845625480016,
      0.40622283910711604,
      0.417808256149292,
      0.4151179773112138,
      0.4341349430878957,
      0.4348162180682023,
      0.692937241991361,
      0.43454370051622393,
      0.462189831584692,
      0.4434691634277503,
      0.3688362798094749,
      0.2954482540488243,
      0.4095080686112245,
      0.3526586099465688,
      0.3953550212085247,
      0.4413969909151395,
      0.43012727533777556,
      0.7967229735851288,
      0.3875433252255122,
      0.29134321173032124,
      0.42600559661785764,
      0.41585982486605644,
      0.4279188132286072,
      0.4361682700117429,
      0.42078127652406694,
      0.7252432036399842,
      0.4802196174363295,
      0.42625659599900245,
      0.43031351213653884,
      0.49546773115793863,
      0.4214855861663818,
      0.3942405326167742,
      0.42471283157666523,
      0.403442944586277,
      0.4261007435123126,
      0.4548863976200422,
      0.41969557995597523,
      0.49149825210372605,
      0.40714599048097927,
      0.4659091877937317,
      0.431973830362161,
      0.4658806850512823,
      0.36902996703982355,
      0.3931099261343479,
      0.42432909791668255,
      0.8075529746214549,
      0.45557586203018824,
      0.4695874464015166,
      0.45392550443609553,
      0.4799282943705718,
      0.4570684522390366,
      0.4233731500804424,
      0.4694579663872719,
      0.47139529287815096,
      0.45078215847412745,
      0.4766127961377303,
      0.4879730134208997,
      0.4761162393291791,
      0.4816997733215491,
      0.4742138203481833,
      0.48863578140735625,
      0.45663713206847506,
      0.48076761811971663,
      0.47458971132834754,
      0.5109579623738925
    ],