{
  "args": {
    "method": "mappo",
    "drift": "multi",
    "n_agents": 10,
    "n_slices": 3,
    "horizon": 150,
    "episodes": 80,
    "seed": 1,
    "hidden": 64,
    "ppo_epochs": 4,
    "lr_ippo": 0.0005,
    "severity": 1.5,
    "log_every": 80,
    "outdir": "results"
  },
  "metrics": {
    "episode_reward": [
      37.1169722225517,
      35.63724816795438,
      33.49278378728777,
      33.429429145529866,
      31.31034465599805,
      40.1892421381548,
      35.532434582524004,
      35.351121770218015,
      34.58430539742112,
      32.12666113078594,
      40.70036195982247,
      34.34051462374627,
      36.48688615653664,
      33.7574308861047,
      34.43431441280991,
      33.49949760083109,
      33.845557175204156,
      32.441140157915655,
      29.38102160859853,
      35.124320035614076,
      38.18714288268238,
      31.573997187800707,
      32.718720067851244,
      34.69125808756799,
      35.370329103246334,
      33.87217699661851,
      33.89016303885728,
      35.12928422000259,
      36.31543796733022,
      35.45329689253121,
      32.65804964117706,
      39.94084662124514,
      38.12921385895461,
      35.60159667171538,
      37.67957530785352,
      33.45383300036192,
      34.30672651492059,
      30.80121106747538,
      37.439125287532804,
      42.87578653227538,
      36.64011131487787,
      34.933095366880295,
      42.45044561810791,
      40.90310290306807,
      36.43743432275951,
      36.38539653029293,
      36.117454431578516,
      45.00429408140481,
      38.55471323747188,
      37.95141975786537,
      32.862370336428285,
      37.77323464490473,
      35.421531103365126,
      34.87903898898512,
      38.93247815240174,
      33.64107206687331,
      34.36679915487766,
      36.376363039389254,
      35.94559596553445,
      33.33805042412132,
      38.44108891543001,
      38.451610661298034,
      34.726744895242156,
      37.954546158760785,
      39.32992440741509,
      37.61952638477087,
      37.2620722707361,
      38.62271037232131,
      38.534102282114326,
      37.77194633968175,
      37.25939976274967,
      37.24131967388094,
      30.4024628078565,
      37.61168811023235,
      37.054926003701986,
      42.4654923805967,
      38.908673820830884,
      39.60671741906553,
      37.52194526270032,
      37.35854855366051
    ],
    "sla_eMBB": [
      0.1791838603342573,
      0.17294388487314186,
      0.16601473125318686,
      0.1612223933885495,
      0.16072245170672736,
      0.1429718744009733,
      0.16905685975837212,
      0.16207689101497333,
      0.1560635957866907,
      0.16186716413746277,
      0.20370757597188155,
      0.18078659842411676,
      0.16190284810960293,
      0.17428101804107426,
      0.1544570199524363,
      0.1562560031314691,
      0.16121887565900883,
      0.1860099766900142,
      0.15838565833245716,
      0.16347558192908765,
      0.19578626319766046,
      0.15470294591039419,
      0.17266170990963778,
      0.36990574141343435,
      0.16285233952105047,
      0.1727729965125521,
      0.15425311969593167,
      0.32132958341389894,
      0.15757624752819538,
      0.1544925323004524,
      0.16474410646905502,
      0.21683410714070003,
      0.17277105687807004,
      0.1558839696769913,
      0.1805138618250688,
      0.3545180873076121,
      0.18879592254757882,
      0.14834915517518918,
      0.15739407951633136,
      0.1858102691670259,
      0.16219644967466593,
      0.15728131484240293,
      0.18426954572399457,
      0.20024613223969936,
      0.15954268246889114,
      0.15494136303663253,
      0.14803269216169915,
      0.18017148594061533,
      0.18683569197853406,
      0.18397386655211448,
      0.1520434981584549,
      0.15981429335971672,
      0.15724695487568777,
      0.1367091593767206,
      0.16411187703410784,
      0.12668527111411096,
      0.1534390991056959,
      0.15668046596149604,
      0.15463211332758267,
      0.17242491886019706,
      0.1562245552614331,
      0.14606436592837174,
      0.1573389540364345,
      0.15485920500010253,
      0.14683590221529205,
      0.1616063065826893,
      0.1516919753452142,
      0.14598404457171757,
      0.15059374514967203,
      0.159459640532732,
      0.15706126410514115,
      0.1515729235733549,
      0.12347410989304383,
      0.16617596385379632,
      0.14373155906796456,
      0.16932292234152554,
      0.1702388176942865,
      0.15184299669538934,
      0.15050269971291225,
      0.16058856868495544
    ],
    "sla_URLLC": [
      0.4430002828439077,
      0.4268345088263353,
      0.4066970895727475,
      0.4225547154247761,
      0.38062565063436826,
      0.7344449841976166,
      0.42332184116045635,
      0.4235331445932388,
      0.4276110809544722,
      0.3758504456281662,
      0.42987785905599596,
      0.40409560561180113,
      0.44545569757620496,
      0.3850249501566092,
      0.4185984587172667,
      0.40547945588827133,
      0.40617569704850515,
      0.37334954246878627,
      0.361215062191089,
      0.4174133734901746,
      0.4057714436948299,
      0.38588776712616285,
      0.41146689052383106,
      0.2784517749150594,
      0.42846146285533904,
      0.39793714995185536,
      0.41550202637910844,
      0.29349475517868995,
      0.4489308174451192,
      0.6306704771518707,
      0.40828708067536357,
      0.3995606314142545,
      0.4459757463137309,
      0.4407793614765008,
      0.39212653145194054,
      0.2693085386355718,
      0.3892543692390124,
      0.5122669155399004,
      0.46539359013239545,
      0.5176787508527437,
      0.4437363789975643,
      0.41259946664174396,
      0.4673013401031494,
      0.4420534040033817,
      0.4482856754710277,
      0.45854379231731096,
      0.4577800154685974,
      0.49012490957975385,
      0.41980759660402933,
      0.461200969517231,
      0.40936313683787984,
      0.46791280726591744,
      0.437908822397391,
      0.6304975638786952,
      0.4788876059154669,
      0.8439688316980998,
      0.41441052506367365,
      0.43287860398491224,
      0.4294788532455762,
      0.41221924424171447,
      0.4903398262461027,
      0.48897560993830363,
      0.4330523544053237,
      0.45737163762251537,
      0.5028309878210226,
      0.45551887661218643,
      0.4578595930337906,
      0.4878378779192766,
      0.48389383201797803,
      0.45944094344973563,
      0.468286996136109,
      0.4726971032222112,
      0.5122276448706786,
      0.46855085601409274,
      0.46700958266854287,
      0.4757834290464719,
      0.4792607737580935,
      0.5008865249156952,
      0.4527442481120427,
      0.4535376625259717
    ],