{
  "args": {
    "method": "mappo",
    "drift": "multi",
    "n_agents": 10,
    "n_slices": 5,
    "horizon": 150,
    "episodes": 80,
    "seed": 3,
    "hidden": 64,
    "ppo_epochs": 4,
    "lr_ippo": 0.0005,
    "severity": 1.5,
    "log_every": 80,
    "outdir": "results"
  },
  "metrics": {
    "episode_reward": [
      12.555807854048908,
      14.740903322398662,
      12.339454786479473,
      14.987804290279746,
      12.051226924732328,
      18.82837638463825,
      12.899053971655666,
      16.241435667686165,
      14.542544516548514,
      15.037911336310207,
      13.103070205636323,
      14.018816710449755,
      13.912829012796283,
      14.039804278500378,
      13.187728099152446,
      16.148146894574165,
      14.276860862225295,
      13.575886295549571,
      12.60080890674144,
      13.89184268321842,
      14.249426789022982,
      13.984766078740359,
      13.968919393606484,
      14.195574005506932,
      12.912586252391339,
      16.453772903233766,
      13.232747849822044,
      14.44628154821694,
      14.570102991722525,
      18.822039230540394,
      13.696524680778385,
      15.535874892026186,
      14.45809229183942,
      15.339815700612963,
      19.250135961733758,
      15.268683693930507,
      14.994631738774478,
      13.443554859608412,
      15.709286074526608,
      15.50629513002932,
      17.147943195700645,
      12.68025749400258,
      15.240401629731059,
      15.809566327556968,
      16.70381935853511,
      15.201711769215763,
      18.04893673490733,
      16.10015325024724,
      14.33853544704616,
      16.985951623879373,
      19.46965317800641,
      17.575796927697958,
      18.422603091225028,
      19.09819568078965,
      21.124321520514787,
      15.097754571773113,
      17.573622133396565,
      22.608537846058606,
      17.853647799603642,
      17.70309362653643,
      15.699626336619257,
      19.392501847073436,
      17.059542558528484,
      15.662138985283672,
      17.96990355812013,
      22.95185278747231,
      18.74737004544586,
      19.740081666596232,
      18.176315841078758,
      17.68380088377744,
      21.198204428702592,
      19.885986171290277,
      17.20558906365186,
      17.89284411612898,
      17.8098685644567,
      20.212979552708568,
      16.850065326690675,
      18.048761997744442,
      16.78626645449549,
      16.438775251619518
    ],
    "sla_eMBB": [
      0.09643396024902662,
      0.11638507491598526,
      0.09836661667563021,
      0.09961314314976334,
      0.10463088661121825,
      0.07848004850248495,
      0.0971050941509505,
      0.11291010291626057,
      0.09654729131609202,
      0.10667655202560127,
      0.08473181615894039,
      0.11255481711899241,
      0.09175616113469004,
      0.09308732255051533,
      0.09842717744410039,
      0.0856507424203058,
      0.09558148553284505,
      0.09664956570602953,
      0.1080470476175348,
      0.08845621389026444,
      0.07991589400606851,
      0.0933405432663858,
      0.0899566303131481,
      0.09074193783725301,
      0.06968144762019317,
      0.10568900871401032,
      0.10089113377733155,
      0.09509684012892346,
      0.09543934953088562,
      0.10794975601136685,
      0.09611797197644288,
      0.08911667749285698,
      0.09882939091573159,
      0.09292371696482102,
      0.10018752465645472,
      0.09980228443940481,
      0.09509345001851519,
      0.1025210294748346,
      0.10178438366080324,
      0.0940997193257014,
      0.09011009661480784,
      0.09347710160538554,
      0.10011577927817901,
      0.10234953360632063,
      0.08876587251822153,
      0.09550385303174456,
      0.09674302496636908,
      0.0959857128188014,
      0.0837611551831166,
      0.09225493339821696,
      0.07261106481775642,
      0.09768245356778303,
      0.08402580060685674,
      0.07035028390586376,
      0.09683412292351325,
      0.09164384907732408,
      0.10489538873235385,
      0.13312513234093784,
      0.08085333855822682,
      0.08684099543839693,
      0.09405060563236475,
      0.0878774985143294,
      0.08884680222719908,
      0.09885393265634775,
      0.08815041492072244,
      0.10942769994338354,
      0.08842797096508245,
      0.0969055465174218,
      0.08035085837667187,
      0.09297941294809182,
      0.10764347306142251,
      0.0872082954707245,
      0.06962243169856568,
      0.08444551742635667,
      0.08968012948210041,
      0.09352525724718969,
      0.08925092566137513,
      0.0894270746409893,
      0.08313400709380706,
      0.06469901295999686
    ],
    "sla_URLLC": [
      0.15067904867231846,
      0.17719228232900303,
      0.16704525204996268,
      0.21963475880523523,
      0.15627853554983934,
      0.3275460930913687,
      0.14610483273863792,
      0.2053600532064835,
      0.2118628456691901,
      0.2092558013399442,
      0.1956911884744962,
      0.1871271471430858,
      0.17291486603518327,
      0.23825672460099062,
      0.18081663052241007,
      0.15981413498520852,
      0.17178936971972386,
      0.1763167405128479,
      0.18135224524264534,
      0.17400959851841133,
      0.3646776357293129,
      0.17359539434313775,
      0.17780210375708216,
      0.19662005384763082,
      0.34402827435483535,
      0.21610923789441586,
      0.15817150600254537,
      0.24056528399387994,
      0.21689969092607497,
      0.21446354884033403,
      0.17566294769446056,
      0.23882271538178126,
      0.17124002595742543,
      0.2384309962640206,
      0.20200629790623983,
      0.1962422196070353,
      0.21105367228388786,
      0.16092552550137043,
      0.21374355010688306,
      0.20702582649886608,
      0.22012670154372851,
      0.188200860992074,
      0.18595937617123126,
      0.21632301601270834,
      0.25251894901196165,
      0.21042032323777676,
      0.27640436972181004,
      0.20456786495943866,
      0.20716234125196933,
      0.22118148329357307,
      0.3793807541579008,
      0.25703014492988585,
      0.2530282975981633,
      0.38355038416882353,
      0.23295582416156926,
      0.19274516421059767,
      0.19855919860303403,
      0.19173502852519353,
      0.31749290878574055,
      0.2614724735915661,
      0.19623081445693968,
      0.23739560407896837,
      0.22725323552886645,
      0.2051707364122073,
      0.25285449109971525,
      0.23350595427056153,
      0.2449267649650574,
      0.2688679933547974,
      0.25996797665953636,
      0.2644173252334197,
      0.223974199021856,
      0.28552035816013815,
      0.5918094486991564,
      0.2273989087094863,
      0.2476468313485384,
      0.31067810078461966,
      0.24111757268508274,
      0.2425496908525626,
      0.2110440448174874,
      0.5073549640675385
    ],