{
  "args": {
    "method": "mappo",
    "drift": "multi",
    "n_agents": 3,
    "n_slices": 5,
    "horizon": 150,
    "episodes": 80,
    "seed": 1,
    "hidden": 64,
    "ppo_epochs": 4,
    "lr_ippo": 0.0005,
    "severity": 1.5,
    "log_every": 80,
    "outdir": "results"
  },
  "metrics": {
    "episode_reward": [
      13.781161341816187,
      13.584091980010271,
      17.120243205999333,
      17.944743178163964,
      18.413744651402038,
      22.156461272388697,
      13.555153964087367,
      15.121354085082809,
      15.253688144187132,
      16.37058726201455,
      14.482454480603337,
      17.044406628236175,
      12.631821597615877,
      16.290943731864292,
      18.01083566248417,
      20.44569276707868,
      20.080276076371472,
      15.660164111604294,
      14.960779856269559,
      20.719282999634743,
      15.753668701897064,
      15.886160342022777,
      22.341879192118842,
      19.48187903314829,
      18.07254912207524,
      17.577196011319757,
      18.67188379106422,
      20.874157993743818,
      19.471065929780405,
      19.739764851207536,
      25.045152822509408,
      21.137043831249077,
      25.838652588427067,
      23.295268246283133,
      22.79954608778159,
      25.493498319759965,
      25.412242646639545,
      28.587284276261926,
      25.731498847405117,
      26.990614540874958,
      25.242815079788368,
      25.60462253727019,
      31.834433313459158,
      28.234883663554985,
      27.752794448907178,
      31.429018865649898,
      29.237015298257273,
      32.470685344189405,
      29.942656340698402,
      32.267846473803125,
      34.10562929821511,
      31.675441751256585,
      32.92743423456947,
      27.214212289700907,
      38.20930780718724,
      34.05841718676189,
      38.382913683230676,
      34.40202465094626,
      37.41923781360189,
      35.492240979646645,
      36.631055653716125,
      36.640897848953806,
      37.09845355153084,
      36.72232280919949,
      34.30334006932875,
      38.66603431540231,
      37.14310743100941,
      36.23663358887037,
      26.45740499906242,
      36.6909750563403,
      38.327438689147435,
      27.925425068164866,
      37.43019413265089,
      38.39270060385267,
      35.00810794097682,
      47.85536169695357,
      38.462041122217975,
      43.215492525448404,
      38.383017095426716,
      35.35903977292279
    ],
    "sla_eMBB": [
      0.1156014780451854,
      0.09727645348757505,
      0.10622866297761599,
      0.07610892831037441,
      0.11524861336996158,
      0.09336951381216446,
      0.08927301558355491,
      0.09118296422064304,
      0.09951407848546902,
      0.0941297343497475,
      0.11310845975453655,
      0.13424400905768077,
      0.11949112579226494,
      0.09586698057750861,
      0.08859127201139927,
      0.07459854885935784,
      0.10207019620885452,
      0.09695984691381454,
      0.09504815757585068,
      0.11015774895747503,
      0.09799303963780404,
      0.09013044824202855,
      0.09323198060194651,
      0.09107220501328508,
      0.08230374765271942,
      0.07523524744436144,
      0.09144481550902128,
      0.08293586283301314,
      0.09026553872972727,
      0.08100079224134485,
      0.082719215216736,
      0.08610982814182838,
      0.06637938839693865,
      0.074663644383351,
      0.07278494957524041,
      0.07422069340672655,
      0.07436254640420278,
      0.0688508644948403,
      0.05315902230640252,
      0.0625045554836591,
      0.05525453151514133,
      0.061643753920992216,
      0.05574775852262974,
      0.06680970190713803,
      0.054301227865119775,
      0.06473605200648308,
      0.049518645346009485,
      0.06348960830519597,
      0.05848204649363955,
      0.061521967525283494,
      0.053918498133619625,
      0.043936154445012414,
      0.05020855625470479,
      0.03287065877268712,
      0.03886188500871261,
      0.04646200608462095,
      0.04730671132604281,
      0.049155156929045915,
      0.0424691786368688,
      0.047962384155641,
      0.038433119524270296,
      0.0440337331717213,
      0.044454748161757984,
      0.04320077544699113,
      0.04415348502496878,
      0.041795174864431225,
      0.03805286324893435,
      0.03794122827860216,
      0.034795739402373634,
      0.035241294391453265,
      0.04849843745430311,
      0.0405206502477328,
      0.041810814413474874,
      0.03898447371398409,
      0.04450902655720711,
      0.0369519938994199,
      0.040484165800735356,
      0.041775448794166246,
      0.046903708502650264,
      0.04610699908186992
    ],
    "sla_URLLC": [
      0.19455737763394912,
      0.181192557864512,
      0.15392825573682786,
      0.33453295533855754,
      0.2471413143972556,
      0.38917789881428083,
      0.19420661143337686,
      0.23067892278234164,
      0.24200647161652644,
      0.15693874423236898,
      0.17206067464023364,
      0.18139118637268742,
      0.13208004247397184,
      0.21826966169600687,
      0.15967741278000175,
      0.3699193500634283,
      0.18369562820531427,
      0.19336570783673476,
      0.20191430954883496,
      0.265010173295935,
      0.24971083223819732,
      0.25444198068231344,
      0.28053372832636037,
      0.2575608332082629,
      0.20192612611223013,
      0.23962812148034573,
      0.18530710168803732,
      0.1988910201440255,
      0.2545409512023131,
      0.2435805902381738,
      0.3238625493645668,
      0.22235874737302463,
      0.2234857705856363,
      0.2798806414504846,
      0.3222850675880909,
      0.2823422807951768,
      0.32951211417714754,
      0.3526944467922052,
      0.31415098600710434,
      0.32171773885687194,
      0.3402776597936948,
      0.32309845646222435,
      0.28062763199210167,
      0.372677658945322,
      0.34909309188524884,
      0.45302979558706286,
      0.33556715965270995,
      0.4759708828727404,
      0.38347256685296693,
      0.4019288401802381,
      0.32139671151836713,
      0.4412034345666567,
      0.4530216028292974,
      0.4864542354146639,
      0.5364288868506749,
      0.4514288253585498,
      0.46525548497835795,
      0.48042001605033874,
      0.4808540181318919,
      0.4532444176077843,
      0.32506570671995483,
      0.47018597051501276,
      0.5349535847206911,
      0.42478966146707536,
      0.7231060556570689,
      0.5104193457464377,
      0.5258853412171205,
      0.4798325379689535,
      0.7901562849680582,
      0.5150136935710907,
      0.45333788096904754,
      0.48055811315774916,
      0.5277903409302235,
      0.5096362748742104,
      0.5164093404014906,
      0.49101812491814295,
      0.4906112275520961,
      0.5391660767793656,
      0.5352527841428916,
      0.4559530821442604
    ],