{
  "args": {
    "method": "mappo",
    "drift": "multi",
    "n_agents": 6,
    "n_slices": 3,
    "horizon": 150,
    "episodes": 80,
    "seed": 0,
    "hidden": 64,
    "ppo_epochs": 4,
    "lr_ippo": 0.0005,
    "severity": 1.5,
    "log_every": 80,
    "outdir": "results"
  },
  "metrics": {
    "episode_reward": [
      34.72274413549652,
      32.48432502647241,
      35.65470783195148,
      34.957341004783906,
      32.75317812959353,
      35.83389312494546,
      31.823238184365135,
      35.53431597072631,
      38.578560648175575,
      37.22301260444025,
      33.737232079418995,
      31.72675878368318,
      31.52143370608489,
      35.21335665943722,
      36.19625638332218,
      35.582889333056904,
      35.78447265736759,
      31.50053035716216,
      43.51069470960647,
      37.55403287677715,
      36.516059915845595,
      37.02292945639541,
      34.54998766910285,
      38.42319283882777,
      33.74617332002769,
      29.92997942554454,
      44.53504375182092,
      30.796183418482542,
      37.83328169770539,
      35.96670771855861,
      34.7646776024873,
      34.44394568974773,
      34.51465619945278,
      39.6025620183597,
      33.600659099407494,
      27.92218609713018,
      33.0152069820712,
      38.22233042617639,
      37.50481061451137,
      33.81331941764802,
      34.96657851369431,
      31.73160621182372,
      37.39608950447291,
      35.678815437170364,
      35.9310070713982,
      35.49071799901625,
      33.96349618304521,
      34.21102566613505,
      41.49331440217793,
      35.4767713425681,
      38.34149562908957,
      37.136077406195305,
      37.89632790132115,
      33.254588254106544,
      39.566408316915236,
      39.26786155657222,
      36.01533479988575,
      40.49605884589255,
      43.6190297473222,
      41.00276194730153,
      41.28812943181644,
      37.703580787715815,
      36.46585169155151,
      37.76756074341635,
      38.017963878189526,
      37.997239835870765,
      38.886493541921176,
      38.521852613426745,
      33.5558421947062,
      37.022769219862916,
      39.51153007429093,
      40.60296667957058,
      39.63545146087805,
      35.16348659526557,
      41.77776371190945,
      39.25316482813408,
      42.21645865961909,
      40.27623250739028,
      39.59876100812107,
      40.12110453595718
    ],
    "sla_eMBB": [
      0.16129301347769798,
      0.171875327154994,
      0.17829447569946447,
      0.20008282066633304,
      0.1581630452784399,
      0.16623916022479535,
      0.15839379070326687,
      0.16655291515092055,
      0.16174269790450732,
      0.18589689350066085,
      0.16847733914852142,
      0.16958304453641176,
      0.14921947016070286,
      0.15227724462126693,
      0.17643111909429232,
      0.16515310222903887,
      0.17705219820141793,
      0.16933197691415747,
      0.6764446587860584,
      0.16846786487847568,
      0.16145864026000104,
      0.16410935379564762,
      0.15540758774305383,
      0.38675034627318383,
      0.16373432832459608,
      0.1182810115472724,
      0.21777761081854502,
      0.17061593254407248,
      0.37438653739790123,
      0.15945670609672866,
      0.1658214900890986,
      0.3092174415290356,
      0.16227281847968697,
      0.1896397750452161,
      0.15174302089959382,
      0.13698007366309564,
      0.1536774141341448,
      0.16670277297496797,
      0.21822970882058143,
      0.1636466306913644,
      0.17954787438114483,
      0.16762610744064052,
      0.17458132163931925,
      0.1708765548840165,
      0.17771758373826743,
      0.16568230177586277,
      0.15667671350141366,
      0.17387561346714694,
      0.20134789999574423,
      0.28626260681077836,
      0.16281951316321888,
      0.16752866634478172,
      0.16072178825736047,
      0.1690967523182432,
      0.17203234346583485,
      0.1641065221155683,
      0.152544163223356,
      0.13918137149264415,
      0.210255039781332,
      0.16114656084527573,
      0.18972611260289948,
      0.16105231498057643,
      0.1632546241953969,
      0.15533840426554282,
      0.18293005672593912,
      0.16222176734358074,
      0.16458352257497608,
      0.15046317786599198,
      0.1554400145697097,
      0.2866646888044973,
      0.1630939068024357,
      0.39336634332935017,
      0.16543788325041534,
      0.16590052938709657,
      0.15768844491491715,
      0.1614852396771312,
      0.15494883606831233,
      0.15195108057310183,
      0.19639190986131627,
      0.15954561168327927
    ],
    "sla_URLLC": [
      0.4073415394624074,
      0.3988030787309011,
      0.4136898363381624,
      0.4045796269675096,
      0.3990198335796595,
      0.45462619612614313,
      0.39058727264404297,
      0.4385878084599972,
      0.4780273550003767,
      0.42734495930373667,
      0.39260046479602656,
      0.37503090359270574,
      0.3736801571150621,
      0.44232585904498894,
      0.4204175864408414,
      0.45527528777718546,
      0.4194697857648134,
      0.2952759961038828,
      0.288863459850351,
      0.46729532902439436,
      0.4605055765310923,
      0.4511377889911334,
      0.4288830475012461,
      0.30965385501583415,
      0.39272015519440173,
      0.750957909822464,
      0.48037373503049213,
      0.36924189468224844,
      0.3019877452403307,
      0.4488522619505723,
      0.4354704652975003,
      0.2857623178015153,
      0.4089038809637229,
      0.45837786262234054,
      0.4230421227216721,
      0.4806219411144654,
      0.4188811864083012,
      0.47342059085766475,
      0.43997373250623545,
      0.45157146736979487,
      0.4360631489753723,
      0.39858727586766085,
      0.4505086437612772,
      0.42907904386520385,
      0.42112295374274256,
      0.44430540839831034,
      0.4236613187442223,
      0.4102235567073027,
      0.443621169179678,
      0.31415104841192565,
      0.4891215950747331,
      0.4526064690450827,
      0.47670416990915937,
      0.803736931681633,
      0.4911386242012183,
      0.4885156851510207,
      0.4418426064153512,
      0.7572570077578227,
      0.4730593014260133,
      0.5100134871403377,
      0.45910324436922867,
      0.48208340550462403,
      0.46460214773813885,
      0.45140563557545343,
      0.4562809431304534,
      0.4825289997458458,
      0.48687358766794203,
      0.48189063554008804,
      0.4258662144839764,
      0.32084573837618036,
      0.4851286076505979,
      0.32862525110443436,
      0.5025047260026138,
      0.4260583599408468,
      0.5135591596364975,
      0.49326370713611445,
      0.5444932914773624,
      0.5130806181331475,
      0.4525516277551651,
      0.5009125899771849
    ],