{
  "args": {
    "method": "mappo",
    "drift": "multi",
    "n_agents": 10,
    "n_slices": 3,
    "horizon": 150,
    "episodes": 80,
    "seed": 4,
    "hidden": 64,
    "ppo_epochs": 4,
    "lr_ippo": 0.0005,
    "severity": 1.5,
    "log_every": 80,
    "outdir": "results"
  },
  "metrics": {
    "episode_reward": [
      34.03673358410597,
      36.48974222522229,
      36.284472045302394,
      41.24443593490869,
      34.07308325711638,
      32.704639721289276,
      38.24375228658319,
      35.96877404395491,
      35.24903538860381,
      33.135570880770686,
      36.154616088047625,
      34.915955593436955,
      32.956742302700874,
      32.590127896517515,
      31.37959309387952,
      35.25278275627643,
      36.78662485815585,
      36.66807636283338,
      35.57425299845636,
      36.14497550614178,
      32.405913051404056,
      32.68046242631972,
      30.8673970118165,
      34.166869442351164,
      40.34008411876857,
      35.13982663676143,
      35.36385661382228,
      34.298244412615894,
      31.998521745949983,
      36.89206535164267,
      31.914580859988927,
      36.05637194886803,
      37.144847528636454,
      42.46734979115426,
      33.782791786640885,
      42.87262379601598,
      37.08159030526876,
      36.30195440705866,
      33.41294605322182,
      32.595120390318336,
      43.58019259460271,
      38.029148733057085,
      37.452463117986916,
      37.392277606576684,
      35.68723168056458,
      37.69140884783119,
      35.3545524565503,
      37.20843393746763,
      41.058061288483444,
      37.15807388778776,
      35.50781644675881,
      33.55053819417954,
      37.76826715767383,
      38.51595105864108,
      38.79793052505702,
      39.04168238230049,
      37.71909379772842,
      37.61465513594449,
      35.81276912204921,
      41.52645101584494,
      34.90940842237323,
      37.214255448244515,
      40.06864150222391,
      37.334331122785805,
      40.11367882788181,
      38.84507962465286,
      37.085326061956586,
      38.69747386779636,
      37.90700674839318,
      39.9800149647519,
      38.35798917096108,
      37.731019605137405,
      40.60234220512211,
      42.13983628954738,
      40.96959175337106,
      40.74017437919974,
      39.07353680785745,
      38.6465587541461,
      39.40032477546483,
      38.96264615803957
    ],
    "sla_eMBB": [
      0.1579166438554724,
      0.1735275929917892,
      0.17173800006508827,
      0.14691777657717467,
      0.16972535125911237,
      0.17843053714682658,
      0.1632099486949543,
      0.16965318825716774,
      0.18117785677313805,
      0.16282646326969066,
      0.18342667823036513,
      0.17385405843456586,
      0.16149756104995808,
      0.18209777722756068,
      0.1610187651279072,
      0.16180647791052857,
      0.16954259698589644,
      0.16229268535971642,
      0.1616949314251542,
      0.16142259945472082,
      0.15935034590462843,
      0.15431665106366077,
      0.14556045522292455,
      0.16309441095838945,
      0.14384071283042432,
      0.17521959813932578,
      0.16622002854943274,
      0.16736172631382942,
      0.1153064243743817,
      0.16366822386781374,
      0.16628590784966946,
      0.17003078892827034,
      0.17908619477103155,
      0.19501040528217953,
      0.15670201761027178,
      0.1596910278685391,
      0.17999553433308998,
      0.16490110350151857,
      0.17111577123403549,
      0.1552599130446712,
      0.19284011791149774,
      0.17278040897101163,
      0.16557323694229126,
      0.17545606665313243,
      0.3495396512374282,
      0.17598387957861025,
      0.17242891892790793,
      0.17882541709889968,
      0.2266346941391627,
      0.16290782476464907,
      0.15822947790846228,
      0.16101168307165306,
      0.15795503325760366,
      0.15806058162202438,
      0.15498274713754653,
      0.16951605240503947,
      0.15609758963187537,
      0.15232045230766136,
      0.1670340195670724,
      0.19929082547624907,
      0.15686371841778357,
      0.1878721949333946,
      0.15769500068078438,
      0.15519234800090392,
      0.1536304242660602,
      0.16610677670687438,
      0.16116120393077532,
      0.1594833553334077,
      0.14609484888613225,
      0.1654521586187184,
      0.15045523896813393,
      0.3433595060557127,
      0.16454735369731982,
      0.1755394344901045,
      0.14461446549743415,
      0.15476220627625784,
      0.1544115772222479,
      0.1532471171269814,
      0.14655083481222392,
      0.3276672396684686
    ],
    "sla_URLLC": [
      0.4252199784417947,
      0.45163388177752495,
      0.4264107779165109,
      0.7678488858540853,
      0.39373385056853294,
      0.38866534287730853,
      0.4734122920036316,
      0.426285194059213,
      0.4259745381275813,
      0.39732293849190076,
      0.43368494510650635,
      0.41914508322874705,
      0.3975533251464367,
      0.37364777078231176,
      0.38131521488229436,
      0.43519083013137183,
      0.448235821723938,
      0.45155137449502947,
      0.44276626522342366,
      0.4537159896393617,
      0.37846978440880774,
      0.39746053621172905,
      0.50901192471385,
      0.4208203295369943,
      0.7368510973453521,
      0.41007915367682773,
      0.432831442207098,
      0.40961160108447076,
      0.814706339041392,
      0.45275240192810695,
      0.3683033137520154,
      0.4333740624785423,
      0.4578393453856309,
      0.46428228040536246,
      0.4120492346584797,
      0.7704602668682734,
      0.43753226190805433,
      0.4485546270509561,
      0.4080201719204585,
      0.40027974024415014,
      0.4901300525665283,
      0.4596080640455087,
      0.45169197206695877,
      0.4430891153216362,
      0.2898256195584933,
      0.4646632909278075,
      0.41268137509624164,
      0.4477082156141599,
      0.42959920118252437,
      0.46631723329424857,
      0.4254406726360321,
      0.42363179177045823,
      0.4746179252366225,
      0.4873655902345975,
      0.4801058136423429,
      0.4805158805847168,
      0.48624726821978886,
      0.47152006134390834,
      0.44706328595678013,
      0.4467401985327403,
      0.43870906631151835,
      0.43776030649741493,
      0.5114376504222552,
      0.48000971774260204,
      0.5285957250992457,
      0.5011198047796885,
      0.5327123310168584,
      0.4805100683371226,
      0.48869412392377853,
      0.49581848114728927,
      0.5035438138246536,
      0.31579969386259715,
      0.5140931503474713,
      0.5413530085484187,
      0.5624613959590594,
      0.5252873422205449,
      0.49677295754353207,
      0.4955513730148474,
      0.5222290367881457,
      0.32926876376072567
    ],