{
  "args": {
    "method": "mappo",
    "drift": "multi",
    "n_agents": 6,
    "n_slices": 5,
    "horizon": 150,
    "episodes": 80,
    "seed": 1,
    "hidden": 64,
    "ppo_epochs": 4,
    "lr_ippo": 0.0005,
    "severity": 1.5,
    "log_every": 80,
    "outdir": "results"
  },
  "metrics": {
    "episode_reward": [
      15.832145035266876,
      13.24265463401874,
      15.38881209709992,
      17.678594313872356,
      18.49867491858701,
      20.89961670152843,
      12.818160200491548,
      13.653156804541746,
      16.33743372404327,
      13.180188797103861,
      14.73843338402609,
      14.974394488148391,
      13.257408337978026,
      14.279188812399903,
      15.144165645043055,
      19.140829409472644,
      17.496416999648016,
      15.29502724421521,
      13.031541881461939,
      17.354064379818738,
      16.617705226565402,
      13.752230666888257,
      16.668915341918666,
      15.430419264982143,
      16.13007644501825,
      15.681999244106313,
      14.745291073185703,
      19.48468258387099,
      14.716170782223344,
      14.898597442855438,
      17.516975043031078,
      17.061532446804147,
      19.685217515255015,
      15.8863744676734,
      16.51706574453662,
      16.372633684426546,
      18.423796996163826,
      17.520842424904306,
      17.16112961930533,
      16.78129077764849,
      17.637266733994085,
      17.26545393001288,
      20.865151688146096,
      18.344865696504712,
      17.357034532974165,
      18.437757931028802,
      18.833380392442148,
      21.666595864420135,
      18.837738359346986,
      22.36281873440991,
      21.741092281726498,
      18.106654525424045,
      20.06111992833515,
      21.201354674684506,
      20.271893891195457,
      20.25309424288571,
      23.143374195632834,
      20.08558699550728,
      21.609026404097676,
      19.786510697255533,
      25.08643697015941,
      21.164790344734985,
      22.95281824034949,
      23.820633211483557,
      22.714080829173326,
      26.08018698046605,
      21.67101212590933,
      23.886951187935967,
      18.439458117509883,
      23.715662710058194,
      24.61919199768454,
      21.309366887745757,
      25.520515556757648,
      23.355213232648868,
      24.524757946220536,
      31.024214643985033,
      25.437532984341185,
      30.551391862953704,
      28.29577750340104,
      25.44138953089714
    ],
    "sla_eMBB": [
      0.10409328161988621,
      0.09729028630380829,
      0.10081201686834296,
      0.07418247550105055,
      0.12641517308851083,
      0.09579436340679726,
      0.11372930622349182,
      0.09537477921694518,
      0.10173629329229394,
      0.09026605221753319,
      0.09901331490526596,
      0.10642790799960494,
      0.1018360658797125,
      0.10767707291990519,
      0.09015906374901533,
      0.07670970909918348,
      0.09859747429688771,
      0.10522626497472326,
      0.10122437779481212,
      0.1186053949346145,
      0.0967572882398963,
      0.0930252902271847,
      0.09801460880786181,
      0.10064757449552417,
      0.08890564649055402,
      0.09501446627701322,
      0.10423305810778402,
      0.08963483268084625,
      0.09103120950361093,
      0.08258025219043096,
      0.08188209801912308,
      0.0894951872775952,
      0.09333660432447989,
      0.09516778621201714,
      0.0726619399835666,
      0.08733193947002292,
      0.08343720534816385,
      0.08420785061083734,
      0.07599729084099333,
      0.08023711929097771,
      0.08140060571332773,
      0.08829818802495235,
      0.0916747305324922,
      0.08055690475429098,
      0.07692116084819038,
      0.07537519864117105,
      0.06915070291608572,
      0.08642084436491132,
      0.08453647854427497,
      0.08132431513629854,
      0.07913479736695687,
      0.06488480338205894,
      0.09554351282616456,
      0.05844882098337015,
      0.07347007349754374,
      0.06655846549527875,
      0.08478465164701143,
      0.06773473431045811,
      0.06527128717241187,
      0.0700718963580827,
      0.08192222091990213,
      0.06949776581178109,
      0.06920668019602697,
      0.0676126982147495,
      0.07230385541295012,
      0.06488020793845256,
      0.07594619520629446,
      0.07348149019914368,
      0.05210579175502062,
      0.06094083024188876,
      0.06978439321741461,
      0.05441444044932723,
      0.06436805619858205,
      0.06379822747160992,
      0.0628223286010325,
      0.07011240712056557,
      0.07052206057434281,
      0.08207182909206798,
      0.061207773871719835,
      0.06648334960142771
    ],
    "sla_URLLC": [
      0.20851713314342002,
      0.1895676905227204,
      0.15398079144457977,
      0.3048966388652722,
      0.2509471459686756,
      0.33290200027326744,
      0.17387723349034787,
      0.17050932633380095,
      0.19758093897253276,
      0.1712316502421163,
      0.149855251647532,
      0.20883299924433232,
      0.1797862858697772,
      0.1615179380774498,
      0.22117132705946763,
      0.3763005581249793,
      0.18551775701499235,
      0.21975408665835858,
      0.18508074030280114,
      0.2114259547740221,
      0.2431953216592471,
      0.18554162266353766,
      0.228133226595819,
      0.21618333431581657,
      0.19533695068210363,
      0.21528310572107634,
      0.21367919847369193,
      0.18834028350810209,
      0.20778945028781892,
      0.21057111176351706,
      0.29932880533238254,
      0.22849111422896384,
      0.18991131392618021,
      0.22117722707490126,
      0.2520284322897593,
      0.2362571004529794,
      0.2103740241130193,
      0.21318783392508825,
      0.2150597189490994,
      0.1867102676567932,
      0.221691912834843,
      0.23213029575844607,
      0.1924540074666341,
      0.20107461189230283,
      0.2007503032342841,
      0.21771631124118965,
      0.18098471314568693,
      0.29069027125835417,
      0.21375273543099563,
      0.26271551676094534,
      0.2001527831455072,
      0.22870914588371913,
      0.21904743472735086,
      0.3606711332251628,
      0.21955940994123618,
      0.1991842126349608,
      0.2327579310039679,
      0.18913374473961692,
      0.2561571456988653,
      0.1991943314174811,
      0.21108139591912428,
      0.2287856042633454,
      0.27385454267263415,
      0.279888901685675,
      0.48150867263476055,
      0.30419965982437136,
      0.2788301325092713,
      0.32312283804019293,
      0.44089131861925124,
      0.34731944317619007,
      0.29474065599342186,
      0.39524397417902946,
      0.3462619555244843,
      0.3064987900356452,
      0.3408981158832709,
      0.32063031355539956,
      0.3425429083655278,
      0.3410790502031644,
      0.3508746284991503,
      0.37558897187312446
    ],