{
  "args": {
    "method": "mappo",
    "drift": "multi",
    "n_agents": 10,
    "n_slices": 5,
    "horizon": 150,
    "episodes": 80,
    "seed": 2,
    "hidden": 64,
    "ppo_epochs": 4,
    "lr_ippo": 0.0005,
    "severity": 1.5,
    "log_every": 80,
    "outdir": "results"
  },
  "metrics": {
    "episode_reward": [
      13.822527054138481,
      13.550154465995728,
      12.656024626269936,
      14.032080803252757,
      13.374653189070523,
      13.842864004150034,
      11.615827901102602,
      11.974589109048248,
      13.485245825909079,
      14.252221411652863,
      12.666022886522114,
      12.252254028990865,
      13.324221344850958,
      13.041491012647748,
      13.123506673425435,
      13.111156522296369,
      14.362466617114842,
      14.21014668662101,
      18.174234189465643,
      13.306099550426007,
      11.989069612696767,
      13.102255808375777,
      13.957729176804424,
      14.846535776928068,
      19.00115593262017,
      16.446627224236728,
      19.344174736365677,
      14.776730078831315,
      15.90368722807616,
      13.61401794925332,
      13.199751120246948,
      11.430353261716665,
      12.850472910702228,
      16.467773752845822,
      14.224577725678682,
      15.024353550933302,
      14.106676605157555,
      13.728913312591612,
      14.252017455920576,
      12.7414240995422,
      12.613197502493858,
      13.788119278289377,
      17.133699233457445,
      14.205393917299807,
      15.124822339043021,
      14.819942545890807,
      16.640537690371275,
      17.139987454004586,
      15.719961679168046,
      16.772109521739186,
      14.42916485518217,
      13.450306912884116,
      17.863218394853174,
      16.801548191159963,
      15.63604260981083,
      13.18946913369,
      17.611298769712448,
      15.85509895645082,
      16.979547882825138,
      18.374983995221555,
      15.55360490027815,
      14.504268350079656,
      15.235554311238229,
      15.67275606058538,
      15.656307848915457,
      17.243761660344898,
      15.521402103081346,
      16.62702742535621,
      15.608689099363982,
      19.603317784704267,
      16.064574368298054,
      18.37086402028799,
      16.363041998259725,
      16.064912090823054,
      17.370957099273802,
      16.214104732684792,
      15.656438131071628,
      15.10221910458058,
      15.778536091558635,
      19.596050476096572
    ],
    "sla_eMBB": [
      0.09466704827733338,
      0.08937749785060684,
      0.09487401619553566,
      0.09880776047085722,
      0.10321635449305176,
      0.09750432444736362,
      0.09051246288542947,
      0.09357283327107628,
      0.10503822933882474,
      0.0955212784341226,
      0.09831011021199326,
      0.09443587727844716,
      0.10054073224465053,
      0.09541926401977738,
      0.09663377989704411,
      0.09606837010321517,
      0.09845367805100977,
      0.10259206694861253,
      0.10977676317095757,
      0.09122202419365445,
      0.09254875517139832,
      0.09129737094044685,
      0.0939505248889327,
      0.09672816912954052,
      0.0839386544128259,
      0.11602583994468053,
      0.08897749703377485,
      0.09704698789864778,
      0.09323103530953328,
      0.08984417782785992,
      0.0956433363383015,
      0.09094740996758142,
      0.09178025244424741,
      0.08899507759138942,
      0.10274896779408058,
      0.0938091870645682,
      0.0979949513077736,
      0.09344561624030272,
      0.10226810850823918,
      0.09344460488607487,
      0.08205569966075321,
      0.08948909831543764,
      0.09543052046404531,
      0.08837743089844784,
      0.10922518690427144,
      0.08945170524219671,
      0.1081762263054649,
      0.09998816000918548,
      0.09078747402876615,
      0.09670220246228078,
      0.09413921437226236,
      0.08806208101101219,
      0.09419500978042682,
      0.0943426133133471,
      0.09490332364415129,
      0.09409776054633161,
      0.09044358350957434,
      0.09149484489113092,
      0.09490341817339261,
      0.09657515839363139,
      0.08681336995214224,
      0.08969863148406149,
      0.09854162609825531,
      0.09311090416585406,
      0.09713356217369437,
      0.09863711631235977,
      0.09087532208611568,
      0.08134809896970789,
      0.10359984529515108,
      0.08041708375948171,
      0.09829644989222289,
      0.09295628334706028,
      0.08548375608399511,
      0.08705613244945805,
      0.09565270480078955,
      0.09983610485680401,
      0.07167007061342398,
      0.08946960584570963,
      0.10171382362643877,
      0.10155322706947724
    ],
    "sla_URLLC": [
      0.16902540882428488,
      0.15688931037982304,
      0.16560521880785625,
      0.1997158657759428,
      0.16901327519367138,
      0.14386886882285277,
      0.15376333293815453,
      0.1572188337147236,
      0.16005499002834161,
      0.20125142842531205,
      0.14570143528282642,
      0.14945697548488776,
      0.18857310198247432,
      0.18733542002737522,
      0.18173491882781187,
      0.19503023125231267,
      0.18231360569596292,
      0.17806111740569275,
      0.19260021641850472,
      0.15291038364171983,
      0.18512073333064716,
      0.19703640992442767,
      0.17741690694044035,
      0.21735218547284604,
      0.3494812291363875,
      0.19020665057003497,
      0.32151294286052384,
      0.1695078445598483,
      0.23267239545782406,
      0.18404857796306412,
      0.1726785679658254,
      0.17780668226070703,
      0.15290602607031664,
      0.18341530946393808,
      0.1926531908661127,
      0.1966890914986531,
      0.19241665196294586,
      0.15533594484130542,
      0.19002958628038566,
      0.1757622779129694,
      0.2008117562532425,
      0.18683593635757764,
      0.17821691366533438,
      0.16553103017310303,
      0.20073784716427326,
      0.17902169110874336,
      0.19175150786836942,
      0.2333064150561889,
      0.19730071587177614,
      0.18930183691283067,
      0.16712500842909017,
      0.18241106842954954,
      0.2102486744026343,
      0.22697819091379642,
      0.17007660532991092,
      0.15778979736069837,
      0.2322008432696263,
      0.21721635224918526,
      0.1699364831050237,
      0.24898367596169313,
      0.23886789319415888,
      0.20958944601317248,
      0.17517701680461564,
      0.20681600831449032,
      0.18415184114438793,
      0.21418839134275913,
      0.20307591764256358,
      0.1897368853042523,
      0.19897258311510085,
      0.34818063939611116,
      0.20613192781805992,
      0.23932904966175556,
      0.17551002956926823,
      0.19701649931569895,
      0.19971922303239503,
      0.22061704345047473,
      0.39206023613611857,
      0.1791658664494753,
      0.1613935380180677,
      0.20970091660817464
    ],