{
  "args": {
    "method": "mappo",
    "drift": "multi",
    "n_agents": 3,
    "n_slices": 3,
    "horizon": 150,
    "episodes": 80,
    "seed": 6,
    "hidden": 64,
    "ppo_epochs": 4,
    "lr_ippo": 0.0005,
    "severity": 1.5,
    "log_every": 80,
    "outdir": "results"
  },
  "metrics": {
    "episode_reward": [
      36.70773423463106,
      29.134075054277975,
      37.14726199271778,
      36.41245835709075,
      37.535765316958226,
      35.17626821435988,
      36.878825173402824,
      37.223842519025006,
      35.59697971368829,
      36.903345968574286,
      34.3794612865895,
      31.98464594533046,
      37.78963145799935,
      37.20275261811912,
      36.799771619339786,
      35.66724458088478,
      38.747227696701884,
      37.399767487620316,
      32.89323351035515,
      34.447207237283386,
      37.58900351946553,
      37.64287896640599,
      34.88743271989127,
      38.482306975250445,
      39.93400534180304,
      37.4502629203101,
      35.750483092541494,
      38.26946332554022,
      37.46371064086755,
      37.29861193460723,
      37.56134421440462,
      34.299998830383025,
      39.442052625740565,
      37.807376143833004,
      40.79554226373633,
      42.45382518817981,
      33.92107893961171,
      39.15158209018409,
      35.60326228290796,
      36.49137410894036,
      42.091297180081405,
      40.52281908504665,
      38.66874944977462,
      40.66774211451411,
      48.03601144999266,
      40.57668428309262,
      43.98928653138379,
      40.26071196049452,
      39.132559552167855,
      34.58619337963561,
      45.227167907481395,
      42.108179311578475,
      45.9197497429947,
      50.23180994515618,
      42.17652092998227,
      38.84883983929952,
      44.98916327767074,
      41.53521900251508,
      42.02552801308533,
      46.218160140017666,
      47.9352675875028,
      42.723370483766,
      45.69479327338437,
      44.56284060205022,
      34.40596959119042,
      49.105868723243475,
      46.67514922469854,
      48.58548820950091,
      48.773978843043245,
      47.67534691095352,
      50.33407446431617,
      48.134052672733866,
      55.82494144514203,
      45.56818000537654,
      48.259083196520805,
      49.243295188372336,
      47.68886727901796,
      49.84962812190255,
      50.32876911138495,
      49.65192066381375
    ],
    "sla_eMBB": [
      0.17700947541743517,
      0.17421443716312449,
      0.2058661337569356,
      0.180033556719621,
      0.44000038820008436,
      0.37571334701652326,
      0.17354499187941352,
      0.18673729742566744,
      0.1873716226654748,
      0.187928290994217,
      0.16318710993975402,
      0.1591495243894557,
      0.18621181984121601,
      0.16913234191636245,
      0.1733532386707763,
      0.16533765748143195,
      0.14294093307107686,
      0.14059256656716268,
      0.18247697081416844,
      0.15354950152958433,
      0.16821100978801648,
      0.1632443642616272,
      0.18266412789622943,
      0.23392186438664794,
      0.17677140284329654,
      0.17678475699697932,
      0.18118089330072204,
      0.1621413167193532,
      0.17158395962789655,
      0.17467208767930667,
      0.1684874877644082,
      0.1830280163139105,
      0.19599624535068869,
      0.16241389769439896,
      0.17037225617095828,
      0.19051174796496828,
      0.18521308000509937,
      0.14970561139906446,
      0.16404071250309546,
      0.17759588620314995,
      0.173481182983766,
      0.17832313077524303,
      0.17680902448793254,
      0.16795517150933545,
      0.19461375278731188,
      0.1702741833900412,
      0.17148427619288364,
      0.1772354953736067,
      0.17611751462022462,
      0.15670392020915946,
      0.173100202716887,
      0.1603481173266967,
      0.1432176154727737,
      0.23967005958159765,
      0.18600691113000115,
      0.1831544407705466,
      0.1827745226273934,
      0.1801621016487479,
      0.18382980521768333,
      0.18319500918810566,
      0.19144385622193416,
      0.17873475762705007,
      0.1633652440706889,
      0.1890446761250496,
      0.13559021641189853,
      0.19110102153693637,
      0.18843555516873797,
      0.19328290037810802,
      0.1901126552807788,
      0.17727940586706004,
      0.1967932321752111,
      0.1845218512043357,
      0.24885207255681355,
      0.19007036516442896,
      0.1925410030471782,
      0.21110024604946376,
      0.1985612572543323,
      0.2036672209886213,
      0.1820449846672515,
      0.2028568762416641
    ],
    "sla_URLLC": [
      0.43612438182036084,
      0.3143177111571034,
      0.42545199051499366,
      0.43089011321465176,
      0.2965074069052935,
      0.282026628429691,
      0.44561223400135835,
      0.443103928565979,
      0.41392619982361795,
      0.4570875502874454,
      0.4224166534592708,
      0.38803024326761565,
      0.4468054986745119,
      0.45545740152398745,
      0.44486164587239424,
      0.40501154179374377,
      0.4835255369544029,
      0.6779374325275421,
      0.4070976118246714,
      0.45821752786636355,
      0.4556576899687449,
      0.4704328380028407,
      0.3807282188534737,
      0.4219448158641656,
      0.47924586936831476,
      0.46329073801636694,
      0.43204949448506036,
      0.4903656649092833,
      0.4627826004723708,
      0.4583458906163772,
      0.4563257621228695,
      0.404543543557326,
      0.481229345202446,
      0.44631158888339995,
      0.49852345754702887,
      0.5143028859297435,
      0.39257090946038564,
      0.5123006558418274,
      0.42905292779207227,
      0.4159391533086697,
      0.5303633475800356,
      0.5302396980424722,
      0.4960173604885737,
      0.5192137313820422,
      0.5360586035251618,
      0.48566870341698326,
      0.5583778621753057,
      0.4979528650144736,
      0.47503659476836524,
      0.5356514543294907,
      0.526288361599048,
      0.5327149130900701,
      0.8509710359573365,
      0.5132110495865345,
      0.5098123975843191,
      0.45306929275393487,
      0.5290020558734735,
      0.49978445981939634,
      0.5007907603184382,
      0.5638865516583125,
      0.5637378031512101,
      0.5158824877937634,
      0.559008947412173,
      0.5313431741297245,
      0.5722000693281492,
      0.5705077690382798,
      0.5705922361711661,
      0.5654698204994202,
      0.5860541772345702,
      0.5671693136791388,
      0.6234357536335786,
      0.5886689624190331,
      0.562647002339363,
      0.565680533995231,
      0.5723191576202711,
      0.5764748386542002,
      0.5901606962581476,
      0.5765923354526361,
      0.6292830281456312,
      0.5668522015213966
    ],