{
  "args": {
    "method": "mappo",
    "drift": "multi",
    "n_agents": 6,
    "n_slices": 3,
    "horizon": 150,
    "episodes": 80,
    "seed": 1,
    "hidden": 64,
    "ppo_epochs": 4,
    "lr_ippo": 0.0005,
    "severity": 1.5,
    "log_every": 80,
    "outdir": "results"
  },
  "metrics": {
    "episode_reward": [
      32.683539810590446,
      35.03806281213959,
      34.215782053768635,
      33.71985430736095,
      29.53583240012328,
      41.64698004350066,
      34.37431333990147,
      35.02858583256602,
      31.453637978682917,
      30.814700016751885,
      37.86433364047358,
      34.57480916070441,
      35.48163838995,
      33.66784850011269,
      32.69238218820343,
      33.78351536268989,
      32.200319161328174,
      33.185671941687666,
      33.52733100516101,
      34.27837115743508,
      40.07532862791171,
      29.695648065457743,
      34.72476640623063,
      36.8792769756789,
      37.276562857441604,
      38.185403812366225,
      32.20215008749316,
      34.92081707715988,
      35.314302845547594,
      33.71220571299394,
      34.51606036350131,
      38.20180305403968,
      36.152081571519375,
      38.39819767232984,
      38.184248104070626,
      36.729489589730896,
      35.42000946278373,
      31.182019776664674,
      36.34425297876199,
      47.55087170004845,
      33.88484285119921,
      34.231866454705596,
      41.413591183411576,
      39.787665964725115,
      37.530526294993855,
      36.81753917845587,
      37.810489277665816,
      43.39912225989004,
      40.743539416852094,
      37.5425156733642,
      37.909137311701976,
      35.94336877608051,
      36.5129438014701,
      37.40754669035474,
      41.51893116285404,
      34.05530649175247,
      37.218837056929864,
      40.101659430501364,
      42.54223607201129,
      38.08530489106973,
      39.592503894741334,
      37.08828713465482,
      38.93320592927436,
      34.71448346413672,
      41.275554539325334,
      41.46434292724977,
      41.38923540742447,
      41.08599438828727,
      42.0212046119074,
      35.728816596480705,
      38.93216557738682,
      43.12477958419671,
      31.487727966159582,
      41.77033660188317,
      38.52379912200073,
      49.40695862906674,
      43.63873500190675,
      47.301705543883145,
      40.25844471591214,
      43.47195588114361
    ],
    "sla_eMBB": [
      0.17911083646118642,
      0.1768942951845626,
      0.17731381681437294,
      0.15938883785468835,
      0.15975578047335148,
      0.13813228268176317,
      0.17046944816596807,
      0.17875126710161568,
      0.16515404727309943,
      0.16336770442624887,
      0.20440404452383518,
      0.1752807010586063,
      0.1598853723021845,
      0.16023471993704638,
      0.15239021678765616,
      0.15816402400222918,
      0.15536229604855178,
      0.17988326626519363,
      0.16313375954826673,
      0.16005674288918575,
      0.20245576021571954,
      0.16239484842866658,
      0.1812093301055332,
      0.37974490204205114,
      0.16316795352846383,
      0.16652155863742032,
      0.15819333716606102,
      0.4127773268893361,
      0.1588942440475027,
      0.16280088552584251,
      0.1697648258258899,
      0.21513384194423754,
      0.18008970925584436,
      0.15637005988508462,
      0.17226985239734252,
      0.34461644761264326,
      0.19085382022584477,
      0.14727132144073646,
      0.1616964828968048,
      0.1883718984077374,
      0.16157339982688426,
      0.16398865262046455,
      0.19107417531311513,
      0.20282470422486465,
      0.14971092610309522,
      0.15748392252251506,
      0.1655244783560435,
      0.185206677565972,
      0.1947284428278605,
      0.17713365890706578,
      0.15036519643850624,
      0.16077137614289919,
      0.16602561127394438,
      0.13598706933359306,
      0.17847635747243962,
      0.1192791335657239,
      0.16527314810703198,
      0.17408891269316276,
      0.15891456394766768,
      0.1812902015571793,
      0.16697998818010093,
      0.15579762822948395,
      0.16256784650186698,
      0.16460831435397266,
      0.16646952896689376,
      0.16201993168642123,
      0.16464049925406773,
      0.1472707370420297,
      0.16320428603639206,
      0.1602900138249,
      0.16601991293951868,
      0.15271839950233698,
      0.13648038612057764,
      0.1683579246637722,
      0.15617171972369154,
      0.1771605110913515,
      0.16389462405194838,
      0.1518350872894128,
      0.1515481308164696,
      0.16127650367096066
    ],
    "sla_URLLC": [
      0.38491872501869995,
      0.4366236525028944,
      0.4080351234972477,
      0.42364715633292993,
      0.34872392545143766,
      0.7779376484950383,
      0.39235070375104747,
      0.40000994987785815,
      0.3788157181441784,
      0.35905903808772566,
      0.4067713211725156,
      0.42286562065283456,
      0.4301643963654836,
      0.4201827906320492,
      0.4010075651605924,
      0.40436029449105265,
      0.3937207933763663,
      0.3816433670123418,
      0.4205441827823718,
      0.4062609322120746,
      0.4162051275869211,
      0.3561421866963307,
      0.4233917097747326,
      0.29372836542626224,
      0.4566321152697007,
      0.464781239554286,
      0.3953897455086311,
      0.26973360845819117,
      0.43463037714362146,
      0.5795286865035693,
      0.41542782766123615,
      0.3807900489370028,
      0.4322221739590168,
      0.45261537383000056,
      0.40404859436055024,
      0.2905657917757829,
      0.3904193288087845,
      0.5007963911443949,
      0.4333799629410108,
      0.5930971571803093,
      0.41231491188208264,
      0.40325550148884454,
      0.4497249325116475,
      0.4114399433135986,
      0.457506805708011,
      0.46246184696753817,
      0.46109379149973395,
      0.4597681932648023,
      0.4464461970329285,
      0.46012398148576417,
      0.48422550946474074,
      0.43177911611894765,
      0.4505830386777719,
      0.6629437788327535,
      0.4903180546065172,
      0.8540195326010386,
      0.44100092565019927,
      0.4921237526337306,
      0.5218291456500689,
      0.4644904916485151,
      0.501487123866876,
      0.4699452211956183,
      0.48902618636687595,
      0.42949919710556667,
      0.5145318504174551,
      0.5160884899397691,
      0.5158365151286125,
      0.5184625133872032,
      0.5210993945598602,
      0.4244389971594016,
      0.4842396639784177,
      0.5522458642721176,
      0.552100235025088,
      0.5244893037776153,
      0.48643592099348704,
      0.5585100647807121,
      0.5499773302177589,
      0.6022408578793208,
      0.49164551869034767,
      0.5472848764558633
    ],