{
  "args": {
    "method": "mappo",
    "drift": "multi",
    "n_agents": 6,
    "n_slices": 5,
    "horizon": 150,
    "episodes": 80,
    "seed": 3,
    "hidden": 64,
    "ppo_epochs": 4,
    "lr_ippo": 0.0005,
    "severity": 1.5,
    "log_every": 80,
    "outdir": "results"
  },
  "metrics": {
    "episode_reward": [
      12.340668755583465,
      15.638103669509292,
      14.513568035326898,
      13.103361101510623,
      13.131145314934352,
      19.59302390087396,
      13.433294733365377,
      17.934506901539862,
      14.277865107171237,
      13.741711679535607,
      13.9892568939055,
      13.667789666603008,
      13.097946571807066,
      13.578702505367497,
      12.704463598318398,
      16.483833338754874,
      14.604197908503314,
      14.464562866836786,
      14.358533100225031,
      14.20931084578236,
      15.033557367200652,
      13.77182398394992,
      12.707629904461404,
      12.451672422389189,
      14.59076196824511,
      17.952490161483485,
      13.564760137038926,
      16.27564261543254,
      14.764495794040462,
      20.58610673714429,
      14.033139960219463,
      15.601196302101016,
      15.167272085944811,
      14.612316738503674,
      20.00803499141087,
      17.51896164721499,
      17.352930598581832,
      13.45981273179253,
      18.124883101632197,
      18.117513365422685,
      20.46900444291532,
      15.335198698875805,
      18.245848308938246,
      20.320198530641694,
      18.136348431929946,
      17.128655882241826,
      21.65011345005284,
      19.986832179750007,
      17.503407308210928,
      21.71382262557745,
      20.01795589334021,
      20.879555415983003,
      19.94633329100907,
      20.8498053404813,
      24.567290348932147,
      19.96045573055744,
      22.308734328175586,
      25.79452808977415,
      21.899817718192935,
      19.33851432769249,
      19.048980162789423,
      19.272372391074896,
      18.835643709947664,
      19.053652935661376,
      19.297829089996714,
      25.422289909484487,
      21.713252403152485,
      23.021890686204035,
      20.951741574642558,
      21.136024883637827,
      27.43811304556827,
      24.13788417354226,
      18.46852897728483,
      25.681692684069276,
      24.260931197864313,
      25.70025262919565,
      20.552589462138712,
      25.533734939992428,
      25.32568714177857,
      19.592801490488153
    ],
    "sla_eMBB": [
      0.09389270162209869,
      0.11074671814839045,
      0.08629037894929449,
      0.10496508524442713,
      0.10893876063326995,
      0.08242920039842526,
      0.10165022562568386,
      0.11828840373704831,
      0.09948891630396246,
      0.10748577072595557,
      0.09370222317054867,
      0.0960198734421283,
      0.0955457647703588,
      0.09914330043519537,
      0.10326038434480628,
      0.0887719152867794,
      0.09367737434183558,
      0.09116516360392173,
      0.10179614252100389,
      0.0956954599171877,
      0.07313979160040616,
      0.10006011471152305,
      0.10265153064702948,
      0.10309543161963423,
      0.06789282849989832,
      0.10190394123395284,
      0.10698552415395776,
      0.0993651148552696,
      0.10049158888558547,
      0.10411384874333938,
      0.09321175683910649,
      0.10006782464683056,
      0.10541556998466452,
      0.08957192067056895,
      0.1016377333427469,
      0.08664187558616201,
      0.09647782967736324,
      0.10453898970037699,
      0.10102489158511162,
      0.09075324806695183,
      0.079072062044094,
      0.08985333741952975,
      0.0898468042165041,
      0.08136386514330904,
      0.08645251888781785,
      0.08682435852165024,
      0.08454706416154902,
      0.09678739566355944,
      0.07677986490850647,
      0.08517544607942303,
      0.07150024604362747,
      0.08144371448705594,
      0.09576046888406078,
      0.055494266307602326,
      0.09836573810627063,
      0.09812303634360432,
      0.09386558207372825,
      0.15307700051460416,
      0.07877782191460331,
      0.08054863666494687,
      0.08779896235093475,
      0.08591536604488889,
      0.07861901667589942,
      0.08592054577544332,
      0.0969010158845534,
      0.1113252138098081,
      0.08145993725707133,
      0.0891290758177638,
      0.07403812985867261,
      0.08967180905863642,
      0.09182872893909613,
      0.08413693411896626,
      0.06322917023673653,
      0.07028064963718256,
      0.08166311677545308,
      0.08757852454359333,
      0.07461149444803596,
      0.06820919138068954,
      0.07040374073510369,
      0.05491152569030722
    ],
    "sla_URLLC": [
      0.17361075217525165,
      0.24768910101614894,
      0.21395517456034818,
      0.17662232907488942,
      0.16241419373701016,
      0.3647041377176841,
      0.16601297636826834,
      0.24812513165175915,
      0.19859498900827022,
      0.19624235243846974,
      0.20138123892247678,
      0.2164588686078787,
      0.16450454133562745,
      0.21349515043199063,
      0.1799871128362914,
      0.15644634375969568,
      0.18904649917036295,
      0.2233827614535888,
      0.16516220106432836,
      0.20184322294468682,
      0.4438725559785962,
      0.1966480720648542,
      0.172197389267385,
      0.1570799385259549,
      0.40846394050866364,
      0.2385848513742288,
      0.16805893301808586,
      0.2772755096356074,
      0.1930738598604997,
      0.2233207884306709,
      0.18008652857194343,
      0.2064802451307575,
      0.18029879187233747,
      0.21807105625669163,
      0.1879635612728695,
      0.24918770174185434,
      0.20282377967921397,
      0.17387016392002502,
      0.2473318021496137,
      0.260833626712362,
      0.2979216788460811,
      0.2922074767202139,
      0.27321408547461035,
      0.27065965307255585,
      0.29818482339382174,
      0.2354221197714408,
      0.33052853544553124,
      0.24752882450819017,
      0.21646484382450581,
      0.3176835771401723,
      0.364117205987374,
      0.2579488423963388,
      0.25581737749278544,
      0.4046221882601579,
      0.25433424912393093,
      0.25654483211537205,
      0.23728078012665113,
      0.2302687934289376,
      0.4294057780504227,
      0.28488523850838343,
      0.21526890640457472,
      0.2430065475528439,
      0.23562247363229594,
      0.2878308531890313,
      0.25646596116324266,
      0.29098730703194936,
      0.327122325176994,
      0.3330246373762687,
      0.2993318963299195,
      0.2816924036790927,
      0.3065430987626314,
      0.3405168605099122,
      0.6540313076972961,
      0.3679555565615495,
      0.3235865598171949,
      0.3917889941483736,
      0.3025945417086283,
      0.3653677759071191,
      0.3259890536218882,
      0.6875226843357086
    ],