{
  "args": {
    "method": "mappo",
    "drift": "multi",
    "n_agents": 10,
    "n_slices": 5,
    "horizon": 150,
    "episodes": 80,
    "seed": 4,
    "hidden": 64,
    "ppo_epochs": 4,
    "lr_ippo": 0.0005,
    "severity": 1.5,
    "log_every": 80,
    "outdir": "results"
  },
  "metrics": {
    "episode_reward": [
      13.698261754028499,
      12.637745930440724,
      14.071479354053736,
      13.114680982008576,
      14.855800948664546,
      11.81266259662807,
      14.264007613807916,
      13.924686145223678,
      13.657590053975582,
      12.311872401833535,
      13.540689669549465,
      14.106456217542291,
      14.460682472027838,
      14.006095397658646,
      13.909247463196516,
      13.91343586705625,
      14.421881291270257,
      12.659143038652838,
      12.725181546062231,
      17.73478201497346,
      13.627337708696723,
      12.928797617554665,
      13.145702771283686,
      13.342247974127531,
      14.427035135217011,
      15.276103002391755,
      14.20526825170964,
      13.654413673654199,
      12.359527259878814,
      12.695989143103361,
      12.982725615985691,
      13.9475077226758,
      15.33661749791354,
      15.716737082973122,
      14.463380156457424,
      15.31418856754899,
      15.030122221633793,
      14.880383311212062,
      15.561655923351646,
      14.896248524449765,
      17.39831770285964,
      13.819573296047746,
      15.33925103507936,
      15.542680672556163,
      14.900774457305669,
      15.772250560857355,
      17.937374815903603,
      18.689159034751356,
      14.974195581302046,
      18.95183006990701,
      15.795149737782776,
      17.05229452829808,
      15.906987978704274,
      15.83002087920904,
      21.35205102171749,
      16.444933188706635,
      17.678345469012857,
      23.17730464991182,
      16.626538649201393,
      15.899332836084067,
      15.184007113799453,
      15.654903274215759,
      19.790919630974532,
      16.645413731597365,
      19.194040262512864,
      20.698435557447375,
      17.229881708696485,
      18.752566444128753,
      18.880140562541783,
      17.85360819287598,
      17.671503240987658,
      18.309395764581858,
      18.178393876180053,
      18.92682913672179,
      18.4549528317526,
      18.680142157338558,
      21.374606005847454,
      18.04349281527102,
      19.52309806086123,
      18.747277434170247
    ],
    "sla_eMBB": [
      0.0879371184669435,
      0.09264155361180504,
      0.06927337617613376,
      0.09771717321127653,
      0.10142350920165578,
      0.09416945636893312,
      0.09599025549987952,
      0.09222239275152484,
      0.09633557294805845,
      0.09675921729144951,
      0.0903587118225793,
      0.10165826533610622,
      0.08885910901551446,
      0.10531774667402108,
      0.1076670256940027,
      0.09957469758267204,
      0.09063533223544558,
      0.08987561617046595,
      0.09055972645059228,
      0.0877496410223345,
      0.09748491182302435,
      0.10063273083418607,
      0.08788988806307316,
      0.0905643723346293,
      0.09108187592898806,
      0.0967344914873441,
      0.09468828884263833,
      0.09968893110441665,
      0.10059417322898905,
      0.0945804063230753,
      0.09045605372637511,
      0.09019793682421247,
      0.09982048940534392,
      0.1013892882472525,
      0.10076554800073306,
      0.1014055938522021,
      0.08931366837583482,
      0.09181712324420611,
      0.09518086591114601,
      0.09931399299452702,
      0.09821782073549305,
      0.10152925603091717,
      0.09260044071823359,
      0.09726583970089754,
      0.09027560918902357,
      0.10148869822112222,
      0.10445712544023991,
      0.09154544358452162,
      0.10037822787339488,
      0.08327330163990458,
      0.0865146070998162,
      0.08889155646786094,
      0.09262603172411521,
      0.0870049848780036,
      0.1090117001409332,
      0.09194966673851013,
      0.08540271267915765,
      0.10931850984692573,
      0.09223004242094855,
      0.0929041058756411,
      0.09437283966379861,
      0.0920155595180889,
      0.08399855038151145,
      0.08582139259204269,
      0.08593075112750133,
      0.09727043326323231,
      0.0889646890759468,
      0.07726341958157718,
      0.08319142465169231,
      0.08693482736125588,
      0.08121765414252877,
      0.086455666522185,
      0.08709997776895761,
      0.08354586329932014,
      0.08867317389075954,
      0.0867682845890522,
      0.07038308719173074,
      0.0758748447864006,
      0.08688327416777611,
      0.07895517870162924
    ],
    "sla_URLLC": [
      0.21752773729463418,
      0.15514043934643268,
      0.27147927922507126,
      0.1656488822338482,
      0.16894062337776025,
      0.15982968288163343,
      0.20060616033772627,
      0.18823541161914667,
      0.1807228800902764,
      0.1611124180133144,
      0.17447695694863796,
      0.14911980702231328,
      0.20605089406172433,
      0.15076830204459837,
      0.159415100167195,
      0.1836446194599072,
      0.1929055880010128,
      0.14696469247341157,
      0.14339118274549642,
      0.23693812948962054,
      0.17109234301994244,
      0.15253131627415617,
      0.15419574158887067,
      0.15695321067546805,
      0.17826527061561742,
      0.20271125329037507,
      0.1915077346066634,
      0.17596735036621491,
      0.15061542776723702,
      0.14011404709269604,
      0.14001590443154177,
      0.17123828959961732,
      0.17978108001252016,
      0.1933393850425879,
      0.20472969122231008,
      0.17895874194800854,
      0.19697172079235314,
      0.20887597275276978,
      0.1902107938627402,
      0.20120645391444364,
      0.2225706174224615,
      0.14348522568742433,
      0.1743534321586291,
      0.1955923572431008,
      0.15873071374992528,
      0.1954032751917839,
      0.1771454993635416,
      0.22385684822996457,
      0.18162816277394692,
      0.17800418552632133,
      0.21783928612867992,
      0.21138298526406288,
      0.21397828397651514,
      0.18905715043346086,
      0.23456260879834492,
      0.17764647488792737,
      0.2041001191486915,
      0.24733134801189105,
      0.2079786358277003,
      0.1818246843169133,
      0.15858975854353047,
      0.15634400290747483,
      0.2417715436592698,
      0.1742123397688071,
      0.19161141936977705,
      0.18247173870603242,
      0.17959210279087226,
      0.2007262898484866,
      0.20508264283339184,
      0.16393900795529287,
      0.22570569289227327,
      0.20265566495557627,
      0.2230567457775275,
      0.21637577131390573,
      0.19928387890259425,
      0.19253087458511195,
      0.30832277515282236,
      0.20819474985202155,
      0.2180098924289147,
      0.16914185119171937
    ],