{
  "args": {
    "method": "mappo",
    "drift": "multi",
    "n_agents": 3,
    "n_slices": 5,
    "horizon": 150,
    "episodes": 80,
    "seed": 4,
    "hidden": 64,
    "ppo_epochs": 4,
    "lr_ippo": 0.0005,
    "severity": 1.5,
    "log_every": 80,
    "outdir": "results"
  },
  "metrics": {
    "episode_reward": [
      15.085902029648423,
      14.529044069349766,
      13.681100961441794,
      11.667987177148461,
      12.244301450128356,
      11.38776712740461,
      14.601672835027179,
      17.644753431901336,
      13.964294907326499,
      13.148754541451732,
      14.000154052550593,
      12.288907067229351,
      14.049010791505376,
      14.852658348158002,
      16.7809395249933,
      14.479474692915877,
      15.538695889835557,
      13.521576970815659,
      13.828204061836004,
      19.06142779129247,
      15.171077107389769,
      13.769393606732288,
      13.364061235139767,
      16.270842909812927,
      16.592198787877958,
      14.121953835710883,
      14.68022344323496,
      15.507890531793237,
      14.267795936514934,
      15.11297381669283,
      14.912101625775298,
      16.348740336795647,
      15.810638492306074,
      17.58024467465778,
      15.109532059480747,
      17.952646303921938,
      16.440579078470666,
      18.293845921133954,
      18.123841779927414,
      18.64205930692454,
      20.41354396628837,
      16.97241823251049,
      17.442464836562674,
      17.165662600969274,
      19.05455425567925,
      19.8925676556925,
      24.973994043966133,
      20.658959658195574,
      19.584860254699986,
      21.142527762179572,
      19.995285203059513,
      24.64430993484954,
      19.698797160759568,
      18.488594837486744,
      29.86748888902366,
      22.125320638219517,
      20.089606349046033,
      30.29655473182599,
      21.553696025783818,
      22.29147674081226,
      21.295795452470582,
      22.254192487647135,
      25.65790065812568,
      25.473922446991008,
      27.132082746053737,
      31.064665251721937,
      27.0380043014884,
      30.272780219713848,
      31.601235087340076,
      28.535008328656357,
      33.31311685157319,
      28.425551876425743,
      32.619652193039656,
      31.551781653737027,
      36.14597537803153,
      32.7734246297429,
      26.721385054911178,
      28.990510350093246,
      33.083644366512694,
      32.93178062389294
    ],
    "sla_eMBB": [
      0.10339132090409597,
      0.08698064681918671,
      0.07601189009845256,
      0.10224936521301667,
      0.11343971331914265,
      0.08122557111084461,
      0.08774478666484356,
      0.08797816119156777,
      0.10771757929275433,
      0.08734006750086944,
      0.09176891000630955,
      0.09542529621471961,
      0.08575234921028217,
      0.10148484349250793,
      0.10105587962083519,
      0.0921244858081142,
      0.0997254125525554,
      0.08937923688441515,
      0.09415594031413396,
      0.08352487701922655,
      0.10382180071125428,
      0.08853757910430432,
      0.0871404470751683,
      0.08491488681485256,
      0.1050720838084817,
      0.1047543233136336,
      0.08759555902332067,
      0.10168860676387946,
      0.09909403777991732,
      0.07456281014873335,
      0.0892574213196834,
      0.08192811953524748,
      0.09019625515987476,
      0.09242608253533642,
      0.08040622332443793,
      0.09116556445447108,
      0.08234350545952718,
      0.09097098045051098,
      0.09661026255538066,
      0.08755444928538055,
      0.09176076463113228,
      0.08288082441935937,
      0.08406831557552019,
      0.0927897471934557,
      0.08467806502245366,
      0.08953095144281785,
      0.09686427362263203,
      0.07610752329230308,
      0.09326509566356739,
      0.07155389296511809,
      0.07437489776561658,
      0.08341503740598757,
      0.07911291893571615,
      0.0831901422701776,
      0.09324206791507701,
      0.08868613049387931,
      0.07613956165810426,
      0.09616078858574231,
      0.08363224225739638,
      0.07300621699503002,
      0.0745153188208739,
      0.07354499238232771,
      0.07223424281924963,
      0.06696397721146544,
      0.051201952068756024,
      0.06703981270392735,
      0.06793311521798993,
      0.05971712145954371,
      0.05744170342882474,
      0.0510240879903237,
      0.04115518160164356,
      0.057846706410249076,
      0.05473966587334871,
      0.05563070471088091,
      0.04262904642770688,
      0.04363408007969459,
      0.04204797408233086,
      0.043794508427381515,
      0.04362654127801458,
      0.038530342746526
    ],
    "sla_URLLC": [
      0.26300299937526384,
      0.18607405143479505,
      0.23580439815918605,
      0.1498115339751045,
      0.16565130678315956,
      0.1310638075694442,
      0.23989771087964376,
      0.23842705472682912,
      0.19074879866093397,
      0.18955839572474362,
      0.1908115452962617,
      0.16572078899790843,
      0.2171434030185143,
      0.16209351510430375,
      0.18825561677416167,
      0.16211042407900095,
      0.24429710622876882,
      0.13693858545351154,
      0.16333344052235285,
      0.23161268514813854,
      0.18595722023397684,
      0.16213840881672997,
      0.14492950908839702,
      0.22339160945576927,
      0.23070042385409276,
      0.14441425820812584,
      0.2033357831897835,
      0.22423478011662762,
      0.16375548073090612,
      0.20953832274923723,
      0.18411313663547238,
      0.17221435004690042,
      0.1748181391817828,
      0.1536555976358553,
      0.21256706123550734,
      0.19735040269171197,
      0.19629818057641388,
      0.23456067616740864,
      0.23243455536993377,
      0.24748100344091653,
      0.2539372351393104,
      0.17985996510833502,
      0.1856567804515362,
      0.17941319461834307,
      0.17201673249403635,
      0.21659806303757553,
      0.20123876869678498,
      0.2335503301396966,
      0.2814073601613442,
      0.1959951163828373,
      0.22690999706896642,
      0.28821335854629676,
      0.23662610634230077,
      0.17956511893620095,
      0.2774014932413896,
      0.23128271576017143,
      0.1844814356788993,
      0.28365763309101266,
      0.25341329709937177,
      0.2645090685039759,
      0.24187190368771552,
      0.22942128226161004,
      0.27196316987276076,
      0.2867604565123717,
      0.3434496162831783,
      0.341889058057374,
      0.30823471953471504,
      0.4030864117542903,
      0.35485249806195496,
      0.29010536044836044,
      0.4206523582835992,
      0.31585850755373635,
      0.5210847534735997,
      0.4122360738615195,
      0.46249390428264936,
      0.3496865151481082,
      0.44031010712186497,
      0.39297155956427254,
      0.41376034657160443,
      0.421945517261823
    ],