{
  "args": {
    "method": "mappo",
    "drift": "multi",
    "n_agents": 3,
    "n_slices": 5,
    "horizon": 150,
    "episodes": 80,
    "seed": 3,
    "hidden": 64,
    "ppo_epochs": 4,
    "lr_ippo": 0.0005,
    "severity": 1.5,
    "log_every": 80,
    "outdir": "results"
  },
  "metrics": {
    "episode_reward": [
      11.682753578449288,
      14.186740702639023,
      12.475745803986987,
      15.047300985703865,
      12.44494066822032,
      19.469337669511635,
      12.097309585660696,
      16.536402604232233,
      13.351318657398224,
      13.727636909733215,
      11.890556287020445,
      11.79683119431138,
      13.946183513849974,
      17.652587460974853,
      13.942264727627238,
      16.640321834012866,
      13.027947918822369,
      14.624975598727664,
      14.56417879772683,
      13.528020359575748,
      12.415267994006475,
      14.59095217473805,
      12.978363235170642,
      14.352469692006707,
      10.87837290080885,
      16.741547668973606,
      16.11346135040124,
      15.360644539197287,
      15.61008276231587,
      19.57598911287884,
      14.518327344829837,
      15.293620006491741,
      16.089201701804996,
      16.50727078380684,
      21.548663935313623,
      17.85303884682556,
      17.36698846829434,
      17.838665366793673,
      19.012695834040642,
      18.948148959626753,
      23.357727368672688,
      16.100743842000764,
      21.42258512104551,
      23.62616921775043,
      19.70860267058015,
      19.717892695839208,
      21.637132075304788,
      19.10617627389729,
      19.95211113865177,
      22.730395374819636,
      22.53759183672567,
      22.633506899078686,
      23.386970004687708,
      22.231539852917194,
      23.527577713131905,
      19.56414102825026,
      24.702831350887816,
      27.47424339875579,
      21.22892439365387,
      21.242232659831643,
      21.206317745149136,
      25.798846531038482,
      20.489796342949074,
      23.316101444885135,
      21.538928296416998,
      31.044405547901988,
      27.080717058852315,
      24.971675627554458,
      24.100280541926622,
      25.323942641417187,
      31.50319966301322,
      28.17830050115784,
      21.07097501804431,
      25.626935028160613,
      28.32806871707241,
      31.34881387713055,
      26.606604704633355,
      30.349392966056865,
      32.30199307265381,
      27.50621173903346
    ],
    "sla_eMBB": [
      0.10248330994819602,
      0.1247241331792126,
      0.10317544893361628,
      0.1025438710519423,
      0.10948915651068092,
      0.0820015551460286,
      0.09709348657478889,
      0.14098632000386715,
      0.10135300482312838,
      0.1054624875386556,
      0.09184121880680322,
      0.09244647291178505,
      0.09866751144329707,
      0.09817457057535649,
      0.11623472423603137,
      0.10616569646944603,
      0.09049630225946506,
      0.0977976747478048,
      0.10892631464948256,
      0.106083029905955,
      0.10908885398258765,
      0.11458431179324786,
      0.12414704598486423,
      0.11733774739007155,
      0.08912687480449677,
      0.13905700537065666,
      0.12934117670481404,
      0.11847655270248651,
      0.12148734410603841,
      0.13313022881746292,
      0.12725047395875055,
      0.12033164323618015,
      0.12687247533351184,
      0.114882104297479,
      0.14283466724057992,
      0.12113422337919473,
      0.11016371857374907,
      0.12459106475114823,
      0.1307570188244184,
      0.1175963608175516,
      0.09271449997400244,
      0.1191198742389679,
      0.13403745808949072,
      0.10888550911098718,
      0.11200493151942889,
      0.11569266067196926,
      0.1045487992092967,
      0.13210441295057535,
      0.11852197010690967,
      0.1189144496495525,
      0.09873490205655495,
      0.14007841947178046,
      0.13134261837850014,
      0.10285108018666506,
      0.14422050083676974,
      0.12825718235224484,
      0.12821515788013738,
      0.22793737031829853,
      0.09792133267968893,
      0.11415666422496239,
      0.12775442587522168,
      0.10352947400261958,
      0.1080225648606817,
      0.12170218355953694,
      0.1011559415111939,
      0.15379019298280278,
      0.10619470986227195,
      0.1077977561376368,
      0.09687033298735817,
      0.12066574316471815,
      0.13167599925150475,
      0.09039216592907906,
      0.07490142554044724,
      0.09335620851566394,
      0.09842666854461034,
      0.09612824995070696,
      0.09208988311390082,
      0.08040566450605789,
      0.060958918283383054,
      0.06138596666355928
    ],
    "sla_URLLC": [
      0.14314912259733925,
      0.2215025702615579,
      0.1939294674123327,
      0.2341549180044482,
      0.1359315480509152,
      0.31579931256671745,
      0.1467252526001539,
      0.21784898872176806,
      0.16294348770131667,
      0.1659440615028143,
      0.1744735087469841,
      0.1684357531617085,
      0.1951773004171749,
      0.29552728188534577,
      0.16083738123066724,
      0.16342303598920505,
      0.15457377851009368,
      0.16286610441592833,
      0.19818436741828918,
      0.17565245325366655,
      0.30801159551367163,
      0.2016703742928803,
      0.17352544200917086,
      0.22643191597269227,
      0.26258092066893973,
      0.2274931801110506,
      0.2044145727964739,
      0.24258225498100122,
      0.23161675918847321,
      0.20733781947133442,
      0.18846730329096317,
      0.17036264442838728,
      0.17344317676809926,
      0.21920066704352698,
      0.2293160474828134,
      0.2365014154215654,
      0.25080267385890087,
      0.24913650197908283,
      0.21722562843933702,
      0.22971009106064835,
      0.26411152238647145,
      0.29404639936750754,
      0.25372737379123766,
      0.33759551084289946,
      0.24178825929760933,
      0.24647245928645134,
      0.2737543162020544,
      0.2196308869123459,
      0.2592182366549969,
      0.2320560076336066,
      0.407765198747317,
      0.20694365539898474,
      0.24730395702024302,
      0.37413917208711306,
      0.26391727346306043,
      0.21309599527468284,
      0.26314639719823996,
      0.21694267574697734,
      0.4875740019977093,
      0.28613515774098536,
      0.3244963666796684,
      0.3011588361486793,
      0.31392497713367146,
      0.3456200075149536,
      0.37377128809690474,
      0.29543711195389427,
      0.41267160621782145,
      0.3278681767111023,
      0.3705654500424862,
      0.3823286598920822,
      0.3424262833595276,
      0.3746450335284074,
      0.7221814588705698,
      0.3392593917250633,
      0.3596458761394024,
      0.5443552196025848,
      0.3623632281025251,
      0.4577795213833451,
      0.38529792497555415,
      0.8358099842071534
    ],