{
  "args": {
    "method": "mappo",
    "drift": "multi",
    "n_agents": 6,
    "n_slices": 3,
    "horizon": 150,
    "episodes": 80,
    "seed": 3,
    "hidden": 64,
    "ppo_epochs": 4,
    "lr_ippo": 0.0005,
    "severity": 1.5,
    "log_every": 80,
    "outdir": "results"
  },
  "metrics": {
    "episode_reward": [
      32.804670902589955,
      37.38907724246383,
      33.88323145452887,
      37.97479209738473,
      34.03992073455205,
      33.49960456819584,
      31.214881198480725,
      36.505616814518966,
      32.66123352044573,
      32.22291775327176,
      39.40155439668646,
      34.76023909294357,
      37.08111946967741,
      35.97513728185246,
      36.165274612916015,
      36.70489311590791,
      34.07322754214207,
      36.789064544563495,
      35.17802997647474,
      36.16242795313398,
      34.69155759705851,
      38.522490506991744,
      39.69939791286985,
      37.37544490241756,
      36.38159341209879,
      30.398406699920695,
      39.58989513665438,
      36.844972078378,
      31.926582495371502,
      32.41835475868235,
      41.29437259646753,
      35.22803773234288,
      32.91960175956289,
      37.73662099459519,
      36.237836230546236,
      38.78014989880224,
      38.56275876549383,
      38.63669878896326,
      43.89420968107879,
      37.06552699394524,
      42.70381297605733,
      41.122216616136335,
      37.720524780762695,
      39.35958047863096,
      34.45465000656744,
      36.939798249552645,
      38.088211141216256,
      36.710982204414904,
      37.48036397341639,
      38.72946533622841,
      39.40695514374723,
      38.66734717941532,
      37.70258173905313,
      37.918028130196035,
      40.317283994828664,
      37.96054785295079,
      43.321325132623315,
      38.494884824069835,
      39.5554129028072,
      39.877718552947044,
      33.44342319481075,
      40.562597644515336,
      40.24632468012472,
      38.851319532531,
      40.26618207897991,
      40.21164063209047,
      35.372270826871194,
      41.55773111588011,
      42.17856776279708,
      47.8012583401675,
      41.63875571079552,
      39.73229350615293,
      40.21026318240911,
      37.154323370195925,
      42.342547745754324,
      42.09120129173001,
      39.52823464696606,
      38.61256731736163,
      40.298159134574234,
      41.86245715804398
    ],
    "sla_eMBB": [
      0.1518283444829285,
      0.5102230559289456,
      0.1581222985809048,
      0.1772164783005913,
      0.2675764368971189,
      0.1629914327710867,
      0.17319770275304716,
      0.1587235358854135,
      0.16323889469106992,
      0.1624627256114036,
      0.17680290153250097,
      0.15260767087961236,
      0.165830575072517,
      0.1608874139469117,
      0.13827077592412632,
      0.16503821669146418,
      0.15084657927043735,
      0.14741443157196044,
      0.1905904066065947,
      0.15569521754669646,
      0.17408032993475597,
      0.14565858582345148,
      0.1897799687832594,
      0.15787007600689928,
      0.16820520076900722,
      0.14908944940194488,
      0.5430014532618225,
      0.1595754397412141,
      0.15597415536642076,
      0.16394937550649047,
      0.1601782028625409,
      0.15646418247061472,
      0.11580645248293876,
      0.19058793898671866,
      0.33962387837469576,
      0.17529434484740097,
      0.16893880774577458,
      0.16280600852022567,
      0.20367596844832103,
      0.15225059332946936,
      0.14022636822114387,
      0.15933244154478113,
      0.16190083573261896,
      0.15824282155682642,
      0.13359921670208375,
      0.15469200027485688,
      0.16432631119154395,
      0.1611607429261009,
      0.16279876025393605,
      0.15153998681654532,
      0.15751463339353602,
      0.1556913237956663,
      0.19055225496490796,
      0.15585448594142992,
      0.15718364352360367,
      0.14863168775414426,
      0.17801104350636401,
      0.1579371495793263,
      0.1650119072695573,
      0.1693460040539503,
      0.13223005030925075,
      0.1780030184976446,
      0.1678679401303331,
      0.1519125052417318,
      0.16400516000265877,
      0.16635622253020604,
      0.15665102674625814,
      0.17685038002828757,
      0.2008430879438917,
      0.24249866815904778,
      0.16003259528428315,
      0.1644155418438216,
      0.16578821027030546,
      0.17563623864203692,
      0.16867131559799114,
      0.16610701818019152,
      0.15648121644432347,
      0.15788218076030414,
      0.15762969419360162,
      0.1590870871519049
    ],
    "sla_URLLC": [
      0.40484386406838896,
      0.2746444373081128,
      0.40058940661450226,
      0.46262927586833635,
      0.2837757928172747,
      0.41815956592559816,
      0.358772517790397,
      0.4426336188366016,
      0.4053995241224766,
      0.401697669873635,
      0.4819743467370669,
      0.4308366369952758,
      0.46288382142782214,
      0.4539356105277936,
      0.6636039072275162,
      0.47750803507864475,
      0.4319569078584512,
      0.47487851038575174,
      0.41304437999924026,
      0.4545420567442973,
      0.4352677415311337,
      0.7238211027781168,
      0.4297534398486217,
      0.4615986994902293,
      0.450762618308266,
      0.3669155477980773,
      0.2945411931475004,
      0.43965327511231106,
      0.3885286780446768,
      0.3977167634169261,
      0.5042263441036144,
      0.46259176045656203,
      0.8480158686637879,
      0.3938437042136987,
      0.29856103502213954,
      0.4708248500029246,
      0.47702965132892133,
      0.4776222172131141,
      0.4836008923004071,
      0.4787678659458955,
      0.8147477106253306,
      0.5163649762173493,
      0.4801594136158625,
      0.4981907887260119,
      0.5702918477356433,
      0.4572402223447959,
      0.48592703873912496,
      0.46526734371980033,
      0.4709884531050921,
      0.5130615852524837,
      0.5060699066023032,
      0.47874850551287335,
      0.5112204092244307,
      0.4822071056316296,
      0.5162029183407625,
      0.4932968104382356,
      0.5235683340827624,
      0.507996370246013,
      0.49076465629041194,
      0.4994400991499424,
      0.8550604963302613,
      0.514507430990537,
      0.5224781787892183,
      0.4915227994819482,
      0.5155861418445905,
      0.517513249317805,
      0.4486729672551155,
      0.5409617751836777,
      0.5135477181275686,
      0.4999146647254626,
      0.5289723515510559,
      0.5178225936988989,
      0.5127272915840149,
      0.45274956117073695,
      0.5577813389897347,
      0.544091878135999,
      0.496616637557745,
      0.49264412666360535,
      0.52237283517917,
      0.5660445170601209
    ],