{
  "args": {
    "method": "mappo",
    "drift": "multi",
    "n_agents": 3,
    "n_slices": 3,
    "horizon": 150,
    "episodes": 80,
    "seed": 0,
    "hidden": 64,
    "ppo_epochs": 4,
    "lr_ippo": 0.0005,
    "severity": 1.5,
    "log_every": 80,
    "outdir": "results"
  },
  "metrics": {
    "episode_reward": [
      37.08455842422942,
      30.802244279533625,
      37.76674762989084,
      38.27067648495237,
      35.2648148847123,
      36.6363267985483,
      39.52211097938319,
      39.266460137441754,
      36.78418935959538,
      40.80594054609537,
      32.58262966635326,
      32.206915993243456,
      31.85336625824372,
      29.85727960243821,
      32.353021033729114,
      37.18375571258366,
      32.96888763271272,
      33.07088372235497,
      43.07128859683871,
      37.934242406239115,
      37.29698770431181,
      37.2152678463608,
      28.812135790785153,
      34.341652731100716,
      39.28544224550327,
      30.986587387199204,
      39.20253913042446,
      35.73099174909294,
      37.13703138753772,
      35.630603082478046,
      35.73296547867358,
      35.434434689581394,
      38.66862928929428,
      38.88864869313935,
      34.14628321739534,
      26.892096024006605,
      32.53643989376724,
      37.00875886653861,
      38.109517688552536,
      33.241273841510214,
      38.21256597650548,
      37.98378955076138,
      42.18544245262941,
      38.304831732064486,
      42.111059083913766,
      38.43026164919138,
      34.1267352309078,
      34.19160471980771,
      44.41400259795288,
      37.16241767940422,
      39.37294209562242,
      37.23442519766589,
      37.18376669908563,
      35.75274742891391,
      42.00356570196649,
      41.72580171500643,
      35.345853642870985,
      43.59207471460104,
      42.652658035978675,
      40.628105218832694,
      43.80273965932429,
      38.7600528690964,
      40.90716931285957,
      41.81841593794525,
      40.65479407583674,
      44.95323904914161,
      43.18577618462344,
      42.422877899060644,
      39.37620710519453,
      39.34859302453697,
      41.00563890859485,
      41.15543341512481,
      48.58021164871752,
      45.73334603508314,
      47.01370952216288,
      44.67357417754829,
      47.264727011322975,
      45.05786614802977,
      43.24835141810278,
      49.9312514004608
    ],
    "sla_eMBB": [
      0.14705402656147878,
      0.16337873119860888,
      0.1657072250607113,
      0.194896107049038,
      0.15284358200306694,
      0.18070096166183552,
      0.14691239728281896,
      0.17475604106982548,
      0.16665520690381527,
      0.1769509622082114,
      0.16335307779411476,
      0.15402241837233305,
      0.15192722162231803,
      0.14873950428639848,
      0.17502859900395076,
      0.15718737948065004,
      0.17007557865232228,
      0.14679164320230484,
      0.7320269136627515,
      0.1939272556391855,
      0.1551361911619703,
      0.16568551402539014,
      0.1634338484145701,
      0.29689955866585177,
      0.1608541481445233,
      0.11832452695195873,
      0.24355915860583385,
      0.1687131125976642,
      0.3692363425530493,
      0.178238329042991,
      0.15499338459223508,
      0.38548907137165467,
      0.1599737434958418,
      0.18137908695886532,
      0.15543196783711513,
      0.13128746431941787,
      0.15670815782621503,
      0.1698912787437439,
      0.17406920208906135,
      0.15555804163217546,
      0.14965285485610366,
      0.17360079870248835,
      0.1827727485075593,
      0.188782493583858,
      0.1609193749787907,
      0.16239357959479095,
      0.15191367970779537,
      0.1788764921265344,
      0.2089603969330589,
      0.29715137713899215,
      0.15310619362940392,
      0.14931826788621644,
      0.1530378829066952,
      0.16681789413715403,
      0.18870444157471258,
      0.16399327569330732,
      0.15442554506783684,
      0.13671552402277787,
      0.22376109772672256,
      0.17330892409508428,
      0.17696573708206415,
      0.1499857273697853,
      0.13732596865544716,
      0.13901597385605177,
      0.1783778829748432,
      0.14484220987806717,
      0.15803968556846182,
      0.13521959987779458,
      0.13084086392074823,
      0.20818200709919135,
      0.13505912858992816,
      0.1805466304284831,
      0.12584575809538365,
      0.1094593579446276,
      0.12528168658415476,
      0.12681791361421346,
      0.11997258191307386,
      0.11291219212114811,
      0.11730488088602821,
      0.11495953924333056
    ],
    "sla_URLLC": [
      0.4423841218153636,
      0.3728441160420577,
      0.4526405199368795,
      0.4529340621083975,
      0.4493983102838198,
      0.4493625844021638,
      0.48772459201514723,
      0.47847060138980546,
      0.4599858999997377,
      0.48662029072642327,
      0.3989753763129314,
      0.373919391532739,
      0.3836619481692711,
      0.3727331177393595,
      0.35979726155598957,
      0.450744571685791,
      0.3924714247882366,
      0.2864594360689322,
      0.28319819365938503,
      0.45761503217120963,
      0.4673835790157318,
      0.4573847200969855,
      0.3308051162213087,
      0.2928762634967764,
      0.4870776483913263,
      0.8033760698636373,
      0.38501020066440106,
      0.44448259614408014,
      0.2898491122821967,
      0.4351540913184484,
      0.43166130150357884,
      0.28303737024466197,
      0.4709959979852041,
      0.46344790312151113,
      0.408653040677309,
      0.47184373162686827,
      0.4017000341912111,
      0.4414895219107469,
      0.4657526760796706,
      0.4135220645368099,
      0.4792182644208272,
      0.4584094031155109,
      0.517470913430055,
      0.43298526292045914,
      0.516986491282781,
      0.4842014496649305,
      0.4184935627381007,
      0.3813396307080984,
      0.4703713643550873,
      0.3209522717197736,
      0.48509702548384664,
      0.4578965214888255,
      0.4507750760515531,
      0.8486821456750234,
      0.5055154474576314,
      0.5128335085014503,
      0.4302092230816682,
      0.8335815284649531,
      0.4750681968778372,
      0.5116778004169464,
      0.5051149249076843,
      0.49674139991402627,
      0.5097134521106879,
      0.4992721450328827,
      0.493255799561739,
      0.6074875094493231,
      0.5747671475509802,
      0.614158303787311,
      0.5080051588763793,
      0.3640749471882979,
      0.5784190813203652,
      0.38364201709628104,
      0.6597070311009884,
      0.6211882474025091,
      0.668831256677707,
      0.6337824070453644,
      0.7138964614272117,
      0.619023556013902,
      0.5666402933498224,
      0.6979629390438398
    ],