{
  "args": {
    "method": "mappo",
    "drift": "multi",
    "n_agents": 3,
    "n_slices": 5,
    "horizon": 150,
    "episodes": 80,
    "seed": 0,
    "hidden": 64,
    "ppo_epochs": 4,
    "lr_ippo": 0.0005,
    "severity": 1.5,
    "log_every": 80,
    "outdir": "results"
  },
  "metrics": {
    "episode_reward": [
      12.597298838819066,
      13.733036901180943,
      11.691586984942356,
      13.79899532472094,
      11.537853994717201,
      17.168092447643478,
      13.869231985881925,
      17.00905367732048,
      15.088606086249152,
      15.011384638647238,
      13.669181257486343,
      14.666269738227129,
      12.322431592270732,
      13.72474168241024,
      20.36358089434604,
      16.86102109712859,
      14.141700953866044,
      15.407475026324391,
      11.496140388771892,
      11.944162101174394,
      13.202127737924457,
      13.435886725162467,
      13.189983512585362,
      14.442263205225268,
      15.998006135225296,
      14.689703548327088,
      15.22991489743193,
      17.524268560732406,
      15.00796863871316,
      14.571440560122332,
      16.77410790200035,
      18.40375163902839,
      17.730121138195198,
      15.667136851077279,
      16.145787580559652,
      20.443609156956274,
      15.493047026917338,
      16.109573886419337,
      20.28348612971604,
      17.32829430264731,
      18.671281561876338,
      19.279398124665022,
      22.092862589284778,
      21.349720389271777,
      22.040849537278216,
      20.829905862609547,
      24.171586878597736,
      23.92776219298442,
      23.816366874302428,
      27.48092777095735,
      23.640233534077804,
      28.68624597042799,
      27.470919841279585,
      27.842326197152335,
      23.761367126678426,
      27.59909477457404,
      27.572008106236655,
      29.62930350067715,
      26.662756685788434,
      29.40750154790779,
      29.250405040880043,
      27.547697097063065,
      27.929880515361827,
      29.513185466329258,
      30.575091517219942,
      28.747799427558977,
      29.98035319087406,
      29.59912660655876,
      28.39512833642463,
      32.54122110828757,
      29.58201954389612,
      31.886950245127082,
      29.30824531118075,
      31.223247254267335,
      29.854807078217465,
      30.645077532778185,
      30.62541971541941,
      30.351333781455953,
      25.90390206500888,
      29.45891525472204
    ],
    "sla_eMBB": [
      0.08658180254511536,
      0.09631304003298283,
      0.0945809776460131,
      0.09275904201281568,
      0.10231647271662951,
      0.09828217220803102,
      0.09176029515763123,
      0.08512819439172745,
      0.10099873652060827,
      0.08680181358009577,
      0.08527514101316531,
      0.09931956583013136,
      0.09361035934338967,
      0.07729478610058625,
      0.08572771562884252,
      0.10699460471669833,
      0.09246570626894633,
      0.08143609158694744,
      0.09347079100087285,
      0.08620742399245501,
      0.09178029123072823,
      0.07856445240788162,
      0.08486568350344896,
      0.07836419337739547,
      0.05828715600073338,
      0.08771826622076333,
      0.0901387753461798,
      0.08847739831854899,
      0.0886183974519372,
      0.07337092175458869,
      0.09051496878266335,
      0.08894148004551729,
      0.08317563061912854,
      0.14457944492499034,
      0.07567890167236328,
      0.08741964939360818,
      0.0737067959830165,
      0.08869276735465974,
      0.0706996359055241,
      0.07865158910552661,
      0.06346191888054212,
      0.08383517800519864,
      0.08010961884632707,
      0.077282127464811,
      0.06846650432795286,
      0.07118597007046143,
      0.06946551501130065,
      0.07322705715894699,
      0.060513626883427304,
      0.06747263894726832,
      0.06383261174429208,
      0.05926073860997955,
      0.07355506176749865,
      0.0642619520612061,
      0.0744197619582216,
      0.0655293315090239,
      0.06993979997932911,
      0.06030301194638014,
      0.06527230462990702,
      0.07029898655911286,
      0.057231591598441205,
      0.06192467886954546,
      0.05149249167491992,
      0.05545509301126003,
      0.05656640963008006,
      0.04985807669969897,
      0.05279175154864788,
      0.06069266182680925,
      0.0554586636275053,
      0.05145892841120561,
      0.0661218198419859,
      0.05494407208636403,
      0.07487580731511116,
      0.06581734534353018,
      0.052431717179715634,
      0.05984540097105007,
      0.06143451044335961,
      0.07274536922574043,
      0.05319759144137303,
      0.0711834321411637
    ],
    "sla_URLLC": [
      0.1809070160643508,
      0.18110602577527365,
      0.14454330176115035,
      0.24399078547954559,
      0.14984033214549222,
      0.17602436501532792,
      0.22532324188699324,
      0.3251365342239539,
      0.1447143738064915,
      0.2284359780140221,
      0.1460254645824898,
      0.20382777420183024,
      0.18680382949610552,
      0.1789323517680168,
      0.33102656292418636,
      0.1499825828553488,
      0.22074482976148527,
      0.15977129137764373,
      0.14308332379674538,
      0.13955856825535495,
      0.18144542848691345,
      0.22873507308463256,
      0.14886863637715578,
      0.16699527385955057,
      0.5132378026843071,
      0.16814867476389433,
      0.19018495093643045,
      0.22131022130449612,
      0.22483865323166052,
      0.20564290609831612,
      0.23743621520698072,
      0.2661530349155267,
      0.1823268688035508,
      0.17449583667020002,
      0.20121109002890686,
      0.2650559107462565,
      0.2185965494190653,
      0.21350213391085465,
      0.31293989678223927,
      0.22919102871169647,
      0.42573634153503614,
      0.245187711995095,
      0.3016321684916814,
      0.269464138528953,
      0.30949061423540114,
      0.3353790495544672,
      0.31823946317036944,
      0.31350174819429716,
      0.3293867618838946,
      0.3810043342411518,
      0.3047447434067726,
      0.3311562486986319,
      0.3672233491639296,
      0.3616921808073918,
      0.38262812197208407,
      0.2897858832528194,
      0.2341709684332212,
      0.3356821287671725,
      0.300954679052035,
      0.31683224176367125,
      0.36437660952409107,
      0.2835105415433645,
      0.30966153368353844,
      0.28035909419258437,
      0.36536148900787035,
      0.27469523708025617,
      0.27863510156205545,
      0.3218029045065244,
      0.3087579289575418,
      0.3558174234131972,
      0.34296774996134144,
      0.3873987989127636,
      0.29377509708205857,
      0.37108054901162785,
      0.286847896228234,
      0.3294474203387896,
      0.33363505348563194,
      0.32031059751907986,
      0.3749034264683723,
      0.4515201273560524
    ],