{
  "args": {
    "method": "mappo",
    "drift": "multi",
    "n_agents": 6,
    "n_slices": 3,
    "horizon": 150,
    "episodes": 80,
    "seed": 4,
    "hidden": 64,
    "ppo_epochs": 4,
    "lr_ippo": 0.0005,
    "severity": 1.5,
    "log_every": 80,
    "outdir": "results"
  },
  "metrics": {
    "episode_reward": [
      36.03760725042472,
      36.891194279926516,
      37.40797609835863,
      43.046011413137116,
      31.951638273584347,
      32.12008958030492,
      38.39619837421924,
      37.09127110491196,
      36.45744444523007,
      30.327820936217904,
      35.10747646043698,
      37.81187639075021,
      32.27594807868203,
      31.425046438040834,
      31.518889266066253,
      34.998067778224744,
      36.19227778135488,
      35.09182103319714,
      37.47990726431211,
      37.49567946139723,
      29.878101942439873,
      30.359469038123887,
      30.088829154148698,
      31.54528269916773,
      37.5712636684378,
      32.8341362522915,
      32.37873846851289,
      36.616259339886405,
      31.463010529987514,
      35.2672176460425,
      31.860422890322905,
      34.17831826210022,
      38.000714011490345,
      38.87281037246188,
      36.831626480445266,
      42.219249687468015,
      37.13150873159369,
      38.033571456559,
      33.721871641774975,
      34.25664627055327,
      41.931276777759194,
      38.34146599067996,
      34.26434495486319,
      36.55848238182565,
      36.86571855905155,
      36.12457997382929,
      33.857409790468715,
      37.44350906740874,
      41.608254581068955,
      38.54732002938787,
      32.29433864572396,
      33.74221007525921,
      34.53278916918983,
      40.25100726354867,
      37.32965098042041,
      40.57626895389209,
      37.46730530882875,
      38.52993945032358,
      34.40761581559976,
      41.885863162887595,
      37.10348875106623,
      33.45335653331131,
      39.081306100202106,
      38.63577588585516,
      39.36645720588664,
      39.59489829620967,
      36.955186968048416,
      37.809730879341565,
      38.125204547308385,
      41.38099628034979,
      37.590096498529114,
      41.68288101131717,
      43.23259876047572,
      44.18586426290373,
      42.948154294242464,
      42.39954641740769,
      39.566489715750016,
      41.48189431708306,
      38.93502710697552,
      43.271820669062436
    ],
    "sla_eMBB": [
      0.1564540529701238,
      0.171849889891843,
      0.17305767381563783,
      0.15529833352814118,
      0.1775366576636831,
      0.17134249466160933,
      0.1625303131621331,
      0.1653283271814386,
      0.18903556612630684,
      0.1580758299306035,
      0.18673063905288775,
      0.1643073075885574,
      0.15253529873366156,
      0.18714675416549048,
      0.1669470668087403,
      0.16303124116112788,
      0.17539030582954487,
      0.17169027605404458,
      0.16324142020195723,
      0.16627573302636545,
      0.16634220934162539,
      0.1661089938133955,
      0.14692337452123563,
      0.17231786850839853,
      0.15197060310592253,
      0.1668919970902304,
      0.18106660616894563,
      0.1776878316824635,
      0.11757941568891207,
      0.1747775673866272,
      0.1744958847761154,
      0.16346128035026292,
      0.17959423024207355,
      0.19804823035995164,
      0.16871441298474868,
      0.15197702049588163,
      0.17581328986833492,
      0.17024104268600543,
      0.1723029904315869,
      0.16135459179679554,
      0.2094742323209842,
      0.17736773985748489,
      0.17451613076031208,
      0.19490769308060407,
      0.39505777962505817,
      0.19393334234754245,
      0.17568257403870424,
      0.19926473745455345,
      0.23716516685400468,
      0.1879285287608703,
      0.17886730276048182,
      0.17128742277622222,
      0.1714661377792557,
      0.17881067631145317,
      0.1639101840555668,
      0.18247347079217435,
      0.16915279174844425,
      0.17655650676538548,
      0.18469284791499377,
      0.22176695918043454,
      0.17203984561065833,
      0.19585991042355697,
      0.1782632010926803,
      0.1782024390126268,
      0.17456340307369828,
      0.18673008201022942,
      0.18379952153811852,
      0.20095574510594208,
      0.17727356992661952,
      0.1768946807210644,
      0.17882227458059788,
      0.44078854327400524,
      0.1836535681784153,
      0.2044272420182824,
      0.17300383860866228,
      0.17309988919645547,
      0.18374128116915622,
      0.18419187693546216,
      0.17842754552761714,
      0.43276668826738995
    ],
    "sla_URLLC": [
      0.45862352937459944,
      0.44704740881919863,
      0.44719074971973893,
      0.7833597387870153,
      0.36085350463787713,
      0.37936320717136063,
      0.47378334758182367,
      0.44849462519089384,
      0.4540054004142682,
      0.35145314431438845,
      0.42701440093417964,
      0.46845388154188794,
      0.3859179474413395,
      0.35604590247074763,
      0.3944002869476875,
      0.425881856828928,
      0.43377762320141,
      0.4269538633028666,
      0.46554670977095763,
      0.45926180159052216,
      0.3541286637385686,
      0.3676825076589982,
      0.5084289529919624,
      0.3801482727875312,
      0.6753905298312505,
      0.3902336619049311,
      0.3889389669150114,
      0.4223969323436419,
      0.7775610679388046,
      0.42604658703009285,
      0.38006708910067877,
      0.4033357398460309,
      0.45452018978695075,
      0.41248444045583404,
      0.457910421838363,
      0.7726039242744446,
      0.4486162866652012,
      0.46404598996043206,
      0.40250145057837167,
      0.4160579146444798,
      0.4595762153590719,
      0.46460658113161724,
      0.4088779444495837,
      0.41467506969968476,
      0.2821781485527754,
      0.4332454804331064,
      0.39144364997744563,
      0.43160059094429015,
      0.43806726597249507,
      0.4443837726364533,
      0.3635735594729583,
      0.41311291242639225,
      0.4165087496737639,
      0.48522407765189807,
      0.4583353728055954,
      0.4896396593749523,
      0.46720183228453,
      0.461461883833011,
      0.3964532286425432,
      0.43298052983979385,
      0.460028452227513,
      0.37239355474710467,
      0.4725492023428281,
      0.46874059970180193,
      0.47794224103291827,
      0.4803366907934348,
      0.5075704437990983,
      0.42200857058167457,
      0.4562615692615509,
      0.4966799274086952,
      0.45863484720389047,
      0.3265308732291063,
      0.5191673169036707,
      0.514660962621371,
      0.5393866594135761,
      0.5183587569991748,
      0.48513068427642186,
      0.5047227252026399,
      0.4629945379992326,
      0.3382181929051876
    ],