{
  "args": {
    "method": "mappo",
    "drift": "multi",
    "n_agents": 6,
    "n_slices": 5,
    "horizon": 150,
    "episodes": 80,
    "seed": 0,
    "hidden": 64,
    "ppo_epochs": 4,
    "lr_ippo": 0.0005,
    "severity": 1.5,
    "log_every": 80,
    "outdir": "results"
  },
  "metrics": {
    "episode_reward": [
      12.794567483166853,
      12.806751077063382,
      13.451472527037064,
      13.474622552283108,
      13.999558936183652,
      17.928069941078622,
      14.282119638286531,
      18.6856532174473,
      15.665263058928153,
      14.394571454264224,
      12.654866465367377,
      15.050030848632256,
      12.440694644426307,
      13.596958951403698,
      17.83648889604956,
      16.167317916018266,
      14.004455238580704,
      14.522439788406095,
      13.084057976181308,
      14.559351110830903,
      14.994242253402868,
      12.675505436646441,
      13.469016145914793,
      13.577955927078923,
      12.881297827387849,
      13.80058613823106,
      16.464345515705645,
      15.604138133736948,
      14.631941643853983,
      14.431956116110086,
      14.359250425671538,
      15.21301947378864,
      14.668134913469354,
      14.577756228546301,
      14.523053192843994,
      17.515205530449748,
      15.512640646348396,
      14.765615854101876,
      17.126539428097505,
      16.061459202629823,
      16.31981553323567,
      17.82491166734447,
      15.317099433392286,
      18.16353042734166,
      18.03048798783372,
      18.381744126478832,
      19.41358371110012,
      16.610226796008646,
      16.015259115956724,
      21.88602709583938,
      15.975804315879941,
      18.254352015443146,
      20.539956712784868,
      17.44308138731867,
      20.54046327682833,
      17.698606135634083,
      19.2355718134592,
      19.31242692284286,
      20.040254339575768,
      17.725961406404775,
      18.60854342300445,
      17.93089713404576,
      17.731304065324366,
      16.82217384253939,
      20.655825435494382,
      19.25489954526226,
      18.94974153799315,
      20.73509022158881,
      17.718136358074844,
      20.70214698712031,
      18.45098761934787,
      19.532622817593317,
      19.991782371886075,
      19.704957332462072,
      25.730827362276614,
      21.877389640236895,
      20.81226214176665,
      21.68066446421047,
      21.12215423801293,
      18.387606483263273
    ],
    "sla_eMBB": [
      0.09361932216833035,
      0.09884359910463293,
      0.1024148755831023,
      0.09239679011205833,
      0.09694690547883511,
      0.09645338782419761,
      0.09306344035392006,
      0.08394246198547384,
      0.11263160325586796,
      0.09138492847482363,
      0.09497505273669958,
      0.10264688896636168,
      0.08844143009434144,
      0.09084818235908945,
      0.08786914174134533,
      0.11508564868321021,
      0.09007524035250147,
      0.08375145186980565,
      0.10024552033593258,
      0.07978309872870644,
      0.08742803304145734,
      0.08500690165286263,
      0.0931934825827678,
      0.07629720794657867,
      0.07377391042808691,
      0.1008814469538629,
      0.09007372370610635,
      0.1052792590794464,
      0.09520123092457652,
      0.0943497395887971,
      0.09665720726673802,
      0.10095012140149871,
      0.10234472558212777,
      0.13346099502717454,
      0.09369004022330046,
      0.11603029521803061,
      0.08369567680483063,
      0.10388384251544873,
      0.09794907249510289,
      0.10707955955217283,
      0.07409347654009858,
      0.095535250819327,
      0.10589786615222692,
      0.09722507920737068,
      0.09652743715172013,
      0.0903856313539048,
      0.08982008006423711,
      0.09447346085682512,
      0.09066400104512772,
      0.0962220628435413,
      0.09319720949356755,
      0.089266956438211,
      0.0976887275154392,
      0.09316123551378648,
      0.07508709744860728,
      0.10483539982698858,
      0.09200238837569487,
      0.08900918722540761,
      0.09432459461813171,
      0.08977115094351272,
      0.08473984525849422,
      0.08840563685322801,
      0.08953270277008414,
      0.09180160360410809,
      0.09264928039784233,
      0.08818603430564205,
      0.0825371937888364,
      0.08744681553294262,
      0.08981914467488726,
      0.09924707178026437,
      0.08738276399672032,
      0.08582386959344149,
      0.09179844032973052,
      0.08941269682642693,
      0.07709837152312199,
      0.08123304809754094,
      0.08561018446460367,
      0.08978996842478712,
      0.06711127089957396,
      0.07284391155466437
    ],
    "sla_URLLC": [
      0.16016296579812964,
      0.19551255946358045,
      0.17594460596485684,
      0.21060666971597433,
      0.16292462341487407,
      0.1658796099573374,
      0.21963894235591094,
      0.31256696018079916,
      0.15111495171984038,
      0.17363582462072372,
      0.19064891297370196,
      0.19481179424872,
      0.17981515740354856,
      0.17679781357447305,
      0.33259285139540834,
      0.16182161974410217,
      0.17108914730449518,
      0.2137008211016655,
      0.19239597310622533,
      0.21008287573854129,
      0.23236145781973996,
      0.2334678495923678,
      0.20812009289860725,
      0.17371844455599786,
      0.3134552712738514,
      0.16660032249676685,
      0.19945850011582175,
      0.17312338354686896,
      0.18247511627152563,
      0.23409537566204866,
      0.23771436182161174,
      0.22691163704420128,
      0.1901906767549614,
      0.18674563833822808,
      0.19302637123813232,
      0.23664510933061442,
      0.22359712491432826,
      0.2265463609000047,
      0.23499736234545707,
      0.2622332013150056,
      0.45038818277418613,
      0.24157453365623952,
      0.20319410050908723,
      0.24116925276815893,
      0.2584591553856929,
      0.2903359664231539,
      0.22478574025134246,
      0.21520677343010902,
      0.2542607795695464,
      0.3256650057931741,
      0.2074665327121814,
      0.2547224567830563,
      0.26772623700400194,
      0.24342930749058722,
      0.386101828639706,
      0.2233853648106257,
      0.2057136378188928,
      0.290210216815273,
      0.27125416688621046,
      0.24412668660283088,
      0.253485057502985,
      0.23030623781184356,
      0.23726422800992927,
      0.24980687255660694,
      0.3484427698949973,
      0.20613720594905316,
      0.25708694939812027,
      0.31340972376366455,
      0.27186568843821685,
      0.28960123226046564,
      0.25533885434269904,
      0.23640627793967725,
      0.31051136275753377,
      0.3058232061564922,
      0.3923820748180151,
      0.27968713420132796,
      0.2874838807433844,
      0.32308408098916214,
      0.3899196273336808,
      0.4076307777563731
    ],