{
  "args": {
    "method": "mappo",
    "drift": "multi",
    "n_agents": 3,
    "n_slices": 3,
    "horizon": 150,
    "episodes": 80,
    "seed": 7,
    "hidden": 64,
    "ppo_epochs": 4,
    "lr_ippo": 0.0005,
    "severity": 1.5,
    "log_every": 80,
    "outdir": "results"
  },
  "metrics": {
    "episode_reward": [
      33.0974454022944,
      37.505446185047425,
      33.207598339145385,
      37.58637832850218,
      39.84856127823392,
      31.6773482405891,
      32.39571584947407,
      33.28345278898875,
      34.963773998742305,
      34.35761651893457,
      30.799186521520216,
      38.51372075577577,
      31.69710715673864,
      31.201991348216932,
      35.29355949411789,
      40.43016414282223,
      28.887298149367172,
      32.36687295573453,
      36.13653390482068,
      33.690588081876435,
      34.96936038446923,
      33.94271484327813,
      36.54516022217771,
      34.94216566346586,
      31.455460028722882,
      37.57306127933165,
      38.530873679866396,
      37.17181042023003,
      38.199780440578856,
      31.794413671518367,
      40.30866296837727,
      35.4162270197024,
      32.336806212862335,
      38.38101295071343,
      38.77406124956906,
      35.132681561013065,
      37.13164936626951,
      31.034751056383055,
      35.64189673836032,
      39.82113701912264,
      40.454846481482186,
      35.5564075888445,
      33.94431950214008,
      40.02701834278802,
      28.152301757285993,
      32.56183740744988,
      37.090984059497714,
      39.178851537406445,
      38.87991673250993,
      33.47218612084786,
      30.558039335533977,
      40.46459372652074,
      38.09096773030857,
      40.23943742675086,
      39.78519626582662,
      38.473043556014694,
      40.72873370349407,
      33.929888086393476,
      49.537180700028934,
      40.488409485667944,
      40.691619995981455,
      42.39761027817925,
      40.67370096966624,
      46.63826026767492,
      41.881857949619494,
      36.18914472373823,
      43.99222128776213,
      43.5971996349593,
      41.296104868253074,
      46.87586570469042,
      45.243301122138895,
      44.868089674661555,
      44.38517574965954,
      42.622675067434706,
      49.542922646428146,
      44.6967755506436,
      43.865455970168114,
      43.007518672694765,
      44.27688796507815,
      45.008815019081034
    ],
    "sla_eMBB": [
      0.1475753622626265,
      0.16234170055016875,
      0.18724616000428795,
      0.14189889079580703,
      0.14454518286511303,
      0.16159035888810952,
      0.37981128161152206,
      0.17432568565011025,
      0.16888692895571392,
      0.18393577810997763,
      0.17148253154630463,
      0.16330314389740427,
      0.15338634758566816,
      0.1670037955418229,
      0.1688245787099004,
      0.3078660075366497,
      0.1640747496113181,
      0.17353848529358704,
      0.16235870389888685,
      0.16175373222058018,
      0.16410449425379436,
      0.17388580715904634,
      0.17652210365980864,
      0.1917663833188514,
      0.1704546913659821,
      0.16705088216811417,
      0.16761975115165115,
      0.20361891659597556,
      0.17592073056846858,
      0.1411541888738672,
      0.2035862747579813,
      0.1932337463522951,
      0.13988393808404603,
      0.182230613064797,
      0.17685906569163004,
      0.1682593770387272,
      0.18998434877643983,
      0.17810580059265096,
      0.17879461192836363,
      0.1871252914269765,
      0.16936805971587698,
      0.15725722312927246,
      0.15987656445552906,
      0.1644762269842128,
      0.13735680636018516,
      0.1299227026787897,
      0.18880319346363345,
      0.16366722751408816,
      0.1550516820140183,
      0.15746622290462256,
      0.14002887052794297,
      0.19079768005758524,
      0.16778453916311264,
      0.16517674814909697,
      0.17712450173373023,
      0.17702424126987656,
      0.1450127036931614,
      0.14416257102663319,
      0.2069367008159558,
      0.15881576895092925,
      0.15406099921713273,
      0.16491120210538307,
      0.17101442547515033,
      0.2636203220486641,
      0.17572880418350298,
      0.1757081589102745,
      0.16823164825017253,
      0.18915885670731464,
      0.17064867326368888,
      0.23296837439139684,
      0.1932455499904851,
      0.2582979342341423,
      0.18500393458952508,
      0.19044156471888224,
      0.16357735594113668,
      0.19043864893416565,
      0.22247786776473125,
      0.18579998169094325,
      0.18291837736964225,
      0.22285309496025243
    ],
    "sla_URLLC": [
      0.4076627001663049,
      0.45192830661932626,
      0.37284857671707866,
      0.649978561202685,
      0.7273167234659195,
      0.3607208709915479,
      0.2587424570073684,
      0.37275528309245903,
      0.4356061119337877,
      0.38352977246046066,
      0.3684627681473891,
      0.4633504830300808,
      0.39512811650832497,
      0.3855175509552161,
      0.4466745122273763,
      0.41003218876818814,
      0.30776981174945833,
      0.38374549900492033,
      0.44270155280828477,
      0.4081109618395567,
      0.4059482868512472,
      0.4214129301160574,
      0.45549449081222215,
      0.3924893767138322,
      0.3632383673886458,
      0.44454558645685516,
      0.4737578532099724,
      0.37804293317099413,
      0.45719015831748644,
      0.5155539949548741,
      0.4175690872718891,
      0.38791509876648583,
      0.821441410779953,
      0.4557943995296955,
      0.47870048075914384,
      0.41198282840351264,
      0.4271221829702457,
      0.3599376906951269,
      0.4286540321757396,
      0.48544516223172346,
      0.48584191491206485,
      0.4385145281255245,
      0.41230670161545274,
      0.506606787443161,
      0.47130037339404224,
      0.8238081447283427,
      0.4587686220308145,
      0.47823002650092045,
      0.47112731501460076,
      0.4199750156452258,
      0.5162990344067414,
      0.4872306319574515,
      0.4634580646455288,
      0.5302353810767333,
      0.497254622677962,
      0.47257089739044505,
      0.5136622781058152,
      0.5770836864908536,
      0.5283497520287832,
      0.5291628882785638,
      0.5234741224100192,
      0.5252127248048782,
      0.4971129332482815,
      0.46331978847583133,
      0.5432604084412257,
      0.4255862528582414,
      0.5575351056953272,
      0.5355416895449161,
      0.5134288937350114,
      0.5590782817204794,
      0.5846514956653118,
      0.4413183983167013,
      0.5500413368145625,
      0.5193137859304746,
      0.6159547657767932,
      0.5465309984236956,
      0.5179191297292709,
      0.5298683500786623,
      0.5374341373642285,
      0.566017362177372
    ],