{
  "args": {
    "method": "nested",
    "drift": "multi",
    "n_agents": 6,
    "n_slices": 3,
    "horizon": 150,
    "episodes": 80,
    "seed": 0,
    "hidden": 64,
    "ppo_epochs": 4,
    "lr_ippo": 0.0005,
    "severity": 1.5,
    "log_every": 80,
    "outdir": "results"
  },
  "metrics": {
    "episode_reward": [
      37.633731479756534,
      32.314982872766755,
      37.900933248611786,
      32.18183670224001,
      35.70641880482435,
      36.733384896069765,
      36.63696666931113,
      37.073830937966704,
      41.24946520694842,
      40.49700922332704,
      38.14467177167535,
      34.807743478255965,
      36.15514770336449,
      36.62032817925016,
      39.39208940261354,
      39.23184686712921,
      40.61779328094175,
      34.71405850878606,
      47.610050933746,
      42.27646417232851,
      45.105297823747,
      42.61381024432679,
      43.26097792355964,
      41.9210236168777,
      42.31199795907984,
      34.52410602259139,
      52.55676118439684,
      43.117798582961164,
      44.638654414874814,
      45.91934227012098,
      46.148617359499134,
      45.19185739352057,
      51.21348189127942,
      47.15761190621803,
      43.72352079550425,
      33.2019236429284,
      45.99056101062646,
      46.59323550357173,
      52.15227433294058,
      44.824971556973956,
      45.23933728039265,
      49.19641241679589,
      49.52667653653771,
      48.356400611810386,
      46.75804249538729,
      46.52445001434535,
      48.2143027006338,
      50.69827497905741,
      57.547722021117806,
      42.7030450416108,
      49.212148187992476,
      48.84503541669498,
      48.14028862863779,
      40.267844312513866,
      52.18057989515364,
      55.180099471472204,
      49.12225791749855,
      51.300971891110144,
      60.47530024933318,
      54.52868853136897,
      58.99647938832641,
      51.71318382738779,
      50.900303384289145,
      55.06836968039473,
      54.241466618453465,
      53.05027516993383,
      53.30389424910148,
      52.748010363429785,
      52.03548642527312,
      50.61424007577201,
      55.60666454272965,
      51.864727385963,
      61.85271097222964,
      55.960616060222186,
      57.14627774680654,
      56.597589146345854,
      60.01229026044408,
      51.58077651821077,
      54.91654920236518,
      54.01661219354719
    ],
    "sla_eMBB": [
      0.16571340693781772,
      0.17444029230624436,
      0.16613281928002835,
      0.1796977936476469,
      0.1581968855826805,
      0.16194545679415265,
      0.15204149692008892,
      0.15688478647731244,
      0.16065622253964346,
      0.1651781142440935,
      0.15831628472854695,
      0.14830663348858555,
      0.14258140572036307,
      0.15685318443303306,
      0.16813063178832333,
      0.1681062887609005,
      0.15878181773548325,
      0.1485511267123123,
      0.5136106912543377,
      0.17575599970916908,
      0.1557432063606878,
      0.15467541492854556,
      0.16294309499983986,
      0.23933626540005207,
      0.14490714111365377,
      0.1093439340343078,
      0.19531428342064222,
      0.15633473301306366,
      0.2415578595921397,
      0.15692301146065196,
      0.13045100729291637,
      0.22254897146796188,
      0.14852519255131483,
      0.1569578871751825,
      0.1411686899450918,
      0.11366561716422438,
      0.1456328439215819,
      0.14582625160614648,
      0.1502152876307567,
      0.1427250023248295,
      0.13817695186162987,
      0.14971133046473065,
      0.1593104011317094,
      0.15002179789667328,
      0.1369861413910985,
      0.1420834592729807,
      0.13249610715235274,
      0.14189381814251342,
      0.17383730043967566,
      0.20218159121771653,
      0.13918194074804585,
      0.14599326046804587,
      0.14153611879174907,
      0.14894896482427916,
      0.15485943963130316,
      0.1328110941623648,
      0.13358059746523698,
      0.11637551474074523,
      0.19944656816621623,
      0.1621955111126105,
      0.15867117526630561,
      0.1420143884792924,
      0.1619293938949704,
      0.13614604958643517,
      0.16424550779163838,
      0.13949795079727967,
      0.15307300205032032,
      0.1551767316584786,
      0.14554574387768904,
      0.24293933536857368,
      0.16611290196577708,
      0.2701599119231105,
      0.17079076672593752,
      0.1796089409912626,
      0.16894270593921343,
      0.1590664692595601,
      0.1716129392509659,
      0.15250304522613684,
      0.21572494130581618,
      0.15374963489671548
    ],
    "sla_URLLC": [
      0.45245966883997124,
      0.38160776533807317,
      0.46300349694987136,
      0.3751167037586371,
      0.4290578330308199,
      0.4574585558970769,
      0.48399063244462015,
      0.44861221278707186,
      0.5043275714914004,
      0.5007914431889852,
      0.4683630539476871,
      0.4333956545094649,
      0.4566988910237948,
      0.4761435578763485,
      0.48943749437729517,
      0.4999541682004929,
      0.5178298563758532,
      0.3595681816836198,
      0.34520541270573935,
      0.5332160528500874,
      0.6190734470884005,
      0.5289682509501775,
      0.5759710156917572,
      0.3743512572844823,
      0.5501050500075022,
      0.9153726887702942,
      0.5616088168819745,
      0.5390094481905301,
      0.4140384708841642,
      0.6221652944882711,
      0.6328979090849558,
      0.4092598017056783,
      0.733148886958758,
      0.6231271612644196,
      0.5982554038365682,
      0.60675634543101,
      0.617402054866155,
      0.6257764214277267,
      0.6747811492284139,
      0.5997870098551115,
      0.611708393295606,
      0.6684947189688683,
      0.6552024128039678,
      0.6739760440587997,
      0.6320098181565602,
      0.6382979393005371,
      0.6513842831055323,
      0.662434598505497,
      0.6014089255531629,
      0.3905193304022153,
      0.731102041999499,
      0.6654357014099757,
      0.6473878833651543,
      0.9729095669587453,
      0.6616002847750981,
      0.7129160823424657,
      0.6559781829516093,
      0.9859139422575632,
      0.6169921099146207,
      0.7162042007843653,
      0.6606968712806701,
      0.6942321026325226,
      0.6616014395157496,
      0.708696141242981,
      0.7102663938204448,
      0.6971333880225817,
      0.6837254643440247,
      0.7351363007227579,
      0.665934821565946,
      0.4690723596016566,
      0.717225646773974,
      0.49742789963881173,
      0.7946677811940511,
      0.7093282806873321,
      0.730599703391393,
      0.7642486826578776,
      0.7804757301012675,
      0.648757963180542,
      0.6417796615759531,
      0.7071087896823883
    ],