{
  "args": {
    "method": "nested",
    "drift": "multi",
    "n_agents": 6,
    "n_slices": 3,
    "horizon": 150,
    "episodes": 80,
    "seed": 4,
    "hidden": 64,
    "ppo_epochs": 4,
    "lr_ippo": 0.0005,
    "severity": 1.5,
    "log_every": 80,
    "outdir": "results"
  },
  "metrics": {
    "episode_reward": [
      36.64787360901634,
      36.255319934648774,
      36.84020476446798,
      44.72285371335844,
      37.828264207579195,
      34.942344008634485,
      39.4880545437336,
      39.174277039555214,
      36.82780472251276,
      34.328892624005675,
      38.71365082729608,
      37.97403458878398,
      35.63478368272384,
      38.62987656425685,
      39.79701813310385,
      41.2293964518855,
      41.11972818803042,
      41.72700597625226,
      40.631457425653934,
      42.09812253899872,
      39.391273191819586,
      38.039693679971,
      32.244400271835424,
      41.915428667639695,
      45.64618742838502,
      41.29710519810518,
      43.90982749437293,
      45.39221086011579,
      33.97163698449731,
      48.36498475881914,
      45.61110042128712,
      46.77556728788962,
      45.06750657316297,
      53.749630595867835,
      47.18251025583595,
      48.948667814955115,
      46.38661300328871,
      46.9367546349143,
      46.85161976547291,
      44.89752601676931,
      56.20352191478014,
      50.55964948982,
      49.77024056979766,
      52.71483537709961,
      44.835133479597665,
      51.11157424903164,
      49.41130102425814,
      53.66833078674972,
      56.778770891949534,
      54.00718362970898,
      48.733881877424814,
      49.84597397129983,
      48.95754283449302,
      50.92554634964714,
      50.5806109138454,
      54.81711513890574,
      51.88629672738413,
      55.67978622733305,
      57.15084960808357,
      60.97813448806604,
      49.443327353956796,
      51.17873431649059,
      53.423315117135644,
      51.053740186306335,
      56.794217622218035,
      52.04553383092085,
      49.02297284826636,
      54.20037272634605,
      54.15999170579016,
      51.3923630968978,
      51.559375792120896,
      49.769827969682716,
      53.201920965996884,
      57.34862707617382,
      55.42751861115297,
      55.17259335424751,
      51.00091959473988,
      51.58701007006069,
      50.17832284420729,
      54.695769346008696
    ],
    "sla_eMBB": [
      0.16060415835430225,
      0.16709491518015662,
      0.18066068244477113,
      0.15968320229401192,
      0.17546139286210138,
      0.17470173670289418,
      0.1705748281131188,
      0.16979320866366227,
      0.1897280597065886,
      0.16140038932363193,
      0.17213457560477158,
      0.1689436734467745,
      0.15839328108976283,
      0.17430284906178714,
      0.1517279890427987,
      0.15937086549897989,
      0.17611481343706448,
      0.1666023626178503,
      0.16005437808732192,
      0.15065802093595265,
      0.15397146015117566,
      0.14143929994665086,
      0.1367838804454853,
      0.15839909085383017,
      0.1285838440619409,
      0.15334275313963494,
      0.15069129078338545,
      0.1602425207197666,
      0.10082502360145251,
      0.14991506506378452,
      0.15663285117285947,
      0.14878124465545017,
      0.1705345869809389,
      0.17442815348505974,
      0.14263885835806528,
      0.1327934358517329,
      0.17288417813678583,
      0.15068985571463903,
      0.15843181087945898,
      0.14687376542637745,
      0.18884717715283236,
      0.15526921533669036,
      0.14760837828740478,
      0.16295133727913103,
      0.26323927339787284,
      0.15548927006622157,
      0.15163781393319367,
      0.15916996852184334,
      0.20689089288314183,
      0.15558182347565888,
      0.14276871835812927,
      0.1449984373524785,
      0.14956297005837163,
      0.15560222150137026,
      0.1510632230093082,
      0.1695439547672868,
      0.15342206911494335,
      0.1490517441680034,
      0.16739297289401292,
      0.21606682628393173,
      0.15630083644141754,
      0.17810528807342052,
      0.16885213838269314,
      0.1762672392030557,
      0.16409737065434457,
      0.17454106592883667,
      0.1773358910406629,
      0.18587478825201592,
      0.16727372353275616,
      0.1712606165682276,
      0.16464532535523177,
      0.27070760864764454,
      0.17884734330077967,
      0.1814148677388827,
      0.16672528435786566,
      0.16108007130523522,
      0.1736009907349944,
      0.17944664721687634,
      0.16760764212658008,
      0.26459025600304203
    ],
    "sla_URLLC": [
      0.463794543693463,
      0.43785607983668645,
      0.4126048555970192,
      0.846741168498993,
      0.436821186542511,
      0.4219745124131441,
      0.48927309850851697,
      0.4890338421364625,
      0.4494439583023389,
      0.4042051497101784,
      0.4783986853559812,
      0.465774488846461,
      0.44256926387548445,
      0.46579305062691373,
      0.532413208236297,
      0.5227483536303044,
      0.5058699592451255,
      0.5568054402867954,
      0.5254864710569381,
      0.5642906468113263,
      0.4792666839559873,
      0.49543734033902487,
      0.5737224832177162,
      0.553269663353761,
      0.892549699942271,
      0.5539757890502611,
      0.5740040278434754,
      0.5874276865522067,
      0.8888665068149567,
      0.6419616885979971,
      0.598039255241553,
      0.6134292330344518,
      0.5873505091667175,
      0.6196197457114856,
      0.6145997386177381,
      0.9276915387312571,
      0.5854777930180232,
      0.6156832043329875,
      0.6003062764803568,
      0.5914741696914038,
      0.6366324945290883,
      0.6325140998760859,
      0.6418822093804677,
      0.6901554795106252,
      0.4086027065912882,
      0.6634749340017637,
      0.6486666696270307,
      0.690611889163653,
      0.5837245882550876,
      0.7433352791269621,
      0.6797230633099874,
      0.6635793228944142,
      0.662808955113093,
      0.6668140948812167,
      0.67667507092158,
      0.7017242932319641,
      0.6863628945748012,
      0.7421340280771256,
      0.7643903023004532,
      0.6118461394309997,
      0.636342753469944,
      0.628772535721461,
      0.6710354089736938,
      0.6403082170089086,
      0.7462781882286071,
      0.6541743359963099,
      0.6626276403665543,
      0.6655699004729588,
      0.6889358884096146,
      0.6414201954007148,
      0.6960281689961751,
      0.4416905895868937,
      0.6583740970492363,
      0.7396668350696564,
      0.7362640939156214,
      0.7081590533256531,
      0.6343920642137527,
      0.6281640573342642,
      0.6366082255045573,
      0.4953175699710846
    ],