{
  "args": {
    "method": "nested",
    "drift": "multi",
    "n_agents": 10,
    "n_slices": 3,
    "horizon": 150,
    "episodes": 80,
    "seed": 2,
    "hidden": 64,
    "ppo_epochs": 4,
    "lr_ippo": 0.0005,
    "severity": 1.5,
    "log_every": 80,
    "outdir": "results"
  },
  "metrics": {
    "episode_reward": [
      32.70831941310316,
      35.107622891664505,
      35.06604730635881,
      37.8246433230117,
      37.23073554132134,
      36.50914508067071,
      38.297183939814566,
      36.978591685183346,
      44.65820687171072,
      34.27892005369067,
      40.70984127279371,
      37.20117634292692,
      40.27897125352174,
      44.25946244224906,
      40.21794171668589,
      39.72897086497396,
      39.07974896933884,
      41.41126663889736,
      44.67734405770898,
      51.43884779699147,
      40.040211285464466,
      41.46952075138688,
      49.45296177752316,
      40.31680629160255,
      36.14616230875254,
      44.248193801380694,
      46.46262398585677,
      44.51882943175733,
      41.46575594507158,
      41.22105563338846,
      46.42176278848201,
      49.461469379253685,
      46.21561967805028,
      45.246455871127544,
      48.859296740591525,
      47.689919223822656,
      47.320802729204296,
      49.5484448954463,
      52.61289175339043,
      50.193815308436754,
      49.396567991748455,
      54.60363122448325,
      51.21234708540142,
      49.54102790653705,
      39.24488960057497,
      49.943741456791756,
      46.426036584749816,
      48.3412094341591,
      48.79657835811376,
      50.71584238633513,
      40.790915253944696,
      52.888440711423755,
      50.11010613124817,
      55.36634413897991,
      53.37791739795357,
      53.090258380584416,
      54.031734057702124,
      51.60398988649249,
      52.61900025755167,
      51.43506314139813,
      52.025479254871605,
      52.727528443187474,
      48.98926477730274,
      54.20890481285751,
      52.51202870402485,
      51.61047017183155,
      63.030271153151986,
      62.698595996573566,
      56.11003642901778,
      53.09246181808412,
      40.768720084801316,
      52.366931656003,
      51.5434919135645,
      53.252850734442475,
      54.601410183124244,
      52.57549434453249,
      52.504198821261525,
      52.641077992133795,
      39.657180168479684,
      58.56440983563662
    ],
    "sla_eMBB": [
      0.1697883252799511,
      0.16562996485581,
      0.17079195618629456,
      0.1630655671407779,
      0.1640869032094876,
      0.16981889091432095,
      0.15695485594371955,
      0.16868804390231767,
      0.22805789728959402,
      0.15778645592431229,
      0.17679898294309776,
      0.1494781311849753,
      0.17079098674158255,
      0.1386889233564337,
      0.1767794554773718,
      0.15643283363431693,
      0.17376971876869599,
      0.16509590622037648,
      0.19917971938848494,
      0.2747446111838023,
      0.1589955147479971,
      0.16524927520503602,
      0.21334323969980082,
      0.16250718917697668,
      0.1172980022802949,
      0.16578800997386375,
      0.14045208809276422,
      0.16761088870465757,
      0.1743054956694444,
      0.1709700853129228,
      0.17237258007129033,
      0.521287473415335,
      0.1869576071202755,
      0.19317879217366377,
      0.1710766570518414,
      0.19050395091374714,
      0.17595007268091042,
      0.18508900141964357,
      0.21839687179774045,
      0.1936052261541287,
      0.17387941248714925,
      0.2111548630396525,
      0.14848683786888917,
      0.19387271714707216,
      0.13132700982193152,
      0.17984494691093764,
      0.21467612825334073,
      0.1735535517334938,
      0.17889628474911054,
      0.17705002253254254,
      0.16598377897093694,
      0.1802212553222974,
      0.1719394902388255,
      0.18251793277760348,
      0.1813735390951236,
      0.17471016118923824,
      0.17621473419169584,
      0.1310613196839889,
      0.16938548766076564,
      0.1771235328912735,
      0.17466913357377054,
      0.17503040358424188,
      0.15925895771632592,
      0.19330726770063242,
      0.1672164715329806,
      0.16117052552600702,
      0.191931754698356,
      0.20396187625825404,
      0.16559815049171447,
      0.17752746311326822,
      0.12721983710924784,
      0.16305285597840946,
      0.17148649804294108,
      0.17619971696287393,
      0.1688833341995875,
      0.17464955650269987,
      0.1798698894927899,
      0.16083756598333518,
      0.10275679464141528,
      0.1704873344798883
    ],
    "sla_URLLC": [
      0.4018215355773767,
      0.4329009271164735,
      0.4152705285946528,
      0.4634605463842551,
      0.4484303733209769,
      0.44089704523483914,
      0.47169064715504644,
      0.4453215227027734,
      0.46628932585318883,
      0.43492615878582,
      0.5060723943511645,
      0.47137204140424727,
      0.4927955533067385,
      0.8220787787437439,
      0.4925668299694856,
      0.4980906221270561,
      0.4752598949273427,
      0.5320845092336337,
      0.4876727072397868,
      0.5284641395012538,
      0.5079787654678026,
      0.5174540896217028,
      0.5201189146439235,
      0.5157133426268895,
      0.9266477600733439,
      0.5634874238570531,
      0.8641332745552063,
      0.544847674469153,
      0.5177394898732504,
      0.5063854563236236,
      0.5836219477653504,
      0.38334043383598326,
      0.5598471477627754,
      0.5598036376635234,
      0.6267064265410105,
      0.5645657256245613,
      0.5988537156581879,
      0.616778235634168,
      0.6408519276976585,
      0.6180866142114003,
      0.6321448036034902,
      0.6023527312278748,
      0.9619847269852956,
      0.6209164564808209,
      0.9585151982307434,
      0.630529222091039,
      0.5939793048302332,
      0.6236743714412053,
      0.624018634557724,
      0.644954747358958,
      0.6549650005499522,
      0.6598319464921951,
      0.6487290813525518,
      0.7321100306510925,
      0.6802544778585434,
      0.6631938888629277,
      0.6922194765011469,
      0.9717198344071706,
      0.6941460118691126,
      0.6337353346745173,
      0.6635326413313548,
      0.6443004991610845,
      0.6027343181769053,
      0.6520346915721893,
      0.6620316719015439,
      0.6733492934703826,
      0.6906118859847387,
      0.7687656491994858,
      0.6972109174728394,
      0.6692991236845652,
      0.977360311349233,
      0.6711197205384573,
      0.6434255182743073,
      0.6730843484401703,
      0.7031174075603485,
      0.682102323770523,
      0.637988800406456,
      0.6460915621121724,
      0.9824009025096894,
      0.7376220234235128
    ],