{
  "args": {
    "method": "nested",
    "drift": "multi",
    "n_agents": 10,
    "n_slices": 5,
    "horizon": 150,
    "episodes": 80,
    "seed": 2,
    "hidden": 64,
    "ppo_epochs": 4,
    "lr_ippo": 0.0005,
    "severity": 1.5,
    "log_every": 80,
    "outdir": "results"
  },
  "metrics": {
    "episode_reward": [
      13.875769387558103,
      12.351453199237586,
      13.921103133633732,
      16.239419616013766,
      15.71916814185679,
      15.618504490330816,
      13.45109273325652,
      14.821857474558055,
      15.309602435864509,
      17.718100799061357,
      17.471143378131092,
      16.490449103713036,
      20.074076678045095,
      21.770603086799383,
      21.892487401887774,
      22.379003437794744,
      24.0986523354426,
      24.179565018042922,
      35.078645524941386,
      23.06674586124718,
      28.003013326413928,
      26.879213021323086,
      31.77338596172631,
      32.02069000657648,
      27.494533722288907,
      41.59063098207116,
      27.48542084656656,
      33.660560404509305,
      34.07568724229932,
      33.944816685467956,
      31.69388205111027,
      31.99301315266639,
      34.39494333192706,
      35.612282171100375,
      37.47177572306246,
      36.63549900855869,
      35.8521594857797,
      37.46876179445535,
      37.80368827898055,
      35.10556983649731,
      36.341821970045565,
      40.41425652895123,
      41.95710376687348,
      40.68087231535465,
      44.358095191046594,
      42.46696582958102,
      47.08069413676858,
      43.51604035533965,
      42.4463743403554,
      44.474662858247754,
      42.73683988973498,
      43.67636416368187,
      45.91853317953646,
      43.933826154284176,
      44.78916731774807,
      43.467437201738356,
      46.54527729228139,
      45.93316500987858,
      46.93994705695659,
      45.787746612355114,
      45.762784886173904,
      47.41048266645521,
      47.42705155834555,
      46.78117343168706,
      48.263138072378936,
      47.26532779410481,
      47.48200720716268,
      46.91181111503393,
      47.268853288516404,
      34.51490102875978,
      48.00592924952507,
      47.867107009328905,
      50.27887543383986,
      49.334923428297046,
      47.645176321826874,
      47.65053390394896,
      32.17131903544068,
      48.50308466088027,
      48.09695447087288,
      54.751867804676294
    ],
    "sla_eMBB": [
      0.09005013757695754,
      0.09797056389972568,
      0.09786262217909097,
      0.08801219003895919,
      0.09336452190453808,
      0.09774999163734416,
      0.0877641138030837,
      0.08387510925531387,
      0.09310507838924725,
      0.08555409408795336,
      0.0822733527297775,
      0.08457363504295548,
      0.08709545779352387,
      0.07409250351289907,
      0.07592523355036974,
      0.07302139081060886,
      0.07551413433936735,
      0.08111610462268194,
      0.08109182828416427,
      0.06709978293006619,
      0.06352333353211483,
      0.05875265720610817,
      0.050528569780290127,
      0.05414250805663566,
      0.044099607594932116,
      0.061560427881777284,
      0.05147915111854672,
      0.04708706416810552,
      0.05267179283313453,
      0.04058901889560123,
      0.04763003262070318,
      0.04875567946583033,
      0.04155622512723009,
      0.03882025129161775,
      0.04167198443474869,
      0.041701318006962536,
      0.03547533535088102,
      0.0331893124532265,
      0.03634678362868726,
      0.03633226324804127,
      0.03622534079477191,
      0.02741166951910903,
      0.03044262851277987,
      0.02848218435421586,
      0.03118654785056909,
      0.02698835396828751,
      0.029253740993638835,
      0.028369100571920474,
      0.021584034102658432,
      0.023126906068064272,
      0.022665651431307197,
      0.0194270441448316,
      0.02690105862915516,
      0.0221140437759459,
      0.01836123707704246,
      0.020277860332280396,
      0.021012748444336468,
      0.01546768233490487,
      0.015803555520251394,
      0.016375950320313373,
      0.014021611725911497,
      0.014106244801854094,
      0.014279059572145343,
      0.014517287510680035,
      0.012889738624605039,
      0.014976369253514955,
      0.01191644216577212,
      0.010886108914855868,
      0.013780243437116344,
      0.011936508314684034,
      0.01167085170124968,
      0.011085694575061401,
      0.010112794476250807,
      0.011844875104725362,
      0.012786161654318373,
      0.011453093476593495,
      0.010126575307610134,
      0.010383015821377435,
      0.011107799466699361,
      0.01158364577529331
    ],
    "sla_URLLC": [
      0.16604620109622678,
      0.14289593848089377,
      0.1696557390441497,
      0.2408731912697355,
      0.20748379223048688,
      0.21747262502710024,
      0.18640473609169325,
      0.19235430491467317,
      0.1807533498853445,
      0.24872602485120296,
      0.2324216579894225,
      0.1994801939278841,
      0.2977645075072845,
      0.30346458353102207,
      0.2847986826300621,
      0.318313209588329,
      0.2940633036196232,
      0.30142897218465803,
      0.3385189182559649,
      0.2839709508915742,
      0.5641156059503555,
      0.3493758990863959,
      0.4435660540064176,
      0.4358097377916177,
      0.4863979543745518,
      0.4195055346687635,
      0.45247630693018437,
      0.4169449950257937,
      0.46954541305700936,
      0.42105778892834983,
      0.4333960589269797,
      0.7208318869272868,
      0.47463878442843754,
      0.47599078168471654,
      0.5283899900317192,
      0.5189682877063752,
      0.45845656832059223,
      0.5119833619395892,
      0.5400159200032552,
      0.5017644312481085,
      0.8140291158358256,
      0.5494349291920662,
      0.52209900756677,
      0.5467990246415139,
      0.5593193420767784,
      0.5637015133102735,
      0.576747638185819,
      0.6015360156695048,
      0.574027938246727,
      0.6002715435624123,
      0.5744282803932825,
      0.5856591102480888,
      0.6468565056721369,
      0.6634622577826182,
      0.628215740819772,
      0.586435857117176,
      0.6205132244030634,
      0.5963189472754796,
      0.6211356769005457,
      0.6150796214739481,
      0.6345123127102852,
      0.6969708510239919,
      0.6901975045601527,
      0.6358466319243113,
      0.7000599108139673,
      0.6274544276793798,
      0.676909304857254,
      0.6192662431796392,
      0.6883932457367579,
      0.6812885898351669,
      0.6377488253513972,
      0.6237479533751805,
      0.6590424706538518,
      0.6145052041610082,
      0.6645675698916117,
      0.7067568731307984,
      0.9792722225189209,
      0.6692995323737463,
      0.6753371836741765,
      0.6285482273499171
    ],