{
  "args": {
    "method": "nested_two_level",
    "drift": "multi",
    "n_agents": 3,
    "horizon": 150,
    "episodes": 80,
    "seed": 3,
    "hidden": 64,
    "ppo_epochs": 4,
    "lr_ippo": 0.0005,
    "severity": 1.5,
    "log_every": 80,
    "outdir": "results"
  },
  "metrics": {
    "episode_reward": [
      33.26200829537379,
      37.966310101276015,
      33.41267359991456,
      36.068760430978436,
      35.61414606465648,
      34.863984784918536,
      34.42309715073143,
      35.277787983293344,
      34.08441423560598,
      37.69671560959606,
      40.85666723312915,
      41.489104649538376,
      39.72674670467776,
      39.49356692230537,
      40.891162363729535,
      40.994671444263744,
      42.160790864673146,
      39.27994560878725,
      41.463442735493004,
      43.88544616148706,
      42.766074687532274,
      43.861390540583244,
      42.27442725847168,
      42.46048895149599,
      39.645175421279355,
      41.37561587308431,
      46.70158397246979,
      43.99904334650687,
      39.90142551944075,
      42.092846567825326,
      44.052563426064175,
      40.09900714233521,
      35.08499019762705,
      45.09156510169208,
      42.23057103524139,
      42.6192345650039,
      43.91331153592719,
      44.75279435869311,
      48.447163914123394,
      43.01157514291509,
      47.98591179096451,
      47.430985229690066,
      43.26222798536636,
      41.26238701419079,
      36.78458863606469,
      43.52171385311007,
      43.851704031912014,
      43.050843786862195,
      36.88322829173671,
      43.205576127596856,
      44.52574059255426,
      45.03354256730529,
      41.07956056158164,
      44.672652228507765,
      46.002657840486336,
      46.3298425679613,
      49.492990793256716,
      39.616312685103104,
      45.173475732944105,
      48.34069886193095,
      36.91282738658804,
      44.97195198388983,
      46.565382154058284,
      43.787434527981645,
      45.53936420631495,
      46.326848452496904,
      44.52202268592604,
      45.21461711744263,
      45.579872484960525,
      54.9435862315302,
      48.21091667165425,
      45.36369442236097,
      46.209653000699184,
      44.727178091059166,
      46.912840739782546,
      47.17755544872754,
      45.482037155206065,
      45.497233683036484,
      46.145185292719184,
      54.5078561218663
    ],
    "sla_eMBB": [
      0.1599993810678522,
      0.4683006279170513,
      0.16095015313476324,
      0.19342512131358186,
      0.30215762959172326,
      0.16509955692415437,
      0.1605715866945684,
      0.1766009332984686,
      0.16803028017282487,
      0.15882405053824186,
      0.19088304677357276,
      0.16237163395931323,
      0.15721925703187783,
      0.16438509454329808,
      0.12987892573699356,
      0.17297293111681938,
      0.1530311196607848,
      0.15084594493110975,
      0.1860823826616009,
      0.1636091461715599,
      0.16688865597670277,
      0.1534526261376838,
      0.1986430662125349,
      0.15566962176933885,
      0.18449405011410513,
      0.16118789785852036,
      0.595900191857169,
      0.1942000090330839,
      0.16903026760866244,
      0.1774677696203192,
      0.17541326772421598,
      0.16485566961889467,
      0.11734823596974214,
      0.19960538099209468,
      0.25434519559144975,
      0.18750422730421026,
      0.17907149244720738,
      0.1822312097872297,
      0.2157199300204714,
      0.1711495842039585,
      0.16535601418465376,
      0.17875361252576114,
      0.17283343798170486,
      0.16697197287653884,
      0.1536749860147635,
      0.17821473758667708,
      0.17551133220394452,
      0.16953831075380246,
      0.1680979230006536,
      0.17321458288778863,
      0.15981708630919456,
      0.18018131186564765,
      0.20141671339670816,
      0.16412725724900762,
      0.18710894718766213,
      0.1689522183313966,
      0.1901070709650715,
      0.17976437286784253,
      0.17128439159442982,
      0.19477310399214426,
      0.11932319497068723,
      0.16619561224554977,
      0.1622203537573417,
      0.168797173127532,
      0.1783054486165444,
      0.1753957909035186,
      0.15559978771954774,
      0.1728568975875775,
      0.18884530160576105,
      0.24815169014036656,
      0.1673185754256944,
      0.15887573833266894,
      0.18168895818913977,
      0.17387858929733435,
      0.16285113930081327,
      0.1679463222126166,
      0.14567522122214238,
      0.1509865765273571,
      0.15396907704571883,
      0.16284692286203306
    ],
    "sla_URLLC": [
      0.3992625678082307,
      0.28797733021279176,
      0.4099108552932739,
      0.41954689731200534,
      0.2951819868013263,
      0.43500505449871224,
      0.4070231769979,
      0.4400661617020766,
      0.4152356330367426,
      0.476818030923605,
      0.498504729171594,
      0.5090484684209029,
      0.4980941251417001,
      0.4903569559752941,
      0.7715874253710111,
      0.5134251665572326,
      0.5211708120008309,
      0.5072998956342538,
      0.5148069443802039,
      0.5608536121249199,
      0.5343417594830195,
      0.8222981490691503,
      0.45708401982982955,
      0.5375501360992591,
      0.4895606971780459,
      0.4969288729627927,
      0.3448487067719301,
      0.5269575741887093,
      0.5152432041366896,
      0.4952303986251354,
      0.5325030221541722,
      0.49593595271309215,
      0.8962808779875437,
      0.4869309614102046,
      0.3621086034675439,
      0.49447487394014994,
      0.5366216629743576,
      0.5554168377816677,
      0.526259862134854,
      0.5408210359017054,
      0.8917367684841156,
      0.5854595484832923,
      0.5241567607720693,
      0.5096056860685348,
      0.5842226648827394,
      0.5224387583881617,
      0.5393193317949772,
      0.5283293926467498,
      0.4495545082290967,
      0.5394446572164694,
      0.5580880683163801,
      0.548772853165865,
      0.5512024800976117,
      0.5817626017828782,
      0.5628964906930923,
      0.5688396832346916,
      0.5862352018555005,
      0.4701772600412369,
      0.551398239582777,
      0.5849336844682693,
      0.9294473842779796,
      0.5525642735759417,
      0.6000351531803608,
      0.5410403653979301,
      0.5758201888700326,
      0.5712569749852021,
      0.566043363114198,
      0.5803843893607458,
      0.5637239080667495,
      0.5527474398911,
      0.6139038906991482,
      0.5617027405897776,
      0.5554055909812451,
      0.5510456481575966,
      0.579140077183644,
      0.5890626074870428,
      0.567072301308314,
      0.5614884028335413,
      0.5601984247068564,
      0.7100545541445414
    ],