{
  "args": {
    "method": "nested",
    "drift": "multi",
    "n_agents": 3,
    "n_slices": 3,
    "horizon": 150,
    "episodes": 80,
    "seed": 7,
    "hidden": 64,
    "ppo_epochs": 4,
    "lr_ippo": 0.0005,
    "severity": 1.0,
    "log_every": 80,
    "outdir": "results"
  },
  "metrics": {
    "episode_reward": [
      36.31708051636815,
      38.536936696618795,
      36.02936816339692,
      34.968715930978455,
      36.37775465970238,
      40.27552003475527,
      32.48297515201072,
      42.096529038002096,
      36.39622436525921,
      41.42975585410992,
      39.638931938136615,
      42.03450521888832,
      39.81129146988193,
      39.6018699798733,
      40.21887602408727,
      47.71916235238314,
      35.00307070836425,
      41.084360459819436,
      40.10754060124358,
      41.92144799977541,
      46.544972044726215,
      52.03210981811086,
      48.34366146226724,
      47.7274010386318,
      48.36645585671067,
      52.66591977638503,
      49.12058001756668,
      47.22834314530095,
      48.42213756901523,
      40.7621877733618,
      53.51237649781009,
      46.76322657118241,
      38.527798085163035,
      50.4394547076275,
      50.410093081494175,
      47.191372814277806,
      48.357815520217024,
      48.75100975359479,
      51.72728529634575,
      52.239351277550064,
      57.07364668448766,
      48.484079441676535,
      47.57504144186775,
      50.307394344980516,
      39.57208608649671,
      39.084975592792034,
      48.76528356100122,
      57.75064287583033,
      49.050963044166565,
      45.37445889227092,
      44.47047997266054,
      58.86287203927835,
      52.545914681628346,
      59.965829433252416,
      53.83001249097288,
      58.413223483910166,
      56.31193502868215,
      48.63350666066011,
      69.34075024724007,
      51.81823149820169,
      55.14682765180866,
      57.039352820565306,
      53.997373477866255,
      64.08110521609585,
      54.70668823147813,
      63.710108418017626,
      59.735384195422135,
      55.00830009703835,
      52.84010775014758,
      56.59203086793423,
      57.33829069385926,
      65.57426642626524,
      55.57217361281315,
      55.04400067652265,
      61.77165787294507,
      56.11897519727548,
      56.047748340914644,
      60.05732669184605,
      55.79164395978054,
      54.60015602161487
    ],
    "sla_eMBB": [
      0.16709606047098835,
      0.17027177538722754,
      0.17369255917767684,
      0.1475260496325791,
      0.16225534483790396,
      0.15442221112549304,
      0.18406286070744196,
      0.18229215927422046,
      0.15969059973955155,
      0.19946370324740806,
      0.1700739288702607,
      0.16433950621634721,
      0.14745404533421,
      0.17246703018744786,
      0.1705534360309442,
      0.22921424935261409,
      0.17953017733370263,
      0.17803074724972248,
      0.17407036673277618,
      0.18143134379138548,
      0.17790949678669374,
      0.1965600716881454,
      0.19878245670348405,
      0.2198382944862048,
      0.20553545196851095,
      0.20630464819570382,
      0.1771702118466298,
      0.24845824683705967,
      0.1873855585232377,
      0.1935431164627274,
      0.2209683917214473,
      0.21140509486198425,
      0.18053443991889556,
      0.20485159429411093,
      0.20284222044050693,
      0.19512619219720365,
      0.2017490105703473,
      0.19337118215858937,
      0.18392437825600305,
      0.19262650154531002,
      0.1913923769320051,
      0.1671165294572711,
      0.16417491513614854,
      0.1759496630107363,
      0.15028657445063193,
      0.14130263852576413,
      0.17861519652729232,
      0.1721178603048126,
      0.16830149117857218,
      0.17540944378823042,
      0.15815737287824352,
      0.18363223997255165,
      0.16901783895989259,
      0.17986662774036327,
      0.1955455457046628,
      0.18630206633359195,
      0.165542473072807,
      0.176757750933369,
      0.25926184544960656,
      0.17544288668781519,
      0.17382017626116672,
      0.2050305961817503,
      0.19049384694546462,
      0.26324384649594623,
      0.1839521212130785,
      0.19017786127825578,
      0.18593060513337453,
      0.19202321470404665,
      0.19199173631767433,
      0.20832883623739085,
      0.2163871080428362,
      0.2440257045129935,
      0.18411181294669707,
      0.18777740895748138,
      0.16389715469131866,
      0.19921709256867567,
      0.18513487003743648,
      0.18752467135588327,
      0.16510988992949327,
      0.22232032731175422
    ],
    "sla_URLLC": [
      0.44243599340319634,
      0.46989279304941495,
      0.4118448293209076,
      0.6036151260137558,
      0.6297370457649231,
      0.48680890310555697,
      0.3040246294935544,
      0.5104504122336706,
      0.4544586907327175,
      0.49798789764444035,
      0.47018764169886706,
      0.5445979885260264,
      0.5329942887524763,
      0.5001777653892835,
      0.5110680843889713,
      0.5016109705468019,
      0.40892800442874433,
      0.5066837955017884,
      0.4936155520379543,
      0.5048892721533775,
      0.5736899115641911,
      0.6661118362347285,
      0.5799590065330267,
      0.5816664879520734,
      0.5770629262427489,
      0.6595260293285052,
      0.6484052987893423,
      0.4788484965264797,
      0.6268602917095025,
      0.6408018414179484,
      0.5731360029180844,
      0.5848241469760735,
      0.9044412704308827,
      0.6185807767510414,
      0.698700701991717,
      0.5528079456090927,
      0.5972079306344191,
      0.6029457165300847,
      0.6822462927301725,
      0.6612159818907579,
      0.7708399052917957,
      0.6302645738919576,
      0.5965366406242053,
      0.6880155883729457,
      0.6548234298328559,
      0.9481439550717672,
      0.6153342253963152,
      0.7407816774646441,
      0.6065822912255923,
      0.5604864438374837,
      0.7023948630690575,
      0.7836145072182019,
      0.6926031595965226,
      0.8065274343887965,
      0.6621645732223987,
      0.7415771714846293,
      0.6895742023487886,
      0.7784082233905792,
      0.6701119660337767,
      0.6487328408658505,
      0.7023141155640285,
      0.7077266044418017,
      0.6744956526160241,
      0.615390013853709,
      0.6754654784003894,
      0.7946453400452932,
      0.7674374371767044,
      0.720742885073026,
      0.6552604696154595,
      0.6665899817148845,
      0.7461146187782287,
      0.6344148223598798,
      0.6513901668787002,
      0.6409552799661954,
      0.7370481764276823,
      0.6475351508458456,
      0.6634974700212478,
      0.7341619950532913,
      0.6647364898522695,
      0.6370017143090566
    ],