{
  "args": {
    "method": "nested",
    "drift": "multi",
    "n_agents": 10,
    "n_slices": 3,
    "horizon": 150,
    "episodes": 80,
    "seed": 3,
    "hidden": 64,
    "ppo_epochs": 4,
    "lr_ippo": 0.0005,
    "severity": 1.5,
    "log_every": 80,
    "outdir": "results"
  },
  "metrics": {
    "episode_reward": [
      30.31297634355724,
      37.1661120980978,
      35.40981156527996,
      36.61429767906666,
      35.413656971231106,
      36.93712102882564,
      33.53913524914533,
      34.57858500946313,
      37.19478589911014,
      35.83410810828209,
      40.674153693951666,
      36.910447204485536,
      36.70132315512747,
      37.62554416079074,
      42.22713746987283,
      40.62809952571988,
      39.71317601464689,
      40.74256108608097,
      41.06569641735405,
      39.8302645266056,
      40.53382655121386,
      43.71935202144086,
      45.26816609147936,
      43.21147639881819,
      43.36673325933516,
      40.76165681388229,
      44.09362187087536,
      42.95223392862827,
      41.6146316209808,
      42.91318586543203,
      45.70349418744445,
      43.90223819632083,
      36.1576016664505,
      50.01088594365865,
      44.27197689320892,
      45.067499671317634,
      43.85157458595931,
      47.459019002318385,
      54.925917494669555,
      46.30313380304724,
      50.35777206383646,
      52.46785747800023,
      48.84514312911779,
      47.15901971887797,
      42.55221831277013,
      48.90747623257339,
      47.69730900675059,
      52.64720758348703,
      49.25881243366748,
      49.79706969484687,
      51.974610545113684,
      51.29183334074914,
      50.90929742641747,
      50.36753497216851,
      53.147893657907844,
      53.53027404863387,
      58.167117163725194,
      50.55073216315359,
      52.511586896702646,
      53.98093196190894,
      41.17154449149966,
      53.458820066973566,
      55.567128234356645,
      50.307964293658735,
      51.268854048289356,
      53.42064907737076,
      51.263832345418635,
      54.15494670644402,
      56.62445203382522,
      62.810441460087894,
      54.106209511309864,
      52.36825167704374,
      53.713666752912104,
      53.970841724611816,
      56.26480259764939,
      55.69773818682879,
      51.832374817878005,
      53.73066137582064,
      55.30098376274109,
      60.69680401459336
    ],
    "sla_eMBB": [
      0.16700402077287435,
      0.48396821931004524,
      0.16100780826061964,
      0.17512250711520513,
      0.3014342352251212,
      0.16602396309375764,
      0.17660336803644897,
      0.16820718303322793,
      0.16377359073609113,
      0.16950118362903596,
      0.17883315227925778,
      0.16097457165519397,
      0.15545741743097702,
      0.1772470230485002,
      0.1401571617896358,
      0.16577598072588443,
      0.15116623749335606,
      0.15469736276815335,
      0.19791471457729737,
      0.15951762568205596,
      0.16825151878098646,
      0.14489340856671334,
      0.19542467065155505,
      0.1594542619585991,
      0.18071561860541502,
      0.15566289491951465,
      0.4995579871535301,
      0.1702637704461813,
      0.15698490561296544,
      0.16708612963557243,
      0.16668213792145253,
      0.1630923906217019,
      0.11984805633624394,
      0.20602569669485093,
      0.2860467241704464,
      0.1861386727914214,
      0.18475732408463955,
      0.18280591137707233,
      0.2376790721466144,
      0.17200384179751077,
      0.16989132369558016,
      0.19030218994865813,
      0.19116685150812068,
      0.17977647674580416,
      0.1519719436019659,
      0.19909837265809377,
      0.21302879203110933,
      0.1900250025341908,
      0.17834512100865443,
      0.1812369786699613,
      0.1783489977568388,
      0.19353311374783516,
      0.23299213382105033,
      0.1801497710496187,
      0.20852851929763952,
      0.17271074652671814,
      0.21238684110343456,
      0.18655100477238495,
      0.19028316852947078,
      0.19527496568858624,
      0.1371201663588484,
      0.1906051512559255,
      0.19098792870839437,
      0.17304937993486721,
      0.18879119170208772,
      0.17991194834311802,
      0.18386441834270953,
      0.1980453370263179,
      0.2215762769182523,
      0.32900165289640426,
      0.18269489201406638,
      0.18326146580278874,
      0.20406756721436978,
      0.20615722325940927,
      0.19007391326129436,
      0.22085921888550122,
      0.19872245075802009,
      0.18370942763984202,
      0.1876912821829319,
      0.19165650251011054
    ],
    "sla_URLLC": [
      0.3590119707584381,
      0.2765169355273247,
      0.43799799526731176,
      0.44406417285402616,
      0.29245953559875487,
      0.4603019265830517,
      0.40196267118056617,
      0.41052010118961335,
      0.46179447452227274,
      0.45591757555802664,
      0.49506435786684355,
      0.471822645564874,
      0.4605146824320157,
      0.45642962500452994,
      0.8037457096576691,
      0.5126100994149844,
      0.5013710440695286,
      0.5144740056494872,
      0.5024344786008199,
      0.5129737435777982,
      0.5062066966295242,
      0.8296709402402243,
      0.5033671668171883,
      0.5466483913858732,
      0.5620470423499743,
      0.5193474546074868,
      0.3460282951593399,
      0.5302819094061851,
      0.5291355324784914,
      0.5315616314609846,
      0.5749653467535972,
      0.5626497877637545,
      0.922604209582011,
      0.5502260076006253,
      0.3896973404288292,
      0.5726016939679781,
      0.5510584623614947,
      0.6103881465395292,
      0.5778137558698654,
      0.5967260785897572,
      0.9308795392513275,
      0.6670907410979271,
      0.6425673458973566,
      0.6066323232650757,
      0.6929232941071193,
      0.6040452466408411,
      0.5675431227684021,
      0.6805504349867503,
      0.6246421905358632,
      0.6260523462295532,
      0.6736732588211696,
      0.6542116353909174,
      0.6122406397263209,
      0.6605163695414861,
      0.6582457822561264,
      0.7036608751614889,
      0.7170962343613306,
      0.6705412657062213,
      0.6426607994238536,
      0.677096137603124,
      0.9754480457305909,
      0.7089499926567078,
      0.7070925857623418,
      0.6075747547547022,
      0.6381402093172074,
      0.6799837535619736,
      0.6389411040147146,
      0.7068566538890203,
      0.7110732046763102,
      0.6070237944523493,
      0.6802808652321498,
      0.6475686591863632,
      0.6410874078671137,
      0.6764619088172913,
      0.7021320597330729,
      0.6747693846623103,
      0.630258473555247,
      0.6583874130249023,
      0.6787999685605367,
      0.7681602714459101
    ],