{
  "args": {
    "method": "nested",
    "drift": "multi",
    "n_agents": 6,
    "n_slices": 3,
    "horizon": 150,
    "episodes": 80,
    "seed": 1,
    "hidden": 64,
    "ppo_epochs": 4,
    "lr_ippo": 0.0005,
    "severity": 1.5,
    "log_every": 80,
    "outdir": "results"
  },
  "metrics": {
    "episode_reward": [
      35.80251146387309,
      37.57024602871388,
      36.71833207923919,
      33.70162628560016,
      36.13399857562035,
      43.02030755517384,
      38.789423923008144,
      38.384787710383534,
      37.04016713208208,
      40.08155870127181,
      45.96836485962073,
      40.22586820119371,
      42.33057643969854,
      40.9454393448929,
      39.34843665609757,
      41.7907761366417,
      40.11273762242248,
      42.60628756415099,
      40.245127090252936,
      42.17618449932585,
      49.93940255045891,
      42.609661978669465,
      44.014511903747916,
      45.05450155586004,
      43.728048087097704,
      46.750449201713,
      45.33423826533059,
      44.5472661042586,
      44.23840078338981,
      49.46989865476886,
      46.41645464487374,
      56.71037608043601,
      48.26150444832941,
      51.41910896791766,
      50.86279153202971,
      44.51174412295222,
      52.69711935954789,
      41.07594774632404,
      47.37487970509877,
      59.69815898748735,
      48.060239343593516,
      51.18230506684631,
      56.516297463327646,
      57.05427038793763,
      48.72335127058128,
      48.602072268414,
      49.79446559865028,
      58.33529618320366,
      55.187134612351656,
      55.51417721839001,
      47.931912612480424,
      50.652032628034554,
      53.77996796183288,
      49.026357597361006,
      51.50988357203702,
      38.39889610682925,
      50.287579617773495,
      49.55059459743401,
      52.874268870179854,
      54.82357291597873,
      50.64514421888938,
      50.61114214360714,
      48.217981034579374,
      50.69201924496641,
      52.12413699055711,
      52.43995429947972,
      52.06186015934994,
      53.366970614530146,
      52.519996624439955,
      53.55246623015652,
      50.87422353898486,
      51.85612472767631,
      38.174339474489294,
      52.92277321654061,
      50.39474686048925,
      58.004841605201364,
      53.54762611351907,
      55.379480024178825,
      52.943214737189315,
      53.25981270956496
    ],
    "sla_eMBB": [
      0.173694177120924,
      0.16830661542713643,
      0.1615852216196557,
      0.15904311281318464,
      0.15779768648867806,
      0.13850838835040727,
      0.16397669448206822,
      0.1688649114780128,
      0.15348229594528676,
      0.16317773202434183,
      0.20623315459738176,
      0.1664378752435247,
      0.15480895059804123,
      0.18854675825685263,
      0.15613458294421434,
      0.1647856550415357,
      0.161499947955211,
      0.1802790318119029,
      0.1743214035530885,
      0.16213964673380057,
      0.24820768870413304,
      0.17512740196039278,
      0.18906644326945146,
      0.3738771841302514,
      0.1751956496760249,
      0.1965335483228167,
      0.17367954234282176,
      0.31022089226171373,
      0.17289221425230306,
      0.16492261605958144,
      0.1798960539822777,
      0.2802726625899474,
      0.17515327721834184,
      0.16712082910041015,
      0.1923161754012108,
      0.30938610872874656,
      0.2255741519232591,
      0.15531302218635876,
      0.1666193214431405,
      0.2007392632216215,
      0.18299307090540726,
      0.1786321395635605,
      0.20850262922545273,
      0.23013260376950104,
      0.16526386427382628,
      0.1693464758619666,
      0.17382350297023852,
      0.22366262276967366,
      0.2158454690873623,
      0.21441688028474648,
      0.16167166964461407,
      0.16849084109067916,
      0.17776042980452378,
      0.1380194434399406,
      0.20337273055066665,
      0.13241198097666104,
      0.17790862405051788,
      0.18597502318521342,
      0.17336169093847276,
      0.2038012302170197,
      0.18609288963178794,
      0.17442606814205647,
      0.18902160584926606,
      0.18820602474113304,
      0.20785255655646323,
      0.20833510423700013,
      0.2101772580544154,
      0.17603129872431358,
      0.1845579179128011,
      0.1918775310118993,
      0.2070972300072511,
      0.17744977362453937,
      0.1529376688847939,
      0.23152416879932086,
      0.1867342588553826,
      0.22004760911067328,
      0.1983136113236348,
      0.19301924566427867,
      0.188285561700662,
      0.2346333800504605
    ],
    "sla_URLLC": [
      0.43504807432492576,
      0.4716693683962027,
      0.45987178683280944,
      0.4280168190598488,
      0.4463443736235301,
      0.8197264794508616,
      0.45745617429415386,
      0.4759432127078374,
      0.48450820217529933,
      0.4938941843062639,
      0.5023295962065458,
      0.5158006557822228,
      0.5540446538726489,
      0.5093319175144037,
      0.5130374121169249,
      0.5204667992393176,
      0.49200699806213377,
      0.5199374731381734,
      0.5119404132167499,
      0.5407872236271699,
      0.5308110252022743,
      0.5271758817632993,
      0.5809099814295768,
      0.3791394712030888,
      0.5775249669452508,
      0.5904787727197012,
      0.5675781453649204,
      0.3897089147567749,
      0.5568903426329295,
      0.917770212093989,
      0.6116529316703478,
      0.5720638274153074,
      0.6594583199421564,
      0.6326164831717809,
      0.5609377868970236,
      0.38384447067975996,
      0.6422167813777924,
      0.6813404852151871,
      0.613301577270031,
      0.7550322939952214,
      0.5994171348214149,
      0.6628339111804962,
      0.6283617872993151,
      0.6273728388547898,
      0.6262543821334838,
      0.6432871394356092,
      0.6229703972736994,
      0.6419287200768788,
      0.6070882991949718,
      0.7305748711029688,
      0.6614587452014288,
      0.6609297055006027,
      0.7290808429320653,
      0.9266705187161763,
      0.6378749104340872,
      0.9635788814226787,
      0.6808176829417547,
      0.6178901296854019,
      0.6875719076395035,
      0.707579863468806,
      0.6628586727380753,
      0.6626377393802007,
      0.6277693533897399,
      0.6328682825962703,
      0.6483477171262105,
      0.6463693781693777,
      0.6361872760454813,
      0.6805659020940463,
      0.6622848049799601,
      0.6599801538387934,
      0.6405347257852554,
      0.6821655134359995,
      0.6348893197377523,
      0.655354101061821,
      0.6460001506408055,
      0.6493327234188716,
      0.6711519110202789,
      0.7081919654210409,
      0.6637571509679159,
      0.6263533290227254
    ],