{
  "args": {
    "method": "nested",
    "drift": "multi",
    "n_agents": 3,
    "n_slices": 3,
    "horizon": 150,
    "episodes": 80,
    "seed": 4,
    "hidden": 64,
    "ppo_epochs": 4,
    "lr_ippo": 0.0005,
    "severity": 1.0,
    "log_every": 80,
    "outdir": "results"
  },
  "metrics": {
    "episode_reward": [
      37.70634883580109,
      38.39427747142812,
      44.56932353352507,
      41.46688195069631,
      40.01009385660291,
      38.53711864290138,
      41.999293334161244,
      43.35937149015566,
      42.34707670037945,
      39.30998651186625,
      45.87448898144066,
      40.43674697354436,
      40.16777307912707,
      39.863362580537796,
      42.58248662451903,
      43.85753397271037,
      43.401911260560155,
      50.10723784007132,
      46.14012637299796,
      48.1113407133768,
      46.18980113913616,
      45.80584103055298,
      36.126025807733335,
      48.02439354608456,
      49.39865088711182,
      49.33443190405766,
      46.15744909333686,
      51.20447048917413,
      36.89079204698404,
      50.043801525607705,
      48.273444663733244,
      56.45383381346861,
      47.27447673057517,
      61.89153328165412,
      54.8209736806651,
      51.96496009578308,
      51.48438138266405,
      49.385877188295126,
      49.37395794255038,
      53.86683349870145,
      60.97019521022836,
      58.316321060682334,
      57.55993639305234,
      59.83403809430698,
      47.68918309919536,
      59.6212813667953,
      56.15309131766359,
      57.640938813487686,
      59.62464254473647,
      58.815209375694394,
      53.99538119882345,
      52.20276856049895,
      50.675600991894804,
      58.263074247787394,
      55.25626507898172,
      54.18130646646023,
      56.071374432494245,
      63.54834543044368,
      65.92594186713298,
      69.07714836051066,
      52.86408064638575,
      58.39578493808707,
      55.93186112989982,
      53.96480637726685,
      67.25216776877642,
      52.31810750439763,
      56.53162421410283,
      59.181031682839,
      61.23384822408358,
      56.48770535364747,
      57.991491363073386,
      46.88161288946867,
      56.37514927983284,
      59.2326561268419,
      71.9731535539031,
      64.50476397822301,
      51.92897568208476,
      54.5465633024772,
      53.15993057625989,
      63.53555037329594
    ],
    "sla_eMBB": [
      0.1616807477734983,
      0.17129865972946087,
      0.17957271608213585,
      0.15935575284063816,
      0.16123684455951054,
      0.15486667370423673,
      0.147750504227976,
      0.16767840421448152,
      0.1823945817599694,
      0.15817060345162948,
      0.1757824832201004,
      0.16763327906529107,
      0.1446740314985315,
      0.1747200789488852,
      0.15242366665353377,
      0.1527474197993676,
      0.185789077890416,
      0.1479525302660962,
      0.16194480556994675,
      0.14889601008345685,
      0.14640005495399236,
      0.1456202117105325,
      0.1489537589934965,
      0.14060335600127777,
      0.12597551768024762,
      0.16718157983074586,
      0.15597899852320551,
      0.15151015253116687,
      0.11275778990859786,
      0.15243237043420474,
      0.14958024858186642,
      0.15301295404632886,
      0.16255603572353722,
      0.18837146090964477,
      0.14706706694016855,
      0.14882722228144607,
      0.18527691905697186,
      0.16152208766589563,
      0.1725758061806361,
      0.15993188083171844,
      0.20820736327519018,
      0.19299574593702953,
      0.17897191154460113,
      0.19759479409083724,
      0.31062030490487813,
      0.18459207711120446,
      0.1816119741400083,
      0.22246182250479857,
      0.24668129421770574,
      0.18743772886693477,
      0.16949607418850066,
      0.15786671210080386,
      0.16909361554930608,
      0.16709623364110787,
      0.18275123104453087,
      0.18446784955759843,
      0.1549578515999019,
      0.15115293864160775,
      0.16920876200000445,
      0.2053066726277272,
      0.15503885993734,
      0.17852849658578634,
      0.1660747124503056,
      0.15048372893283765,
      0.15281442551563185,
      0.14501832112669943,
      0.16072382482389608,
      0.16744667279223602,
      0.14675673910727102,
      0.1471595760496954,
      0.1320886788268884,
      0.16976184772948424,
      0.15021996349096298,
      0.16070916946977376,
      0.14668276451528073,
      0.1476619764789939,
      0.1471264618386825,
      0.1551527710010608,
      0.12936406013866267,
      0.17212039620925984
    ],
    "sla_URLLC": [
      0.4786932058632374,
      0.4784165313343207,
      0.5298536159594853,
      0.7603266779581705,
      0.49115808670719463,
      0.4895334846774737,
      0.5351694215834141,
      0.515768237511317,
      0.571146883983165,
      0.471610801666975,
      0.5741429656744004,
      0.502701721948882,
      0.5026544028520584,
      0.47537923206885657,
      0.5896720494826635,
      0.5453499760230383,
      0.5149553429087003,
      0.6558699385821819,
      0.6018639363348484,
      0.64560293952624,
      0.5806501517196496,
      0.5861090908447901,
      0.6005240623156229,
      0.6518197377026081,
      0.9342172567049662,
      0.6631455344458421,
      0.6240038484831651,
      0.6684559656182925,
      0.9151602073510487,
      0.6632831732928753,
      0.6310875607530276,
      0.7450135380029679,
      0.6035884671906631,
      0.7110859122872353,
      0.7188608144720395,
      0.9483790365854899,
      0.6550275601943334,
      0.622849601705869,
      0.6466097357869148,
      0.7178859607378641,
      0.6731638719638189,
      0.7038105941812197,
      0.7048659655451774,
      0.7409286744395892,
      0.43720807979504267,
      0.7390908822417259,
      0.7057769801219305,
      0.6949815615018209,
      0.5819767128427823,
      0.7485871138175328,
      0.7190969489018122,
      0.6475765637556712,
      0.6260864381988843,
      0.755826924443245,
      0.7004680269956589,
      0.6720269458492597,
      0.7486988437175751,
      0.852217757900556,
      0.8544728221495946,
      0.6749494633078575,
      0.7203150395552317,
      0.7412182688713074,
      0.7500303645928701,
      0.6976567288239797,
      0.9086393817265829,
      0.670500107606252,
      0.7590652718146642,
      0.7537263642748196,
      0.7870475403467814,
      0.7269739684462547,
      0.7639908715089162,
      0.4804244011640549,
      0.7385110463698705,
      0.8032161184151967,
      0.973958181142807,
      0.8550733983516693,
      0.6576469300190607,
      0.6895138439536095,
      0.7140115937590599,
      0.6631124379237493
    ],