{
  "args": {
    "method": "nested",
    "drift": "multi",
    "n_agents": 3,
    "n_slices": 3,
    "horizon": 150,
    "episodes": 80,
    "seed": 9,
    "hidden": 64,
    "ppo_epochs": 4,
    "lr_ippo": 0.0005,
    "severity": 2.0,
    "log_every": 80,
    "outdir": "results"
  },
  "metrics": {
    "episode_reward": [
      32.69046933141848,
      27.004089908053476,
      34.14501300392052,
      34.84728447409967,
      34.82152073457837,
      35.02659401049217,
      35.78465256591638,
      36.62323289550841,
      30.563433216884732,
      31.843393950412672,
      33.25684059287111,
      38.080952713266015,
      42.995225447540484,
      39.41539103972415,
      41.29348494981726,
      40.16449965039889,
      40.25952563186487,
      38.44917552048961,
      38.49500916401545,
      36.38967929718395,
      39.78235548734665,
      41.132807064801455,
      39.15290821219484,
      41.96659607936939,
      38.205781769628324,
      38.678496987869345,
      44.403071746230125,
      41.71449554649492,
      38.81598765527209,
      44.35643931105733,
      43.37532389226059,
      42.38880772578219,
      42.281223802516855,
      44.71718969692787,
      46.02832939227422,
      36.039738384385906,
      49.70377418895563,
      42.661889066298805,
      39.3613924048841,
      50.253353315095104,
      44.9844025708735,
      45.56636206371089,
      40.761204739411674,
      44.424137615288295,
      47.5332886663576,
      52.67149808630347,
      46.91070158779621,
      49.92879851783315,
      48.52928679063916,
      44.66848054776589,
      46.74379304113487,
      46.317521911114454,
      48.86907623397807,
      47.21414854129156,
      47.753316006312765,
      47.34852992991606,
      50.29366440388063,
      50.89366294257343,
      49.53092019632459,
      48.67198600371679,
      37.14331568342944,
      47.83675485290587,
      50.12683229955534,
      49.43892613425851,
      50.77396222576499,
      50.47408514097333,
      50.22267861664295,
      60.16523752361536,
      48.41443405052026,
      50.75159804460903,
      50.342960788557924,
      51.24562072381377,
      52.67722795034448,
      53.076954981933035,
      53.326211669792734,
      51.64524611582359,
      61.62846602499485,
      69.13775681952636,
      51.38872288788358,
      52.573993818213545
    ],
    "sla_eMBB": [
      0.16387215714280803,
      0.177938541918993,
      0.1704876003290216,
      0.1616838395347198,
      0.15642403658479453,
      0.18408231660102806,
      0.16530989081288378,
      0.16945444534222284,
      0.16580069525788227,
      0.1690906989015639,
      0.16776857603962222,
      0.16953470408295593,
      0.2177206706504027,
      0.15742085796470442,
      0.17533434057608246,
      0.15749340909222762,
      0.18506368851910035,
      0.15051057904958726,
      0.1793154666138192,
      0.1652576468574504,
      0.16458847424015402,
      0.16379910017053287,
      0.16266575900216898,
      0.1740719067553679,
      0.17534872769067686,
      0.19008966841424504,
      0.19726660318672656,
      0.173923394177109,
      0.16230581130211552,
      0.17849039139226078,
      0.17368033777301511,
      0.18520785432929793,
      0.22803950123488903,
      0.18620231481889885,
      0.2017851715659102,
      0.11733186651642123,
      0.16709417888273795,
      0.39492930673062804,
      0.2050840912759304,
      0.16723837073271472,
      0.19201834674924612,
      0.19386107827847202,
      0.20512335485468308,
      0.20577798378343384,
      0.1932560524282356,
      0.18307126487294834,
      0.1825902750218908,
      0.26934926519791286,
      0.21301550478984912,
      0.18276423923671245,
      0.19562016341214378,
      0.20963913401588796,
      0.2253352742890517,
      0.198605218231678,
      0.20555634785443544,
      0.18953354423244795,
      0.2350841027808686,
      0.20052700232093532,
      0.18205206595361234,
      0.1913322172065576,
      0.15708150229106346,
      0.18988908237467209,
      0.19271679610013961,
      0.18945179618895053,
      0.19961242893710732,
      0.18486885280658802,
      0.19323064154634872,
      0.2714017907405893,
      0.17097987794627745,
      0.18982373093565305,
      0.1895216273019711,
      0.18854157961905002,
      0.19220262568444013,
      0.20113912345220644,
      0.2135507131367922,
      0.1932036006823182,
      0.267215421795845,
      0.2747294459491968,
      0.20591600657751163,
      0.19352724640319743
    ],
    "sla_URLLC": [
      0.40345152039080856,
      0.28857545226812364,
      0.43491997112830477,
      0.42454266637563703,
      0.43230977763732276,
      0.4291317719221115,
      0.4568431677917639,
      0.4430751721560955,
      0.35060482318202657,
      0.39263186454772947,
      0.5121590385834376,
      0.47206537077824273,
      0.4458309780061245,
      0.48110868893563746,
      0.5093759930630525,
      0.5041688261926174,
      0.4746279686441024,
      0.4903022294739882,
      0.4792699604233106,
      0.4681352771570285,
      0.49920187329252563,
      0.5104914254446824,
      0.4976547945042451,
      0.5171030444155137,
      0.4759338904420535,
      0.4640208909412225,
      0.5080170784393946,
      0.5270378692448139,
      0.4847245593865713,
      0.5317700526118279,
      0.5389122982819875,
      0.5062359888354937,
      0.47380183726549147,
      0.5422402359048526,
      0.5362515090405942,
      0.9139916416009267,
      0.9084920473893483,
      0.337053252607584,
      0.4673807794849078,
      0.8991716519991557,
      0.5395557812352976,
      0.5332645886639754,
      0.4377284976840019,
      0.5057285860180855,
      0.577493658910195,
      0.9281021352608999,
      0.5644766733547052,
      0.4885051713387171,
      0.520424714187781,
      0.5451921631395816,
      0.5537434584399065,
      0.5446191470324994,
      0.5617530203859011,
      0.5603248595694701,
      0.5699013256529967,
      0.5727027956644694,
      0.5823343633115292,
      0.6245918743809065,
      0.6458670058846474,
      0.5841920137405395,
      0.6040191930532456,
      0.5604374574621519,
      0.5935025908549627,
      0.5900352384150028,
      0.5924121402700742,
      0.5926002415021261,
      0.5983750859896342,
      0.6040232518315315,
      0.627099966108799,
      0.5947822877764701,
      0.6036000513037045,
      0.6177623008688291,
      0.6196293805042903,
      0.6406826813022296,
      0.6134375087420145,
      0.608976254761219,
      0.6122166629632314,
      0.6604790470997493,
      0.5808833411335945,
      0.6141372579336166
    ],