{
  "args": {
    "method": "nested",
    "drift": "multi",
    "n_agents": 6,
    "n_slices": 5,
    "horizon": 150,
    "episodes": 80,
    "seed": 4,
    "hidden": 64,
    "ppo_epochs": 4,
    "lr_ippo": 0.0005,
    "severity": 1.5,
    "log_every": 80,
    "outdir": "results"
  },
  "metrics": {
    "episode_reward": [
      13.417348200144867,
      13.55206281815966,
      15.136005690321326,
      13.170369194199642,
      14.91601333177338,
      12.047364168489972,
      15.185532189284762,
      16.19439828613152,
      14.258185950728754,
      16.488537106042106,
      16.117137170396745,
      16.90914688942333,
      19.65425852779299,
      19.696924201523263,
      19.972320277554292,
      23.25000673191001,
      22.63624315429479,
      22.003411131290097,
      23.958764002037544,
      30.301421050603192,
      26.090410228197772,
      25.952830839591723,
      27.53305640630424,
      25.917007294173043,
      28.52410105522722,
      30.23595630408575,
      30.43669937240581,
      29.560781583189964,
      31.11246438479672,
      31.701032558145624,
      34.227254365881286,
      30.279380476412673,
      33.985098640434444,
      35.476313898029424,
      36.38201906097432,
      34.919036140975855,
      39.956672945059836,
      34.62066349821786,
      38.47890442889184,
      40.3602098862951,
      40.69334243889898,
      38.67047684236119,
      38.233125116986535,
      40.567909765057266,
      41.41780505577723,
      42.16465443465859,
      55.99870599309603,
      42.86924711242318,
      41.00618318809817,
      42.863924655752875,
      46.65183392353356,
      41.50669775220255,
      42.62741741972665,
      43.562483321254454,
      55.24847605203589,
      48.161898892993726,
      46.1802484098201,
      58.68736339857181,
      45.41856752925863,
      44.89729074916492,
      44.8044585150977,
      45.542401598456,
      45.46334446718296,
      44.05902692272017,
      44.698682368422546,
      56.500389921168484,
      47.245710445567966,
      48.44964907038957,
      47.18890729329238,
      46.36375422247996,
      47.421843159633376,
      46.55949191407611,
      45.271463475500546,
      47.82938357722014,
      50.04684388296058,
      47.82619085597495,
      32.93593302524338,
      48.51757675843934,
      46.96106663594643,
      50.09721180020521
    ],
    "sla_eMBB": [
      0.09762335495518831,
      0.08503423783307275,
      0.0704877942490081,
      0.10044450510875322,
      0.10660050845394532,
      0.0959621411934495,
      0.10205679920812448,
      0.09592069138462345,
      0.09008366840581099,
      0.09176824846615395,
      0.08637438403442502,
      0.09275437684264035,
      0.08533639919012785,
      0.1009594448407491,
      0.1028152550322314,
      0.08312324124698837,
      0.08123399806519349,
      0.08601616922145089,
      0.07697775017470121,
      0.07495498968239189,
      0.07019607720896602,
      0.08116215915729602,
      0.06594550599033634,
      0.07919161689467728,
      0.07808617693682511,
      0.07028039414125184,
      0.0647471444370846,
      0.06267381026099125,
      0.07292202437296509,
      0.057423552150527635,
      0.059084415398538113,
      0.05426150401433309,
      0.05778390000884732,
      0.056339989670862754,
      0.05559456848228971,
      0.052330352440476416,
      0.05233420313646396,
      0.04716961847618222,
      0.04473492283296461,
      0.04763357772181431,
      0.047825299420704445,
      0.046402781293727456,
      0.04694109765812755,
      0.052047708109021186,
      0.03655256034806371,
      0.041666361931711436,
      0.03766098447144031,
      0.03523496901616454,
      0.03852749436123607,
      0.028458805388460556,
      0.030039368035892647,
      0.02930144681284825,
      0.0324370046146214,
      0.02571384978170196,
      0.028020836378758154,
      0.023304619688230256,
      0.022305764742195606,
      0.02563635607017204,
      0.026299603655934332,
      0.024411240567763646,
      0.020959854724351315,
      0.0233054140318806,
      0.019966947725042702,
      0.017868167286117873,
      0.02012951308861375,
      0.01778364355598266,
      0.020200636153652644,
      0.015838463708447912,
      0.01776108244433999,
      0.01789360776543617,
      0.013093832780917485,
      0.013592327199876308,
      0.022213984640936057,
      0.015475362613797188,
      0.013100337957342466,
      0.01818837674955527,
      0.016199890244752168,
      0.016965625207715978,
      0.017000994722669322,
      0.013042998450497787
    ],
    "sla_URLLC": [
      0.1956209773570299,
      0.16864118620753288,
      0.40129774048924444,
      0.15800083590050537,
      0.1726567800459452,
      0.1494594093474249,
      0.21939367527763048,
      0.22241975781818232,
      0.17331229428450268,
      0.20324526918431124,
      0.19913641749182717,
      0.2119005845238765,
      0.22808676935732364,
      0.22588464443882306,
      0.210340536236763,
      0.29705169806877774,
      0.3099505751331647,
      0.24010215220352013,
      0.26728041427830856,
      0.5167843812455734,
      0.31167954596380393,
      0.31517567473153274,
      0.3413126998891433,
      0.3074427851041158,
      0.3559619843959808,
      0.41578421838581564,
      0.35279018151263397,
      0.35929743143419424,
      0.38507253378629686,
      0.364235667437315,
      0.4144970686237017,
      0.35832073698441186,
      0.4434439431875944,
      0.41983195846279464,
      0.4317463651796182,
      0.4065094807247321,
      0.5069000428915024,
      0.42730489167074365,
      0.49317371745904287,
      0.4812336660673221,
      0.4882367333769798,
      0.47234270532925926,
      0.4484785296022892,
      0.46890459711352983,
      0.5124989375472069,
      0.4807950156927109,
      0.5131855381528536,
      0.507759517232577,
      0.4833165133992831,
      0.5115003756682078,
      0.5188541274269421,
      0.5094694323341051,
      0.5037063546478748,
      0.5486196521917979,
      0.5130416462818782,
      0.6313942836721739,
      0.5450871237119039,
      0.5447082252303759,
      0.5350171208381653,
      0.5376836348573367,
      0.6078049637873968,
      0.5756649074951807,
      0.5804087488849958,
      0.557741419672966,
      0.5782632028063138,
      0.682960840066274,
      0.6489063697059949,
      0.6394314206639926,
      0.6586916493376096,
      0.6094688892364502,
      0.6372985760370891,
      0.6029837052027385,
      0.9534385478496552,
      0.6589902474482854,
      0.6899481200178464,
      0.640197413166364,
      0.5932843659321467,
      0.6355326465765635,
      0.6178753230969111,
      0.6878195603688558
    ],