{
  "args": {
    "method": "nested",
    "drift": "multi",
    "n_agents": 10,
    "n_slices": 3,
    "horizon": 150,
    "episodes": 80,
    "seed": 1,
    "hidden": 64,
    "ppo_epochs": 4,
    "lr_ippo": 0.0005,
    "severity": 1.5,
    "log_every": 80,
    "outdir": "results"
  },
  "metrics": {
    "episode_reward": [
      36.056836674548684,
      35.32713564950973,
      35.34795857928693,
      35.01956767588854,
      33.24805794451386,
      40.78901670891791,
      37.432305288873614,
      38.12143448349089,
      36.690158197842536,
      36.16961656529456,
      43.19561609141529,
      39.011100970953706,
      38.19591063279658,
      39.69455112479627,
      37.929602798074484,
      37.0583037449047,
      40.343775218352675,
      40.0661759853363,
      38.79345125872642,
      41.2088249605149,
      46.4013848753646,
      40.40946535281837,
      41.95290654879064,
      41.19008775707334,
      42.74340119622648,
      44.690523406863214,
      44.58137642554939,
      42.46778535284102,
      44.187857136875394,
      46.83249427638948,
      45.32315945457667,
      54.75692581478506,
      49.14658539332449,
      51.543943158723415,
      51.49702446274459,
      44.53380603473634,
      49.6500928979367,
      39.04605931136757,
      48.68195778597146,
      60.835124988853934,
      49.12582182437181,
      50.62069257441908,
      56.74816239029169,
      54.98403584435582,
      48.21978824529797,
      48.53026339616626,
      49.81391406357288,
      56.743245653063056,
      55.47525658197701,
      52.96507828347385,
      49.70917019043118,
      49.35796178299934,
      52.55670622847974,
      51.07835457995534,
      51.77831385266036,
      39.81007714271546,
      52.53044733293355,
      52.557084356993435,
      55.02017971817404,
      55.17761093769222,
      51.36714528221637,
      57.91317909546196,
      51.977809904143214,
      53.1602752327919,
      53.54276394881308,
      57.209563883394004,
      54.32228076402098,
      54.54899197611958,
      53.416471952199934,
      57.474450297653675,
      52.78716169577092,
      53.72584086805582,
      40.33535494431853,
      53.17595927976072,
      51.50790346115828,
      58.146615501865746,
      55.38300165403634,
      53.460896427370606,
      56.603941158391535,
      54.31483110729605
    ],
    "sla_eMBB": [
      0.17473440479487182,
      0.17718890027453502,
      0.16476932264864444,
      0.16799847404162088,
      0.1720858789483706,
      0.13561542144666117,
      0.17391584864507117,
      0.1700545757636428,
      0.1628614920315643,
      0.17327263879279295,
      0.21073044118781883,
      0.18002331838011743,
      0.1683559820552667,
      0.18571227684617042,
      0.1593531532337268,
      0.16150211237370968,
      0.16514265107611814,
      0.19579233455161255,
      0.17085919755821427,
      0.16146318821857372,
      0.22420371885101,
      0.16840227805078029,
      0.1974863280231754,
      0.3038196962202589,
      0.1619906228284041,
      0.17917378105223178,
      0.1583263360336423,
      0.2950625261788567,
      0.15989518498380978,
      0.1556110215683778,
      0.17275489951173464,
      0.22201955288648606,
      0.1843362737695376,
      0.15520611157019934,
      0.18875473727782568,
      0.30937261958916984,
      0.1917491164803505,
      0.1587529076387485,
      0.1671275842189789,
      0.20473918249209722,
      0.16203608011205992,
      0.16605011815826098,
      0.19215044622619948,
      0.20724955822030702,
      0.16619012198100488,
      0.16078539654612542,
      0.16915108022590478,
      0.20054956431190174,
      0.21214510391155877,
      0.20055657781660557,
      0.16920479776958625,
      0.17327226211627325,
      0.17271552392592032,
      0.14000570632517337,
      0.18622003229955833,
      0.1385268821567297,
      0.17115178883075713,
      0.17573422820617754,
      0.17184427174429098,
      0.19303172446787356,
      0.18511346772313117,
      0.1766072858373324,
      0.1897923502077659,
      0.19235404794414837,
      0.18552613054712613,
      0.19446240382889907,
      0.18820260055363178,
      0.1844673705349366,
      0.1853953639914592,
      0.1945546415199836,
      0.21118368240694205,
      0.1801837201664845,
      0.15841371223330497,
      0.218230888346831,
      0.1920807253321012,
      0.2099922345081965,
      0.24193687836329142,
      0.18754410249491532,
      0.1937207271407048,
      0.22311246442298094
    ],
    "sla_URLLC": [
      0.42169087275862693,
      0.4295199806988239,
      0.440293541153272,
      0.4428036025663217,
      0.3975093577802181,
      0.7532125335931777,
      0.45499468286832173,
      0.45465948874751727,
      0.4557847413420677,
      0.43435505087176957,
      0.46714734241366385,
      0.46223248973488806,
      0.46908132125933966,
      0.4733470561107,
      0.47470486293236414,
      0.4458243501186371,
      0.5012670741478602,
      0.47596214721600216,
      0.47271350016196567,
      0.5051322881380717,
      0.49025308509667714,
      0.49113750477631885,
      0.5088130682706833,
      0.3522316053509712,
      0.5385792456070582,
      0.5438425656159719,
      0.5628694123029709,
      0.3677935933073362,
      0.561396428545316,
      0.8702008879184723,
      0.6008992233872413,
      0.552818370660146,
      0.6460574054718018,
      0.6647018854816754,
      0.5723275371392568,
      0.37369123647610347,
      0.6254139761130015,
      0.6430172188083331,
      0.6148323774337768,
      0.7727377466360728,
      0.6220376693209012,
      0.6318119424581528,
      0.6403887311617533,
      0.6071936929225922,
      0.5992075691620509,
      0.6344138525923093,
      0.6242659095923105,
      0.6174486664930979,
      0.5981651904185613,
      0.6757276262839635,
      0.664051705400149,
      0.6326795864105225,
      0.6936365956068039,
      0.9512596611181895,
      0.6375412505865097,
      0.96663192709287,
      0.6839967066049576,
      0.6800500597556433,
      0.6993049015601476,
      0.7260015324751536,
      0.658164089123408,
      0.7540379506349564,
      0.6494987803697586,
      0.672818515698115,
      0.6619949096441269,
      0.7111785862843195,
      0.6540371292829513,
      0.6688992023468018,
      0.6487682723999023,
      0.6929336394866308,
      0.624244882663091,
      0.6854021769762039,
      0.6499604221185048,
      0.6202302414178849,
      0.6424780581394831,
      0.6197325638930002,
      0.6520379928747813,
      0.6786563336849213,
      0.6673231188456218,
      0.6232308888435364
    ],