{
  "args": {
    "method": "nested",
    "drift": "multi",
    "n_agents": 6,
    "n_slices": 3,
    "horizon": 150,
    "episodes": 80,
    "seed": 2,
    "hidden": 64,
    "ppo_epochs": 4,
    "lr_ippo": 0.0005,
    "severity": 1.5,
    "log_every": 80,
    "outdir": "results"
  },
  "metrics": {
    "episode_reward": [
      32.84366858781626,
      36.01733540402105,
      33.370225466787815,
      33.49567963120838,
      36.147804951916136,
      32.39477220270783,
      38.414231604896486,
      38.56368858243028,
      43.18844062524537,
      31.77432232970993,
      36.34441610239446,
      38.6025553693374,
      40.68816274094085,
      42.91700710169971,
      41.320286493748426,
      39.855473192719124,
      38.99895675138881,
      41.91361826813469,
      42.91256595558176,
      48.78621816200515,
      40.824374575788774,
      41.54242580290884,
      49.885861528106034,
      42.307405214446284,
      35.684890476986766,
      44.495625478215516,
      47.231128537406526,
      41.89588430151343,
      39.896341534641884,
      44.697569339846574,
      44.29993959143758,
      48.994677763432264,
      46.89250881690532,
      46.48858526876817,
      49.341871233967446,
      46.63333685385684,
      46.20701384078711,
      48.3854775580888,
      47.949275912096105,
      48.55420919073125,
      48.42964056848238,
      51.293525896035135,
      51.892589608828224,
      48.153974854697786,
      41.14960077342888,
      49.65707928407937,
      44.54676815805336,
      46.282124212011695,
      44.32562998216599,
      49.066833656591676,
      37.90866743431737,
      53.44566395506263,
      49.59887449629605,
      54.331966343025364,
      54.14647049705187,
      53.66576224875947,
      52.013389621550836,
      52.70165980917712,
      54.03665750287473,
      51.44149493891746,
      50.14159424820294,
      53.204327400152884,
      49.04553116982182,
      52.67116041543583,
      51.365972389777504,
      50.15338017977774,
      63.820252761244774,
      59.87139721494168,
      53.889388774211206,
      53.27924582331131,
      40.15392284964522,
      50.810537449394666,
      53.593444008380175,
      53.52743317311009,
      52.52513743378222,
      52.41511022734145,
      53.0275600788494,
      51.13571592606604,
      41.04469311920305,
      57.831054888665676
    ],
    "sla_eMBB": [
      0.15959964017073314,
      0.1607519988094767,
      0.16056874245405198,
      0.16823870715995629,
      0.17270004565517108,
      0.18140655605743328,
      0.15826029233634473,
      0.15789508155236642,
      0.21785825302203496,
      0.17481410253793,
      0.17545047299315533,
      0.15984461462746063,
      0.1736957583576441,
      0.14144109663863977,
      0.18587175523241362,
      0.15790360666501024,
      0.18127748054762682,
      0.1682952335725228,
      0.19038084120800097,
      0.26622242463131746,
      0.1594970477434496,
      0.1843445864257713,
      0.2049236921221018,
      0.17073668976624806,
      0.11844549020752311,
      0.16765305599197744,
      0.1394890790991485,
      0.1526699188662072,
      0.16565433083102107,
      0.1646757694706321,
      0.16339740386543175,
      0.4021184182167053,
      0.16673476533343395,
      0.18759532989313205,
      0.16035394615183274,
      0.18788070301214854,
      0.18552473187757035,
      0.18601103456070026,
      0.20511792762205006,
      0.20009489383548498,
      0.18123265435298283,
      0.2137245324254036,
      0.1548639740422368,
      0.1896984944616755,
      0.16217042376597723,
      0.1882126927872499,
      0.21179301581035057,
      0.17556655290226142,
      0.17803358307729164,
      0.1767387550448378,
      0.14340101839974523,
      0.16958776394526165,
      0.17525238593419393,
      0.1738565410921971,
      0.17683453815678754,
      0.1714650970697403,
      0.1824176062643528,
      0.13838443644344806,
      0.1668675868709882,
      0.17748664220174154,
      0.18238465474297602,
      0.1766928401775658,
      0.16957330161705614,
      0.21679910288502774,
      0.1773556793729464,
      0.17698466611405214,
      0.20329192864398163,
      0.22390906875332198,
      0.1585669881850481,
      0.18508366716404756,
      0.1533076702306668,
      0.16264239514867465,
      0.18383586001892885,
      0.1998884232590596,
      0.19739930190145968,
      0.18432483409841854,
      0.18762479494015374,
      0.17737719343354305,
      0.12153254712621371,
      0.2101983077203234
    ],
    "sla_URLLC": [
      0.41106011991699537,
      0.4575463947157065,
      0.40205196134746074,
      0.4050685005635023,
      0.4355860420068105,
      0.37490090951323507,
      0.4813512437293927,
      0.47620997490982214,
      0.4556814690430959,
      0.38343908468882243,
      0.4456680220365524,
      0.4912823022902012,
      0.5002430789669354,
      0.7906883561611175,
      0.4974120198190212,
      0.5064701438943545,
      0.46648289253314335,
      0.5409684660037358,
      0.46637285421291985,
      0.49389370252688725,
      0.5177406214674314,
      0.5086329981187979,
      0.5363725304106871,
      0.5356975915034612,
      0.9108563117186228,
      0.5448840870956579,
      0.9084174486001333,
      0.5121928642690182,
      0.49443190132578213,
      0.5667802301049233,
      0.5514952729145686,
      0.4128468376398087,
      0.5922202346722285,
      0.5628339955210686,
      0.6726416692137718,
      0.5672238732377688,
      0.5763836088776588,
      0.5988422549764315,
      0.577210766474406,
      0.5795959500471751,
      0.5923802729447682,
      0.5411572886506716,
      0.936694700717926,
      0.5908845869700113,
      0.9208028185367584,
      0.5944520997007688,
      0.5607048080364863,
      0.5654959448178609,
      0.5081355223059654,
      0.6008647640546163,
      0.5993533983826638,
      0.64351050645113,
      0.61371414432923,
      0.6874154047171275,
      0.6674619669715564,
      0.6500402454535167,
      0.6419782979289691,
      0.9570981192588807,
      0.6874863408009211,
      0.6190716163317362,
      0.6300999589761098,
      0.6388315176963806,
      0.5935499229033788,
      0.6204253738125165,
      0.6255285049478213,
      0.6139634284377098,
      0.6893193870782852,
      0.7225393869479497,
      0.6700068179766338,
      0.6497873463233312,
      0.9306437877813974,
      0.63338037053744,
      0.6546088798840841,
      0.6468388048807779,
      0.636022260983785,
      0.6695328480998675,
      0.6610967560609182,
      0.6252066791057587,
      0.9779733653863271,
      0.7061143306891123
    ],