{
  "args": {
    "method": "nested",
    "drift": "multi",
    "n_agents": 6,
    "n_slices": 5,
    "horizon": 150,
    "episodes": 80,
    "seed": 1,
    "hidden": 64,
    "ppo_epochs": 4,
    "lr_ippo": 0.0005,
    "severity": 1.5,
    "log_every": 80,
    "outdir": "results"
  },
  "metrics": {
    "episode_reward": [
      12.418033118049303,
      15.541885878890753,
      16.583397221130628,
      18.979234531832237,
      16.992514357281227,
      21.39051096358647,
      14.370882022505006,
      14.090630233908692,
      18.41701515360425,
      14.281683230151733,
      14.935219070253273,
      17.269114702629548,
      16.704028790816665,
      20.91719265592595,
      17.846464500452083,
      22.495804045970242,
      21.49227216405173,
      19.787571354148287,
      17.193743566361565,
      25.448933999675017,
      21.461268905239802,
      22.865935074475903,
      26.97217813041061,
      24.42005821938316,
      24.104985365023214,
      25.86059297559162,
      25.236415030745167,
      30.97690219959865,
      29.20431246732672,
      30.83959004220863,
      30.47737127232055,
      32.43673248837391,
      35.17598469617466,
      31.97792761741827,
      33.813804560651384,
      35.787936208459236,
      35.87632492898653,
      35.29673183802515,
      34.16591774175564,
      35.93176051943252,
      39.086046228806175,
      37.855245241584875,
      40.06573271565139,
      37.76308973878622,
      39.68018524441868,
      41.51620118226856,
      41.03622292137394,
      42.927736542498074,
      41.23250681565454,
      42.5158413592726,
      42.4739419327428,
      41.250222691334784,
      42.44170554013302,
      31.579845240650076,
      44.93746393981079,
      40.137543930361666,
      49.98135712866982,
      45.70005083115151,
      43.4727455250298,
      43.13555864586184,
      45.094173217502735,
      45.47913741848121,
      44.49284847639501,
      46.78627376879255,
      41.7422313708812,
      45.43351795617491,
      46.35215259157121,
      44.17657072252283,
      30.509718680754304,
      46.32245409023017,
      47.23671662217627,
      32.62305186719944,
      47.334666821174324,
      45.80662526252369,
      49.33256037905812,
      60.17814126610756,
      46.2241255591313,
      53.09718364352981,
      47.67972157057375,
      46.65588531767329
    ],
    "sla_eMBB": [
      0.10106770092000564,
      0.10200392633055647,
      0.10607258722186089,
      0.08110259507472316,
      0.12900472288330397,
      0.10420889849464099,
      0.09590527035295963,
      0.09755118903393546,
      0.09596007491151491,
      0.0877195816859603,
      0.10209361804028352,
      0.1151771321768562,
      0.09871276612703998,
      0.10525408587108055,
      0.08896420191352566,
      0.08677042929455638,
      0.09472354786470533,
      0.0935012315834562,
      0.09237683419138193,
      0.11429664445420107,
      0.08483966231035689,
      0.07766982301448783,
      0.08652967058122157,
      0.08306396917129556,
      0.07881109980866313,
      0.06490104273582498,
      0.07705264662081997,
      0.05319111848870913,
      0.061108824412027994,
      0.05372249448051055,
      0.047121097749720016,
      0.05435945581023892,
      0.04500682147180972,
      0.05707046814883749,
      0.041861416751877795,
      0.04622717069772383,
      0.03605569536487262,
      0.04220560082544883,
      0.039061853848397735,
      0.034900303607185684,
      0.02985803542037805,
      0.043702918615890665,
      0.02200671304638187,
      0.024806201434694232,
      0.02727979442725579,
      0.02710315337559829,
      0.02306666724383831,
      0.0279920039853702,
      0.03433622211838762,
      0.030901612664262453,
      0.02577503624682625,
      0.017711763059099515,
      0.03142095545306802,
      0.022643070283035437,
      0.022960441960021852,
      0.024318860893448195,
      0.021747641631712517,
      0.019739541673722365,
      0.024129297814021507,
      0.020855511269764974,
      0.014233713385959466,
      0.014365473029514153,
      0.023385622004667917,
      0.02135387893766165,
      0.02287736757347981,
      0.019233499380449454,
      0.015512471763261905,
      0.01806007355218753,
      0.018691663332283497,
      0.01681112930799524,
      0.01743706123282512,
      0.012701446923116843,
      0.014930126648396254,
      0.014170496575534344,
      0.014514734173814456,
      0.012678286992013454,
      0.015010649679849546,
      0.017438353427375358,
      0.012826075612877807,
      0.009408506695181132
    ],
    "sla_URLLC": [
      0.17371402439971764,
      0.18808915406698362,
      0.16109545610845089,
      0.3476134495747586,
      0.19854517417649428,
      0.3418097316722075,
      0.19781150470798214,
      0.17594876122971376,
      0.26236229908963044,
      0.16570021867752074,
      0.16703506981333097,
      0.2393658701578776,
      0.17170123929778736,
      0.1790461802110076,
      0.19271498188065986,
      0.39060299394031367,
      0.18787032783031463,
      0.22786073642472426,
      0.20367962712422014,
      0.2533591476765772,
      0.2315119794011116,
      0.3191194771478573,
      0.3258083384980758,
      0.2786924022436142,
      0.22001709995170435,
      0.3156671770910422,
      0.28199810899794103,
      0.27031248005727926,
      0.3206008447955052,
      0.3699605699380239,
      0.3406543140858412,
      0.3611869127303362,
      0.2957878370086352,
      0.3876654462516308,
      0.4135628924767176,
      0.40776212987800436,
      0.4069025983164708,
      0.41639854306976,
      0.3694124225527048,
      0.4204778603216012,
      0.4831580271820227,
      0.45099722291032474,
      0.3528240132331848,
      0.4568627003331979,
      0.513624620437622,
      0.5444784970084826,
      0.5080527327458064,
      0.6153517653544743,
      0.5061362045009931,
      0.544775450428327,
      0.3835681321223577,
      0.5617375333110491,
      0.5464313495655855,
      0.5650100097060203,
      0.5950751453638077,
      0.5171699477235476,
      0.5812656706074874,
      0.5958272644877434,
      0.5287954590717951,
      0.5564685314893723,
      0.37762550900379815,
      0.5874831075469653,
      0.6293397111694018,
      0.5971592029929161,
      0.8863485542933146,
      0.6030027990539869,
      0.6294611394405365,
      0.575826928516229,
      0.9231981237729391,
      0.6359258681535721,
      0.5853592188159624,
      0.5941913679242135,
      0.6331962672869365,
      0.5970255594452222,
      0.6484032593170802,
      0.5986405911048254,
      0.615510421693325,
      0.6366367827852567,
      0.624733074704806,
      0.6244231229027112
    ],