{
  "args": {
    "method": "nested",
    "drift": "multi",
    "n_agents": 10,
    "n_slices": 5,
    "horizon": 150,
    "episodes": 80,
    "seed": 4,
    "hidden": 64,
    "ppo_epochs": 4,
    "lr_ippo": 0.0005,
    "severity": 1.5,
    "log_every": 80,
    "outdir": "results"
  },
  "metrics": {
    "episode_reward": [
      13.619867971353234,
      13.689717209152878,
      14.193448216095566,
      12.58845445252955,
      15.64110371246934,
      12.3745310947299,
      15.601535260677338,
      16.06565135717392,
      16.53171656243503,
      16.869102033227684,
      15.891029368713498,
      17.266435640305282,
      18.665295124985278,
      18.24008586741984,
      20.010134062357245,
      21.256053461320697,
      21.983713760226966,
      24.242899208143353,
      22.726086359657348,
      33.10121396761387,
      24.678894376754762,
      24.914853752031924,
      29.07539467457682,
      29.139777698181568,
      30.91777362730354,
      30.770855840109288,
      30.92765153758228,
      31.504109139926733,
      31.953813297487795,
      31.680368341505527,
      33.93851495739072,
      32.93425031527877,
      34.49606663919985,
      35.42466691099107,
      35.60370446685702,
      35.85455356221646,
      37.632987392321226,
      34.43077441938222,
      39.828491736389694,
      38.32032378185541,
      39.63532959111035,
      37.729612074792385,
      37.461485291086134,
      39.259260727651416,
      38.88408638983965,
      39.73976761698723,
      51.32503163553774,
      40.40161571539939,
      40.349039484374224,
      41.92852457966656,
      43.64630251061171,
      41.10332584548742,
      40.17833842281252,
      40.302505093067886,
      53.35514717400074,
      43.75589910056442,
      44.549064710736275,
      54.70175497792661,
      44.43704412709921,
      43.25916502643376,
      43.98980255331844,
      42.91651051584631,
      42.195577536337076,
      42.411459038965404,
      42.33302315380424,
      50.306180177628995,
      43.76487349066883,
      45.27532981727272,
      43.2829000139609,
      42.955425480380654,
      43.39582683891058,
      43.617709298431876,
      42.820119976252315,
      45.013387659750876,
      45.92531061116606,
      45.16166992783546,
      31.852209396101536,
      44.6485697126016,
      44.31358825918287,
      47.0506052736193
    ],
    "sla_eMBB": [
      0.0944605993044873,
      0.09414051845048865,
      0.07030235040312012,
      0.09654825386746477,
      0.10272727370262145,
      0.08829317869618535,
      0.09482091402634979,
      0.08401030722384652,
      0.08647647337677578,
      0.08586716789131363,
      0.07989078936477502,
      0.08525003716349602,
      0.08468446494390568,
      0.07826664792373776,
      0.08671365870473285,
      0.07007392278251548,
      0.06465295199925701,
      0.06493848133211334,
      0.060890153708557285,
      0.05920256743828456,
      0.06412977441524466,
      0.06263961150000492,
      0.06134785398840904,
      0.053603331753984094,
      0.052447610270852846,
      0.05978225650886695,
      0.04794367303450902,
      0.053481888764848315,
      0.05201480614642302,
      0.04749175486775736,
      0.039187185736373066,
      0.0449569283798337,
      0.040853853625400616,
      0.050891661355271935,
      0.04493003496279319,
      0.042324561284234126,
      0.05166787262074649,
      0.04899394392967224,
      0.0429089417681098,
      0.04759002404908339,
      0.05151745252932111,
      0.05049562630864481,
      0.050146635252361495,
      0.048245608328531184,
      0.04821345215663314,
      0.0489697805326432,
      0.06015894907216231,
      0.04819300382087628,
      0.06093312042765319,
      0.04159411249061425,
      0.04536920671040813,
      0.05438583461257319,
      0.04693740239056448,
      0.04325017757092913,
      0.08250352191428344,
      0.057572635331501566,
      0.04073231957231959,
      0.08394122031827768,
      0.05544626185980936,
      0.04856875713604192,
      0.05978952980289857,
      0.039428822084640464,
      0.04173127364988128,
      0.039806381110101936,
      0.04040780793565015,
      0.04503084431091944,
      0.04233293077287575,
      0.03803744539618492,
      0.04354263792745769,
      0.041495681103939815,
      0.04132257038727403,
      0.03601985581529637,
      0.04407084264482061,
      0.03461653170486291,
      0.03593187803092102,
      0.03350927614917358,
      0.032899295141299564,
      0.034172753700986505,
      0.03526635711391767,
      0.03291225268195073
    ],
    "sla_URLLC": [
      0.18756035899122556,
      0.15577448002062738,
      0.3577642760674159,
      0.16484044854839644,
      0.18396416589617728,
      0.1655427402506272,
      0.21540124274790287,
      0.22754255253821612,
      0.20653570510447025,
      0.20892005254824955,
      0.20250806336601576,
      0.2028938602656126,
      0.2598958565294743,
      0.20450813010334967,
      0.23512719124555587,
      0.2757160801937183,
      0.3052473902453979,
      0.3331496805200974,
      0.28653008823593457,
      0.5340564738214016,
      0.32876961211363476,
      0.3339158495515585,
      0.38469522938132283,
      0.3698753099143505,
      0.38803115536769234,
      0.4212405604620775,
      0.4146179968615373,
      0.4459501319130262,
      0.41708558951814967,
      0.40476813395818073,
      0.4266560333470503,
      0.3667230860888958,
      0.45294139166673025,
      0.42776554922262827,
      0.4442423484226068,
      0.42776945933699606,
      0.48353128840525944,
      0.43356455037991204,
      0.4840944901108742,
      0.46659356544415154,
      0.46286510820190113,
      0.4547640486558278,
      0.4456446202596029,
      0.46017725562055906,
      0.47306468908985455,
      0.4610080632567406,
      0.44643666565418244,
      0.4809651526312033,
      0.447811484336853,
      0.47675349419315655,
      0.4517888809243838,
      0.47020679970582324,
      0.4576107070843379,
      0.4680495789647102,
      0.4770511029163996,
      0.521854462325573,
      0.5093915366133054,
      0.4916825326283773,
      0.4770894687374433,
      0.47999890059232714,
      0.5193813445170721,
      0.4755530864993731,
      0.4788624416788419,
      0.4882355211178462,
      0.4801647610465686,
      0.5418673039476076,
      0.5475231850147247,
      0.5512722905476888,
      0.5119246968626976,
      0.4876193078358968,
      0.5204397614796956,
      0.5233020560940107,
      0.7766837124029795,
      0.5511450086037318,
      0.5735328059395154,
      0.5292713371912638,
      0.49178423821926115,
      0.5167683709661166,
      0.5191500564416249,
      0.5802128571271896
    ],