{
  "args": {
    "method": "nested",
    "drift": "multi",
    "n_agents": 3,
    "n_slices": 3,
    "horizon": 150,
    "episodes": 80,
    "seed": 8,
    "hidden": 64,
    "ppo_epochs": 4,
    "lr_ippo": 0.0005,
    "severity": 2.0,
    "log_every": 80,
    "outdir": "results"
  },
  "metrics": {
    "episode_reward": [
      29.99762302575012,
      34.0287168857952,
      35.34279505908489,
      30.533005845422547,
      31.450806553786,
      36.939953331525125,
      36.702328307554126,
      34.72333009168506,
      39.877727611611284,
      30.272904423996806,
      44.71706743910909,
      36.784301970774926,
      40.850305300205946,
      41.106963758046426,
      42.68154148509105,
      39.66324872461458,
      41.22169861818353,
      44.31673237619301,
      36.14502831424276,
      44.398745741074286,
      36.76617221906781,
      46.82696087285876,
      43.11513638061782,
      41.086449628695846,
      46.50801882147789,
      45.728258653233446,
      44.94565420846144,
      41.161741639177,
      44.43905362238487,
      45.418661480148636,
      43.54232972487807,
      44.59328292186061,
      46.020931561787926,
      47.077916687354445,
      44.785361329714455,
      47.23764740551511,
      44.75948753145834,
      46.6188674736768,
      45.90084168687463,
      50.16938693262637,
      48.70153697642187,
      47.32252455006043,
      48.57165082171559,
      46.558502638091646,
      47.9469602846851,
      50.394474906226,
      49.8039104907463,
      48.135428449139,
      49.34307277016342,
      47.519044544547796,
      48.18409796183308,
      46.46797930138806,
      48.545943676804505,
      47.156899846469365,
      53.56065586581826,
      54.73752884442607,
      51.81759247804681,
      48.99890491552651,
      48.77960722645124,
      48.25574399406711,
      50.15489037334919,
      49.9133152688543,
      54.43649107962847,
      50.517110673089825,
      52.62741176163157,
      50.40122936914364,
      52.54778406396508,
      53.47172175347805,
      52.27899951239427,
      53.38052594661713,
      52.2829313762486,
      51.9705399783949,
      54.9297458777825,
      61.612594736119114,
      54.093364556630455,
      51.29558615883192,
      52.885620664184295,
      53.99061747888724,
      51.10444728657603,
      40.98513803010186
    ],
    "sla_eMBB": [
      0.1566462218016386,
      0.15535369191939633,
      0.1664209098741412,
      0.18113505850856504,
      0.15776174701750278,
      0.48391002028559643,
      0.15301543741797408,
      0.17116507538283865,
      0.15597664550567666,
      0.13335404543206095,
      0.2055061410119136,
      0.15859431667874258,
      0.12931222357476752,
      0.15988940971593063,
      0.1629626012345155,
      0.17936054592952133,
      0.17705199362089236,
      0.17300010646382968,
      0.17255088374639552,
      0.14804085259015362,
      0.1268942964511613,
      0.21159533849606912,
      0.20947649837781987,
      0.1952172417131563,
      0.481269449715813,
      0.2156540046259761,
      0.18002996103217203,
      0.19570559969171883,
      0.18507219878335793,
      0.16612448167055846,
      0.40121584804107746,
      0.17881625610093277,
      0.18310354412843785,
      0.18900736145675182,
      0.1996312940865755,
      0.16297292979434133,
      0.1713261466473341,
      0.18307243945697943,
      0.18395595281074445,
      0.16023030736794075,
      0.19859616013864675,
      0.16898935775582988,
      0.18139760343357922,
      0.17384594027573863,
      0.1836880540351073,
      0.1319587852184971,
      0.17509244952971736,
      0.17380786500871181,
      0.17558431450277567,
      0.15027175990243752,
      0.16302520504842202,
      0.17424109405527513,
      0.16259033671269815,
      0.16165316351378958,
      0.19402958981692792,
      0.17610746826355655,
      0.1848983960598707,
      0.18503786178926626,
      0.18094205174595118,
      0.18132747708509367,
      0.18298643706987303,
      0.18554550373305878,
      0.21951751659313837,
      0.18746476847678423,
      0.17931623180707296,
      0.183423329119881,
      0.20523111430307228,
      0.20945919626702866,
      0.20374576325217883,
      0.21000115245580672,
      0.21819085508584976,
      0.20331600693364937,
      0.21257340231289465,
      0.1908334851761659,
      0.19874352097511291,
      0.19152182221412659,
      0.20676191098988056,
      0.20047614723443985,
      0.19782278316716354,
      0.15515023303528627
    ],
    "sla_URLLC": [
      0.3561967400709788,
      0.41111926406621935,
      0.4418917372326056,
      0.3664637329926093,
      0.4049985953917106,
      0.278286675264438,
      0.4626908602565527,
      0.4389350285132726,
      0.5082154154777527,
      0.5323627398411432,
      0.4925866480668386,
      0.44691226455072564,
      0.7680095972617468,
      0.5363093190391859,
      0.5347535534699758,
      0.49265622089306516,
      0.5126470114787419,
      0.5489479474226634,
      0.4285222898423672,
      0.5659757156173388,
      0.9262450555960338,
      0.5116517309347789,
      0.5057032671570778,
      0.49318686122695604,
      0.3503318318227927,
      0.5285478820403416,
      0.5369138382871945,
      0.4888802149395148,
      0.5372747506697972,
      0.5818558553357919,
      0.35858258565266926,
      0.5254449607928594,
      0.5603401289880275,
      0.5641518754263719,
      0.5153448242445787,
      0.5916399555404981,
      0.56574874629577,
      0.5762747887273629,
      0.5555826444923878,
      0.6348128377397855,
      0.6305102562904358,
      0.5941879439353943,
      0.5971215944488844,
      0.5783929153283437,
      0.6135979908704757,
      0.9546936404705048,
      0.6272241822878519,
      0.5916624098022779,
      0.6406202179193496,
      0.5907337211072445,
      0.6075483633081118,
      0.5915112160642941,
      0.5963725676139195,
      0.5986906205614407,
      0.6747030711174011,
      0.677150241235892,
      0.6424659152825674,
      0.5983934797843298,
      0.592287950416406,
      0.5786043989658356,
      0.5937677608927091,
      0.6104585204521815,
      0.5943972698847453,
      0.6153110729654631,
      0.6351509502530098,
      0.6024738795558612,
      0.6203038740158081,
      0.647863209148248,
      0.6070966170231501,
      0.6249298691749573,
      0.5964041273792585,
      0.5893027830123901,
      0.6277240620056788,
      0.722460739215215,
      0.6067499539256096,
      0.5730329694350561,
      0.6064624079068501,
      0.6264640806118648,
      0.5844417914748192,
      0.6139380935827891
    ],