{
  "args": {
    "method": "nested",
    "drift": "multi",
    "n_agents": 3,
    "horizon": 150,
    "episodes": 80,
    "seed": 3,
    "hidden": 64,
    "ppo_epochs": 4,
    "lr_ippo": 0.0005,
    "severity": 1.5,
    "log_every": 80,
    "outdir": "results"
  },
  "metrics": {
    "episode_reward": [
      33.26200829537379,
      38.03894463252314,
      33.39026339763984,
      36.47570865771012,
      36.279312061114865,
      35.870725095499736,
      34.838173056357654,
      35.710117236985305,
      35.15094122047435,
      38.638473432543435,
      41.60476532561396,
      42.36016790903071,
      41.04048958325553,
      40.37166720291393,
      44.91050789459712,
      42.64051623952889,
      45.0822550332976,
      42.120716662187554,
      44.26774438109978,
      45.48279070994923,
      45.485834387710554,
      45.954064604888345,
      48.176065489277285,
      46.514941595142965,
      44.74193658940498,
      46.762057848523064,
      49.97386746317819,
      48.483518605824166,
      47.157051800957184,
      50.7577302688112,
      49.96987562807177,
      45.91403617560868,
      38.76219913570416,
      54.43671545895443,
      47.49591134934847,
      50.469374500566914,
      49.94773158159938,
      49.3638125146015,
      57.8435865717216,
      48.57922540478825,
      53.26832390560045,
      54.44683064865982,
      50.37395802951522,
      51.5646741450247,
      42.96515395949698,
      51.6316939874242,
      49.9098843601015,
      51.62351121935581,
      50.713534275690726,
      53.162817587848366,
      52.623525467163184,
      53.499094463491616,
      50.213621085447585,
      52.49107638373972,
      53.541257850473954,
      53.6947398453537,
      57.075584957914224,
      52.166232683116355,
      53.00202065430995,
      53.983458793597926,
      41.16280361211134,
      51.72495584305793,
      52.600267634354545,
      48.877900862404054,
      49.98683889547571,
      52.38135010103387,
      49.48527987818752,
      51.64266520254315,
      53.62348946920701,
      64.60339041737221,
      53.45531852100461,
      50.79484041215233,
      53.53164073379916,
      51.28883789653579,
      55.57125124720238,
      54.6817107512926,
      50.65248062353995,
      53.53014719602135,
      52.54516694887233,
      59.79553146482343
    ],
    "sla_eMBB": [
      0.1599993810678522,
      0.4666810267356535,
      0.16096280963470538,
      0.19539920071139932,
      0.31237329211086035,
      0.16704625086858868,
      0.16172244442005954,
      0.17995628831287225,
      0.17131770588457584,
      0.1641931885977586,
      0.19418172956754765,
      0.17190319310252866,
      0.16590703340868154,
      0.18126971498131753,
      0.1367778544438382,
      0.18174520117541154,
      0.1627876190903286,
      0.16359799028684696,
      0.19821291400430102,
      0.17598070870464047,
      0.18058038491134842,
      0.16548953017840784,
      0.23152566922207674,
      0.17200423549239835,
      0.198558826521039,
      0.18008351917068163,
      0.616116271900634,
      0.19482336486379306,
      0.17537650715559722,
      0.1923662833124399,
      0.18679716025789578,
      0.17711434742435814,
      0.12866092562675477,
      0.21825314437349638,
      0.27343240023901066,
      0.19634406836082538,
      0.19312309135993322,
      0.1927107395728429,
      0.24525571311513583,
      0.17922273617237805,
      0.15923052840555707,
      0.1940619933543106,
      0.19347504265606402,
      0.18317559784899154,
      0.16679359366496405,
      0.1998150366358459,
      0.1917659894687434,
      0.1922334935888648,
      0.19184796346972385,
      0.19193846213320892,
      0.1835742809250951,
      0.1998111317679286,
      0.25376044648389023,
      0.18422886366645494,
      0.2035521968950828,
      0.18669135635097822,
      0.20412686592588822,
      0.19013768680393694,
      0.19412418649842342,
      0.2028196952243646,
      0.12480579730123281,
      0.18838092971593143,
      0.1944670664643248,
      0.17569750285396973,
      0.19302230836823583,
      0.2002198778713743,
      0.20758008927106858,
      0.20370469534148772,
      0.22770940529803435,
      0.3330048190553983,
      0.20281713659564654,
      0.2018930348008871,
      0.23317065857350827,
      0.21323643942674,
      0.20382784268508355,
      0.21389982471863428,
      0.1936329432701071,
      0.19929146446287632,
      0.19955775026232003,
      0.20369314449528853
    ],
    "sla_URLLC": [
      0.3992625678082307,
      0.28880126543343065,
      0.4089479596912861,
      0.42383986175060273,
      0.2996366746723652,
      0.4474111896753311,
      0.41323699687918025,
      0.44798472955822943,
      0.4238061866381516,
      0.49044630557298663,
      0.5074551894267401,
      0.5195886388917764,
      0.5160693829258283,
      0.49617889553308486,
      0.8538574149211248,
      0.5282388894756636,
      0.5659788244465986,
      0.5341629601518313,
      0.5456211864948273,
      0.5658778065939745,
      0.5630630312363306,
      0.8445941366751989,
      0.5070458941658338,
      0.5759806927045187,
      0.5671665367484092,
      0.5617031014462313,
      0.37519821455081304,
      0.5876940717299779,
      0.6111310816804568,
      0.6037663712600867,
      0.6219009318947792,
      0.5587744246423244,
      0.9533919787406921,
      0.5827900497615337,
      0.40629151980082195,
      0.5940987196067969,
      0.6002387244005998,
      0.6073991264402866,
      0.592008727590243,
      0.6032642901937166,
      0.968966490427653,
      0.6597693711519241,
      0.6131911658247312,
      0.6412158408761024,
      0.6779284306367238,
      0.5969654654463132,
      0.5875725382566452,
      0.5977396667997043,
      0.587022120753924,
      0.6325527092814446,
      0.6341610111792882,
      0.6278844397266706,
      0.5923787174622218,
      0.6497447603940963,
      0.6470850262045861,
      0.6548802417516708,
      0.6532549730936686,
      0.624860457877318,
      0.6249784232179324,
      0.647006414035956,
      0.974231295188268,
      0.6317169615626335,
      0.6643762192130089,
      0.5838209245602289,
      0.5926449483633042,
      0.6117802824576696,
      0.5677171768744786,
      0.6238515860835712,
      0.6207530027627945,
      0.5981888540585836,
      0.6123228923479715,
      0.5782449343800544,
      0.5908689146737257,
      0.5786346278091272,
      0.6218246869246165,
      0.6232037703196208,
      0.575170873204867,
      0.6032354736328125,
      0.5807881524165471,
      0.7040706866979599
    ],