{
  "args": {
    "method": "nested",
    "drift": "multi",
    "n_agents": 10,
    "n_slices": 3,
    "horizon": 150,
    "episodes": 80,
    "seed": 4,
    "hidden": 64,
    "ppo_epochs": 4,
    "lr_ippo": 0.0005,
    "severity": 1.5,
    "log_every": 80,
    "outdir": "results"
  },
  "metrics": {
    "episode_reward": [
      33.892474305070934,
      34.49847072791308,
      33.30300620626658,
      39.783510762453076,
      38.370041633583604,
      33.91605523396284,
      40.09445635955781,
      39.39447454791516,
      39.292788273096086,
      35.994547737948594,
      40.22276080287993,
      39.096823318116364,
      36.41190191023052,
      37.79014571867883,
      38.14152706041932,
      41.245787783898415,
      40.30285294000059,
      44.24751322939992,
      41.0210935736075,
      40.38267334252596,
      43.67134937029332,
      39.24492224268615,
      33.56993783526123,
      40.293239175528285,
      45.771059988811615,
      43.004561172612014,
      42.52527471985668,
      42.72123293727636,
      33.385228934139015,
      45.16289830803871,
      45.07885407898575,
      45.60859690550715,
      44.60330962575972,
      51.08137519098818,
      46.79063230808824,
      48.055941549688576,
      47.184401280991736,
      43.56389591917396,
      44.19942101854831,
      43.62000186443329,
      53.04915046095848,
      48.61247574742883,
      47.253909414075316,
      50.881051594763996,
      45.09518308639527,
      51.59963218718767,
      47.694044179469344,
      49.75169699694961,
      55.56807912476361,
      50.96494337022305,
      47.729036873206496,
      46.90363712981343,
      49.36159466020763,
      48.75010191295296,
      48.4853557407856,
      50.57277247831225,
      49.8345790155232,
      51.55605204887688,
      51.89106460344046,
      58.58241271451116,
      49.21817057617009,
      51.75064627137035,
      51.77028797250241,
      50.58490419927985,
      56.092192709818484,
      51.88455852139741,
      50.39266478791833,
      53.11380934622139,
      53.02817276194692,
      53.026045539975165,
      53.46844755113125,
      49.12571174278855,
      53.303529874235394,
      55.03025357536971,
      55.152726563438776,
      54.14295913334936,
      51.07114646267146,
      52.678737537004054,
      51.06255205608905,
      51.93973619155586
    ],
    "sla_eMBB": [
      0.15981693701197705,
      0.16706363090624413,
      0.18426907196640968,
      0.15418409903844196,
      0.1639808239787817,
      0.17853762120008468,
      0.1661087194768091,
      0.162578586426874,
      0.18114334871371587,
      0.15841695143530765,
      0.17774927957604328,
      0.17266226353744665,
      0.16009807599087555,
      0.17521278623491526,
      0.16459231356779735,
      0.16742306398848691,
      0.17304705015694102,
      0.16194880505402884,
      0.15660467114299537,
      0.1578578586752216,
      0.15571023361136516,
      0.1605222813040018,
      0.1429405602129797,
      0.1603245356058081,
      0.1447862337405483,
      0.16899600587785243,
      0.17038014297684034,
      0.1622496594612797,
      0.10893934914221366,
      0.16055878803133963,
      0.1615352966884772,
      0.16488643436382214,
      0.17039611513415973,
      0.18776590426762899,
      0.15651989094913005,
      0.15171558226148288,
      0.20255612117548782,
      0.16465013120323418,
      0.1604992640018463,
      0.15618717439472676,
      0.19998770236968993,
      0.16706576523681482,
      0.15939008887857198,
      0.17647404258449872,
      0.3435521716500322,
      0.1617801406979561,
      0.1554365021114548,
      0.1781979437172413,
      0.22669892018040022,
      0.1650574727356434,
      0.15539789358774822,
      0.1550795026992758,
      0.14550640796621642,
      0.1524455118800203,
      0.15200145142773788,
      0.17233085880676904,
      0.14635160945355893,
      0.14430836826562882,
      0.17584455132484436,
      0.22635721996426583,
      0.15226986231903236,
      0.17799288347363473,
      0.1661496884127458,
      0.16153348716596763,
      0.15986257052669922,
      0.16570427246391772,
      0.17089127513269584,
      0.18986475547154744,
      0.16490722718338172,
      0.18325037953754267,
      0.16412744690974554,
      0.34973886117339137,
      0.17392897630731266,
      0.1931296429783106,
      0.16690048769116403,
      0.1683094602326552,
      0.18146357921262582,
      0.1840609582265218,
      0.16629735504587492,
      0.3157312861581643
    ],
    "sla_URLLC": [
      0.43206718484560647,
      0.4171428077419599,
      0.37399448866645496,
      0.7401599953571956,
      0.4606391650935014,
      0.4054666165014108,
      0.4982837604979674,
      0.4863389839231968,
      0.49396262869238855,
      0.44861625318725906,
      0.492839919924736,
      0.4859223074714343,
      0.44926459580659867,
      0.4615055055419604,
      0.4746456769108772,
      0.5270376950005691,
      0.4978177772959073,
      0.6024993552764257,
      0.5358705683549245,
      0.5231614791353544,
      0.5440021630128224,
      0.4885746344923973,
      0.5791553910573324,
      0.5145205788811048,
      0.8705324470996857,
      0.5480381882190705,
      0.5359348680575688,
      0.5531133921941122,
      0.8846426165103912,
      0.5932147218783697,
      0.6039357641339302,
      0.6046668335795402,
      0.57958399583896,
      0.5853163650631905,
      0.6244095850984256,
      0.906370359659195,
      0.5793252563476563,
      0.5518358795841535,
      0.5846037979920705,
      0.582967136502266,
      0.6029074997703234,
      0.6244564035534859,
      0.6205093844731648,
      0.6442715932925542,
      0.38119465788205464,
      0.6668857285380363,
      0.6105766383806864,
      0.6426299001773198,
      0.5628562921285629,
      0.6612767956654231,
      0.6254392817616463,
      0.6027713976303737,
      0.6523012256622315,
      0.6357230454683304,
      0.6215078657865525,
      0.632141745487849,
      0.6504152391354243,
      0.681365950902303,
      0.6937838188807169,
      0.5979534868399302,
      0.6321559105316797,
      0.6309778445959091,
      0.650652821858724,
      0.6348689273993174,
      0.7263383891185125,
      0.6503036526838938,
      0.6610939965645473,
      0.6235175842046737,
      0.6510125144322714,
      0.6372496833403906,
      0.6639059348901113,
      0.4033155417442322,
      0.6491950352986654,
      0.6664922098318736,
      0.7145741544167201,
      0.6692891707022984,
      0.6014444625377655,
      0.6100598394870758,
      0.6236996805667877,
      0.44402465959390003
    ],