{
  "args": {
    "method": "nested",
    "drift": "multi",
    "n_agents": 3,
    "n_slices": 3,
    "horizon": 150,
    "episodes": 80,
    "seed": 7,
    "hidden": 64,
    "ppo_epochs": 4,
    "lr_ippo": 0.0005,
    "severity": 2.0,
    "log_every": 80,
    "outdir": "results"
  },
  "metrics": {
    "episode_reward": [
      34.38194444403052,
      35.56089020396272,
      32.839974354952574,
      34.19093799032271,
      34.70105245957772,
      36.64043204920987,
      35.618759732072554,
      38.07177166827023,
      34.539769960567355,
      38.64272630214691,
      36.62681858551999,
      39.242547761028014,
      37.41138621792197,
      39.25325874363383,
      37.32792144703368,
      45.73127612657845,
      34.24852124042809,
      40.40114626288414,
      40.01826270545522,
      39.87354430432121,
      42.12097618480524,
      42.01553129466871,
      44.03029742650688,
      43.086132338891424,
      43.633312206094466,
      42.718523440882564,
      43.57964937823514,
      46.71228062796096,
      43.7253197748214,
      34.51270369067788,
      51.10106868669391,
      41.59971492861708,
      34.302768340955176,
      44.39080431684852,
      44.352713542059064,
      43.448218720654644,
      46.06979784307381,
      45.9133487008512,
      45.92750092533728,
      47.54031486622989,
      49.28481946947674,
      46.60306189147135,
      45.65982271296283,
      47.1265816912055,
      34.352259167159595,
      36.9768268254896,
      46.895721120138965,
      48.35784991706411,
      47.01745211146772,
      42.20767632623514,
      37.036071273187794,
      50.68952348704139,
      48.32714657050868,
      50.054776733120285,
      50.53302774578333,
      51.97168310980002,
      51.4007053685685,
      39.95846993724505,
      63.48263647158941,
      50.829572999229036,
      51.41393634180228,
      54.16863232354323,
      52.77135658015808,
      64.82771155734856,
      52.99684828643998,
      54.50138255208731,
      52.869101678331695,
      54.727305398633085,
      52.30344679703315,
      53.28061956291398,
      55.13687597711881,
      61.69197048122684,
      53.65664746860663,
      53.774175768097244,
      54.17299384623766,
      53.907871287316084,
      52.85017054155469,
      53.26119897762934,
      52.14896402756373,
      51.45450454453627
    ],
    "sla_eMBB": [
      0.1675884127896279,
      0.16751950725913048,
      0.1664795139990747,
      0.1414763502838711,
      0.15186390825236837,
      0.15296229992061852,
      0.4101185582826535,
      0.17481840759515763,
      0.15660114313786228,
      0.18302545151362817,
      0.1621508492094775,
      0.16046783475205303,
      0.14403895099957784,
      0.16559804180016122,
      0.1615824875359734,
      0.2536456159750621,
      0.18003811062003175,
      0.174669217231373,
      0.1705662096105516,
      0.1698640195901195,
      0.15852963310355941,
      0.18366821898768346,
      0.1776852376634876,
      0.19766024303932986,
      0.18114458321904142,
      0.18650335902969042,
      0.1642216530131797,
      0.2746342656761408,
      0.16085845151683315,
      0.16118592503791054,
      0.2081720086435477,
      0.16822800849253933,
      0.1278300479364892,
      0.17730613751957813,
      0.18154211468373735,
      0.1709755461414655,
      0.17886020295942823,
      0.17271352514624597,
      0.17480656838665407,
      0.1831498394658168,
      0.17983414525166153,
      0.16114993617559473,
      0.1606627240590751,
      0.17154546322921913,
      0.1406176093655328,
      0.11997821307430664,
      0.17401987701964874,
      0.16931214036419986,
      0.16639964684223135,
      0.1759696567306916,
      0.16127915984019636,
      0.20175336730356017,
      0.18060040459036827,
      0.18907434384649,
      0.20720844787855944,
      0.1983203529380262,
      0.18444716393326718,
      0.17346781469881534,
      0.3566100836545229,
      0.19513906575739384,
      0.18976998968670766,
      0.2331815974911054,
      0.21236513633280993,
      0.40385217929879824,
      0.21318539372334877,
      0.21167723069588343,
      0.19819779283056657,
      0.24381427325308322,
      0.21571907740086316,
      0.23672743113090594,
      0.26397581773499645,
      0.34302638719479245,
      0.2350981301193436,
      0.23942057733734448,
      0.19554244549324115,
      0.26765416401748854,
      0.21769271882871788,
      0.22015424718459448,
      0.20310367338359356,
      0.2692252415046096
    ],
    "sla_URLLC": [
      0.42662767256299655,
      0.4507671266049147,
      0.38466598600149154,
      0.6117870545387268,
      0.6248956313729286,
      0.46321130452056725,
      0.2863228406260411,
      0.46684444839755695,
      0.446374826207757,
      0.46486219252149263,
      0.4514946725219488,
      0.5044920164843401,
      0.484548028682669,
      0.4982199815909068,
      0.479163840363423,
      0.484281618843476,
      0.40917570715149243,
      0.5003244978189468,
      0.5051844243208568,
      0.5020645414292813,
      0.5306477335592111,
      0.5310309920708338,
      0.5461681439975897,
      0.5075644770761331,
      0.5366806592047214,
      0.545419428050518,
      0.5593447858591875,
      0.4725172412892183,
      0.5701018813252449,
      0.5696926658352216,
      0.5533996838827928,
      0.5426998087267081,
      0.916409782965978,
      0.5638486151397228,
      0.5688800872365634,
      0.537991578032573,
      0.5667678707341353,
      0.5653678039213021,
      0.5699509405096372,
      0.6071654277046522,
      0.6299131971597671,
      0.5939156763752301,
      0.5786963165303072,
      0.589231265882651,
      0.5724620286623637,
      0.9397738333543142,
      0.5770404694974423,
      0.5992724478244782,
      0.5804705221951008,
      0.5172278093298276,
      0.5926528624196847,
      0.6188205513358116,
      0.5854786759614945,
      0.6171539681156476,
      0.5958530249198278,
      0.6073749479154745,
      0.6116652737061182,
      0.6115738726655642,
      0.6103245345751445,
      0.601696232954661,
      0.6049428949753444,
      0.6145570490757625,
      0.6165333585937818,
      0.606412680943807,
      0.6084118378162384,
      0.6428401454289754,
      0.6234863472978274,
      0.6329878716667493,
      0.6015584496657054,
      0.604176889459292,
      0.6261405247449875,
      0.6032655397057534,
      0.607792175412178,
      0.6078116899728775,
      0.6283189564943313,
      0.6047619054714839,
      0.6090137402216593,
      0.6087423914670944,
      0.6099306073784828,
      0.6019875945647558
    ],