{
  "args": {
    "method": "nested",
    "drift": "multi",
    "n_agents": 3,
    "n_slices": 3,
    "horizon": 150,
    "episodes": 80,
    "seed": 6,
    "hidden": 64,
    "ppo_epochs": 4,
    "lr_ippo": 0.0005,
    "severity": 2.0,
    "log_every": 80,
    "outdir": "results"
  },
  "metrics": {
    "episode_reward": [
      38.69510699622333,
      29.309938702732325,
      35.33866845195492,
      33.72014227633675,
      35.51038756407797,
      35.14432615786791,
      38.877475983152785,
      39.43613518215716,
      39.10342068846027,
      38.60159686642388,
      36.46250502703091,
      37.98557365809878,
      37.58041010114054,
      37.6682106629014,
      38.305087899168335,
      38.186546456068754,
      37.693022602548204,
      40.80380141983429,
      32.87775784047941,
      38.82859042597314,
      39.10022912236551,
      38.74974763020873,
      38.103538090984024,
      38.57925602979958,
      39.01755135009686,
      41.16137167687217,
      37.64828542371591,
      39.43933284406861,
      39.683310479546584,
      41.4687431777517,
      41.50561748507122,
      42.3313859483848,
      43.480482559651136,
      44.42379495191077,
      43.43406829920908,
      44.370509654283524,
      39.631962245951094,
      44.55074033948282,
      42.79744220711291,
      45.10739838890731,
      46.86015718430281,
      46.010767079268895,
      47.7084586545825,
      48.19055761272708,
      53.27495056018233,
      52.76427586066226,
      53.157257897779346,
      51.437928872182965,
      47.80380876051883,
      39.76837779643635,
      52.02034927966694,
      50.168249828120075,
      52.071430288255215,
      61.727656650046505,
      51.61992129807671,
      49.35570401325822,
      51.18377495991687,
      52.85130279387037,
      49.57200796529651,
      50.94299962806205,
      51.6488852519542,
      49.06097235592703,
      49.2527664595594,
      49.82947881023089,
      36.6886154388388,
      51.2974650375545,
      50.05018996695677,
      49.99554446960489,
      51.40449915391704,
      50.74805770131449,
      52.67084047819177,
      50.651327420026064,
      61.28016555309296,
      51.231829738865294,
      52.864868265887104,
      51.69369439718624,
      49.78789321705699,
      52.81136003509164,
      51.963781456152596,
      53.36076129724582
    ],
    "sla_eMBB": [
      0.15351059110214313,
      0.16904727600514888,
      0.16187813735256593,
      0.1714691541964809,
      0.49777411359672746,
      0.41004457012439766,
      0.16819733180105687,
      0.1854594423311452,
      0.16359088781600198,
      0.17115706268251718,
      0.14137528784573078,
      0.15709329109018047,
      0.1636678166501224,
      0.163632685597986,
      0.1583341525743405,
      0.16301108349114657,
      0.15437406970188022,
      0.1287970323426028,
      0.16408084600542983,
      0.15854726845398545,
      0.16252252447108428,
      0.16357741600523393,
      0.17978905028353134,
      0.22490587544317048,
      0.1890383714810014,
      0.16755733703573544,
      0.18816579366723696,
      0.1793354620722433,
      0.17490840890755255,
      0.19013544959947468,
      0.1832706636066238,
      0.20916566607231896,
      0.19727090435723463,
      0.16006208052237827,
      0.18050562891488273,
      0.18313903676966825,
      0.18520566986252865,
      0.17372447079668443,
      0.17063212761034569,
      0.16618316516280174,
      0.1714441863447428,
      0.18333665046840905,
      0.1661100427682201,
      0.1768953484793504,
      0.18414375323802232,
      0.15746137902140617,
      0.16243742748474083,
      0.15878632747878632,
      0.1576152265071869,
      0.13714534216249982,
      0.15553384753564994,
      0.14858637992292642,
      0.12324224310616652,
      0.2905292811244726,
      0.17215004036823908,
      0.1614710747761031,
      0.1671490142432352,
      0.17568022530525923,
      0.1670736918846766,
      0.16745818986867864,
      0.1886285429696242,
      0.18294996907934546,
      0.17876581349099677,
      0.1951599373916785,
      0.15488769286622603,
      0.19728351406753064,
      0.19496104802936315,
      0.1978224008033673,
      0.21465341431399187,
      0.19937305212020873,
      0.1862506906191508,
      0.17989229881515106,
      0.3026806246985992,
      0.17800794956584773,
      0.19643691844617328,
      0.20334166751553615,
      0.1841788554377854,
      0.1861290440832575,
      0.17840938281267882,
      0.1864456624103089
    ],
    "sla_URLLC": [
      0.4870121355851491,
      0.354058889116471,
      0.45805269467333953,
      0.40536465448637804,
      0.2726645867774884,
      0.27590386812885603,
      0.466004621013999,
      0.4742950588961442,
      0.4888578928510348,
      0.500715272774299,
      0.47418110974133015,
      0.4797802812109391,
      0.46750132280091444,
      0.4874280802408854,
      0.4948686041931311,
      0.4936434742808342,
      0.4921779463191827,
      0.7936835783720017,
      0.4363209755222003,
      0.49984602376818654,
      0.4873497970402241,
      0.5067017548282942,
      0.46510027463237447,
      0.44183472389976186,
      0.48253609682122867,
      0.5068083274364471,
      0.457292443215847,
      0.496790004024903,
      0.49935421168804167,
      0.5104221036533515,
      0.5086434382696946,
      0.5056591802835464,
      0.5296193261444568,
      0.5497556043167909,
      0.5378471801181635,
      0.5494705332815647,
      0.47778750777244566,
      0.5383097824454307,
      0.5142975480357805,
      0.5588714228073756,
      0.6191687340041002,
      0.5794375202059746,
      0.5990990862250328,
      0.6256085008879503,
      0.5802153170108795,
      0.6675626001755397,
      0.6918838997681935,
      0.6632089460889499,
      0.5935714789728324,
      0.6543319476644198,
      0.6584896310170492,
      0.6757169326146444,
      0.9718522767225901,
      0.60575833628575,
      0.6398335766792297,
      0.6338472476601601,
      0.6446900629003842,
      0.6703259936968485,
      0.6254590319593748,
      0.6573441308736802,
      0.6163687211275101,
      0.5851973284284274,
      0.59898039072752,
      0.5969269387920697,
      0.5923141052325567,
      0.598900291621685,
      0.6082399273912112,
      0.599515234430631,
      0.6111115049322446,
      0.6244651866952579,
      0.6636910259723663,
      0.6065833735466003,
      0.607333860596021,
      0.6268979914983114,
      0.6151762177546819,
      0.598967645863692,
      0.5982115205625693,
      0.6281839906175931,
      0.6296945409973462,
      0.6107811949650447
    ],