{
  "args": {
    "method": "nested",
    "drift": "multi",
    "n_agents": 3,
    "n_slices": 3,
    "horizon": 150,
    "episodes": 80,
    "seed": 3,
    "hidden": 64,
    "ppo_epochs": 4,
    "lr_ippo": 0.0005,
    "severity": 0.5,
    "log_every": 80,
    "outdir": "results"
  },
  "metrics": {
    "episode_reward": [
      37.60706122902533,
      36.18980622229477,
      38.060100546106696,
      42.592401161169015,
      37.51916800128917,
      37.72564939099053,
      45.46720802783966,
      39.0339452320089,
      39.338702162727714,
      48.65304448766013,
      45.57711590888599,
      48.50361444987357,
      43.399485817179084,
      49.21265877907475,
      43.73591938863198,
      46.62242245301604,
      52.254777136569224,
      50.4605952296406,
      47.400700975209475,
      61.63647390405337,
      53.77109060809016,
      47.486661133666836,
      49.899085541566215,
      51.81371924902002,
      62.22100498403112,
      55.300027484695114,
      59.28222350527843,
      63.035137594367065,
      59.64454627161225,
      60.2656955961138,
      64.44171520819266,
      56.24912573893865,
      40.51304934297999,
      64.1113873384893,
      73.87094276150067,
      60.912952261666454,
      58.9286919614921,
      60.71127015848955,
      62.12620293721557,
      53.401142758627735,
      50.81470365573963,
      65.5418231325845,
      61.34921410431465,
      62.39432213703791,
      60.73941000178456,
      64.17548038810492,
      57.22910820133984,
      64.53739543755849,
      63.99973210816582,
      62.627881203467645,
      66.8663726374507,
      66.98116952677567,
      83.13230995709698,
      66.21898200362921,
      68.6685406131049,
      70.05844065422814,
      71.18185219044487,
      67.39623272170623,
      65.82815391073625,
      71.00067335615556,
      41.676206700503826,
      69.26705266162753,
      71.3440543624262,
      54.04848876719674,
      60.345173769940935,
      66.99470083912213,
      58.90627585351467,
      67.2368797014157,
      71.80384830385447,
      85.84164451559384,
      67.9467500584821,
      58.250934897611536,
      63.406821344047785,
      65.8314862685899,
      71.86299468701084,
      68.02159684151411,
      59.553424486890435,
      58.91855017219981,
      65.00517788777749,
      71.5060169622302
    ],
    "sla_eMBB": [
      0.1628301002085209,
      0.17936521634459496,
      0.16140996402750413,
      0.1938299033542474,
      0.17140034958720207,
      0.16254738487303258,
      0.15745885048061609,
      0.17885535154491664,
      0.17641190826892852,
      0.16756830502301454,
      0.1940251236160596,
      0.17476349833110968,
      0.1593346691131592,
      0.17984480554858842,
      0.14820455659180878,
      0.16946819856762885,
      0.1562499663978815,
      0.158851720901827,
      0.1855841036637624,
      0.17037700270613035,
      0.16716289373735588,
      0.17855283190806706,
      0.21087505742907525,
      0.1602836384003361,
      0.18845862978448472,
      0.1806362503518661,
      0.22509085527310768,
      0.19135974970956643,
      0.1711720229188601,
      0.18956202919284504,
      0.1810544278845191,
      0.1710488876948754,
      0.1726499806717038,
      0.20635246301690738,
      0.19161948253711064,
      0.19379301313310862,
      0.19183505391081174,
      0.19366573300212622,
      0.18652683491508165,
      0.19204304251819848,
      0.18723664770523707,
      0.20212514355778693,
      0.20196766352901857,
      0.19157653658340373,
      0.18842817408343157,
      0.21904315213362377,
      0.23406887270510196,
      0.2087840960174799,
      0.1947880078976353,
      0.2108073764046033,
      0.1972299998626113,
      0.22791830122470855,
      0.23159313450256983,
      0.18750381688276926,
      0.21464811061819394,
      0.18918679689367612,
      0.22016008031864961,
      0.2033042676995198,
      0.19402978127201398,
      0.23683389705916247,
      0.1773840136701862,
      0.21867662099500498,
      0.20918852979938188,
      0.20881441889951627,
      0.21804718958834807,
      0.2249738918369015,
      0.21455117007096608,
      0.22907628677785397,
      0.2529745232810577,
      0.32323388238747913,
      0.21701577320694923,
      0.2292896728714307,
      0.24198870475093523,
      0.25321478515863416,
      0.22668749811748665,
      0.2201519302651286,
      0.20139418954650562,
      0.21926095008850097,
      0.21633374854922294,
      0.2243588395913442
    ],
    "sla_URLLC": [
      0.4527995457872748,
      0.32274860645333925,
      0.448239118574808,
      0.4743874120588104,
      0.3389177760807797,
      0.4471276307106018,
      0.5868132025003433,
      0.49704094385107356,
      0.48081498901049297,
      0.6312822986394167,
      0.5335501612226168,
      0.5914696025351683,
      0.5350791739920775,
      0.694572555621465,
      0.8073986689249675,
      0.5777567417919636,
      0.7201907356580098,
      0.6804065728684267,
      0.5777474929889043,
      0.8309258882204692,
      0.701480800062418,
      0.8557267139355341,
      0.5296859751765927,
      0.7177339825034141,
      0.8755225143829981,
      0.7083042396108309,
      0.6024577072262765,
      0.8577526197830836,
      0.8392080471913019,
      0.7640415772795677,
      0.8744042754173279,
      0.8338938436905543,
      0.9269433434804281,
      0.745053781469663,
      0.812837278842926,
      0.8383948141336441,
      0.8016241351763408,
      0.8451061544815699,
      0.6620540988445281,
      0.7151197057962417,
      0.9457592137654622,
      0.8993299013376236,
      0.8708757970730464,
      0.8811168124278387,
      0.9360636973381042,
      0.839417889714241,
      0.7554037710030873,
      0.8617160391807556,
      0.8642470137278239,
      0.8616049792369207,
      0.9130640864372254,
      0.8846916778882344,
      0.8821952211856842,
      0.9255736641089122,
      0.94970845023791,
      0.9631359310944875,
      0.9546489226818085,
      0.9154092907905579,
      0.9145153399308522,
      0.9475365924835205,
      0.9836662205060324,
      0.9494647073745728,
      0.9717986881732941,
      0.7327878552675248,
      0.829791110555331,
      0.8908648989597956,
      0.7981898041566213,
      0.9213893759250641,
      0.9564129491647084,
      0.8152886384725571,
      0.9099167021115621,
      0.7732241137822469,
      0.8217014430960019,
      0.8814907427628835,
      0.9525270291169484,
      0.9196009747187297,
      0.8153244878848394,
      0.772606596549352,
      0.8389285111427307,
      0.9648410888512929
    ],