{
  "args": {
    "method": "nested",
    "drift": "multi",
    "n_agents": 3,
    "n_slices": 5,
    "horizon": 150,
    "episodes": 80,
    "seed": 4,
    "hidden": 64,
    "ppo_epochs": 4,
    "lr_ippo": 0.0005,
    "severity": 1.5,
    "log_every": 80,
    "outdir": "results"
  },
  "metrics": {
    "episode_reward": [
      14.337270894398292,
      11.74695006509622,
      16.430470220123727,
      12.521561562394103,
      14.930387089028955,
      12.151082200929523,
      18.210715123141807,
      16.667401041214664,
      14.218923711528381,
      16.165996285155416,
      17.988447360073526,
      14.827801059931517,
      20.152236107736826,
      18.572135301927727,
      20.25319588618974,
      18.899593586102128,
      22.94558264998098,
      23.585431525483727,
      22.766515067468088,
      31.164984186490376,
      24.39638787508011,
      25.23893462245663,
      25.39335467728476,
      29.503543968002003,
      29.104012990991276,
      34.18634821909169,
      30.365464473764103,
      31.949620213359594,
      30.261700504149,
      31.297510784119368,
      31.878819077586133,
      34.09603828998903,
      33.98894593119621,
      38.78417842400571,
      37.54795328217248,
      36.339304188887276,
      42.47499303085109,
      40.20093950505058,
      41.824483865251146,
      40.23932265986999,
      44.00295609732469,
      44.63303812531134,
      42.93581348719696,
      42.67990171536803,
      44.41385534033179,
      43.65150709388157,
      59.411915339529514,
      46.77330576752623,
      42.78510781439642,
      46.17934969564279,
      47.41993859472374,
      44.62793497058252,
      43.610793521627784,
      45.51083814104398,
      58.865503738323845,
      48.819077686717115,
      47.250291891396046,
      61.31796088566383,
      49.066460110247135,
      45.80424743331969,
      45.30556285319229,
      45.558645103747644,
      45.02885509779056,
      45.391563441604376,
      45.21361484378576,
      53.929512505729996,
      45.2957769818604,
      48.58284818381071,
      46.692794444039464,
      45.77686292429765,
      46.123296450823545,
      46.282577097415924,
      45.25930179655552,
      47.965671233832836,
      52.23475327715278,
      48.12862218171358,
      32.91621388681233,
      47.902519868065916,
      48.72465558474263,
      50.66805295832455
    ],
    "sla_eMBB": [
      0.09610069243858257,
      0.08558039591026803,
      0.07857151245077451,
      0.11062202227612336,
      0.0987384829421838,
      0.09487172207484643,
      0.09118129164601366,
      0.09164793806771437,
      0.1080020721256733,
      0.10142600055783987,
      0.08621210936456919,
      0.10267833115532994,
      0.08632258553057909,
      0.10018436973293622,
      0.10635438442618275,
      0.09370993082101146,
      0.08602141754080851,
      0.07817942194640637,
      0.09059981552263101,
      0.0856009254604578,
      0.08505724298457305,
      0.08574033611221239,
      0.07894831189264853,
      0.06267314767464996,
      0.06908131582041581,
      0.08674711849540472,
      0.06419334846238295,
      0.07745671800027291,
      0.07892684082190196,
      0.061796511449307825,
      0.05230063278228045,
      0.05435299713164568,
      0.05636153192569812,
      0.047387640917052824,
      0.04547695593908429,
      0.057448971507449945,
      0.042226603850722313,
      0.03609229447320104,
      0.038228241093456745,
      0.037875774366160235,
      0.035484779141843316,
      0.02733831388565401,
      0.02842652549346288,
      0.030245724531511465,
      0.02335493853936593,
      0.031444732261200745,
      0.019257776184628407,
      0.020889512517799934,
      0.020595115274190903,
      0.02084973731621479,
      0.018822858482599257,
      0.021680605746805668,
      0.018831243986884752,
      0.017599130057885,
      0.019810520683725675,
      0.017332736824949582,
      0.019204543493688105,
      0.019538916640061264,
      0.020633741461982328,
      0.01863158063031733,
      0.017159242319564026,
      0.01808186208208402,
      0.019814677039782205,
      0.020544235582153004,
      0.018928024905423325,
      0.02174449683477481,
      0.022208320212860903,
      0.014905889419217904,
      0.02173663057386875,
      0.014994274638593198,
      0.01106501708428065,
      0.018604094641050326,
      0.018645475221176943,
      0.012147838957607746,
      0.012680868444343407,
      0.01669796456893285,
      0.013364449868289134,
      0.012878172782560189,
      0.014390165408452352,
      0.010621078920861086
    ],
    "sla_URLLC": [
      0.2391133456925551,
      0.16278131164610385,
      0.4139791973431905,
      0.1651709235847617,
      0.16956023454704944,
      0.1742946794416639,
      0.26286450495322544,
      0.2538848421846827,
      0.18133624494851877,
      0.1808723223892351,
      0.23729565255343915,
      0.1920369547853867,
      0.28747544969121613,
      0.21956491437604805,
      0.2645349233473341,
      0.2999353654185931,
      0.33803959901134173,
      0.38492570956548056,
      0.34218202233314515,
      0.5553336364527544,
      0.37607390259703,
      0.36985749393701556,
      0.39527311840870727,
      0.46037861655155815,
      0.4640613940358162,
      0.5401755550007026,
      0.44763048355778057,
      0.5133489109079044,
      0.4710512026647727,
      0.3982994057734807,
      0.49930382281541824,
      0.45735062316060066,
      0.4943954107662042,
      0.530185288588206,
      0.5384606990218163,
      0.5326895886162917,
      0.6092822250227133,
      0.5699548332889874,
      0.6305535437663397,
      0.5758055368065834,
      0.6175334851940473,
      0.6467568598190944,
      0.5980402271946271,
      0.6285207681854565,
      0.6176435589790344,
      0.5964469804863135,
      0.641799336373806,
      0.611709404438734,
      0.6001951007544994,
      0.6094934823115666,
      0.6039062802493572,
      0.6034143015742301,
      0.5847692938148975,
      0.6270916438599428,
      0.603353629608949,
      0.7155435096224149,
      0.6122312916815281,
      0.6086379672090213,
      0.6008988700807094,
      0.59905258923769,
      0.638623381704092,
      0.6140336887041727,
      0.5919130968550841,
      0.6013124764959017,
      0.6203490057587624,
      0.6470189626018207,
      0.6386479045947393,
      0.6970648751159509,
      0.6639133643607299,
      0.597759301563104,
      0.6361297820011774,
      0.6350637808442116,
      0.9743881483872732,
      0.6850700051585833,
      0.723071183860302,
      0.6789624016483625,
      0.6032087281843026,
      0.6682091584801674,
      0.6589483470718066,
      0.7448486938079198
    ],