{
  "args": {
    "method": "nested",
    "drift": "multi",
    "n_agents": 3,
    "horizon": 150,
    "episodes": 80,
    "seed": 6,
    "hidden": 64,
    "ppo_epochs": 4,
    "lr_ippo": 0.0005,
    "severity": 1.5,
    "log_every": 80,
    "outdir": "results"
  },
  "metrics": {
    "episode_reward": [
      40.26498596353666,
      29.736095344295936,
      35.99158685759953,
      34.99113663010713,
      36.17749962779795,
      34.529656412411065,
      40.50821010097864,
      41.01072602718039,
      40.940705829486284,
      39.43408298277971,
      37.99028406285992,
      39.44461102024138,
      39.497103655131355,
      38.22783490036513,
      38.886004147637244,
      39.24240090875991,
      38.31456801845796,
      42.454201943096166,
      33.986052467177316,
      39.57451352123173,
      39.804752439094926,
      40.59785892563978,
      39.904478124653316,
      42.593920529178455,
      40.97304937810537,
      43.613681446636775,
      40.53095427221724,
      40.45763561133711,
      42.549594973069134,
      41.63809724580501,
      44.623228178804546,
      43.547558855161945,
      47.59829829840718,
      47.851697899535765,
      45.35859663645846,
      46.21858356655062,
      42.27312006534391,
      46.47713115958294,
      42.51233746692955,
      46.792745436872934,
      52.31390624191199,
      48.115893171024034,
      49.6894419040402,
      51.639609184178234,
      55.51728741220307,
      54.57229999612192,
      55.65569400278232,
      52.72555414299586,
      47.99760760139262,
      43.60105332326557,
      55.83056200462293,
      53.45821513492202,
      52.302140338718864,
      62.729093207543166,
      52.73939280365081,
      51.41598413404491,
      54.79928981906011,
      55.503502204703814,
      49.95914755565018,
      53.10323017247853,
      52.728632359765506,
      51.09390037055133,
      52.36066759129369,
      51.479255263321136,
      38.64056249668064,
      55.68256858655564,
      51.0512048233094,
      51.60191428816571,
      52.99738007332718,
      56.00472293870735,
      58.54214619309125,
      54.15630310688997,
      61.147211458927366,
      54.802550039005816,
      55.47953335404813,
      53.23933422532351,
      51.190248574006084,
      55.930472866756226,
      55.82625528422909,
      57.48359525580374
    ],
    "sla_eMBB": [
      0.15547932348524532,
      0.16992220784847936,
      0.16372768950959046,
      0.17436255897705755,
      0.4926237292960286,
      0.3500128973954512,
      0.17063323941702643,
      0.18111650470023355,
      0.16848635839298368,
      0.17652495990992367,
      0.1472552640674015,
      0.15766208520780006,
      0.1644201532502969,
      0.1612535407518347,
      0.16296761886527142,
      0.1619278688232104,
      0.1570235127148529,
      0.129701587241143,
      0.16863208827252188,
      0.16356876131147147,
      0.1668313058341543,
      0.1666381652529041,
      0.17787909594054024,
      0.2175953427205483,
      0.18966837629675865,
      0.16064379995067915,
      0.1872860333075126,
      0.17617902380724748,
      0.16983075835431616,
      0.18226365845650436,
      0.1845908080165585,
      0.20434748530387878,
      0.19555116081610321,
      0.15372555774947008,
      0.1700644520421823,
      0.17634953293949365,
      0.1787222092350324,
      0.16841554321348667,
      0.16923688614120086,
      0.16869714731971422,
      0.17743173152208327,
      0.19282634519661465,
      0.18203988047937553,
      0.18568674810851613,
      0.2028369057799379,
      0.1760836218794187,
      0.17974912973120807,
      0.18766155725965897,
      0.17782905571783583,
      0.15646419485410054,
      0.1706885805912316,
      0.15493952985232076,
      0.1385477171714107,
      0.2959110389401515,
      0.18013649325817824,
      0.16132101618374386,
      0.16558011393994093,
      0.16135299079120158,
      0.16263536445175608,
      0.16445081879695256,
      0.16352396699289481,
      0.1616493027843535,
      0.1590706008983155,
      0.17968540646135808,
      0.13867725967119138,
      0.18889622803777456,
      0.17200023412083587,
      0.17915557847047844,
      0.18329420608157912,
      0.17383586574345827,
      0.16666778222968182,
      0.1540329374372959,
      0.2102167071402073,
      0.15053266137838364,
      0.1592916466916601,
      0.16585353186974922,
      0.14777871946493784,
      0.15987291008234025,
      0.14514538271973532,
      0.15189092844103774
    ],
    "sla_URLLC": [
      0.49991988147298494,
      0.35764245404861866,
      0.46193477575977643,
      0.41803998964528244,
      0.2808348762989044,
      0.2875796513259411,
      0.49758589930832386,
      0.5070136712305248,
      0.5323731678724289,
      0.5078195071717103,
      0.4871117571244637,
      0.49219520536561806,
      0.5077119826773803,
      0.4888401896506548,
      0.495937788883845,
      0.5192743511497975,
      0.49658833543459574,
      0.8291259304682413,
      0.4725395489235719,
      0.5038803211351236,
      0.4954968577623367,
      0.5359966073433559,
      0.49163449987769126,
      0.534900893419981,
      0.5235279602309068,
      0.5565798494716485,
      0.5008682206769784,
      0.5116662817200025,
      0.5698538948595524,
      0.5199228883286318,
      0.5524770094950994,
      0.5424874700109164,
      0.5810397513707479,
      0.6159777091443539,
      0.6087919957439105,
      0.5969690578182538,
      0.5220604998370012,
      0.6028335781892141,
      0.5403803614278634,
      0.5814710729817549,
      0.7233714313308398,
      0.6476594003041586,
      0.6410283972819646,
      0.692552349170049,
      0.5967636407415072,
      0.6904971125721932,
      0.7125289440651734,
      0.6837939545512199,
      0.5816237199306488,
      0.6917643374204636,
      0.6920833190778891,
      0.7261815430720647,
      0.9547680099805196,
      0.6014302641153335,
      0.656900452276071,
      0.683831405142943,
      0.6864932116866111,
      0.7342657965421676,
      0.6305334213376045,
      0.7356837107737859,
      0.6716029180089632,
      0.6367097099622091,
      0.6667331619064013,
      0.6664658694465955,
      0.6823923676212629,
      0.7132565362254778,
      0.6938675227264564,
      0.6783240557710329,
      0.6899890320996444,
      0.7340995887915294,
      0.8031535985072454,
      0.7126515137155851,
      0.6208966318766276,
      0.7649173926313718,
      0.7197035126884779,
      0.6987542258699735,
      0.6792654970288277,
      0.7458432775735855,
      0.7900784754753113,
      0.7400824328263601
    ],