{
  "args": {
    "method": "nested_two_level",
    "drift": "multi",
    "n_agents": 3,
    "horizon": 150,
    "episodes": 80,
    "seed": 1,
    "hidden": 64,
    "ppo_epochs": 4,
    "lr_ippo": 0.0005,
    "severity": 1.5,
    "log_every": 80,
    "outdir": "results"
  },
  "metrics": {
    "episode_reward": [
      36.49672492773583,
      34.992716084130954,
      35.59423028149953,
      39.40903224810547,
      32.129488633702415,
      43.13711379750425,
      39.49496296093698,
      36.72631883837329,
      36.44081041078187,
      33.577616079658696,
      40.3018792468227,
      37.105419977340446,
      37.782316191163346,
      37.87460642738478,
      38.20859913171994,
      39.91197632971324,
      37.2523125016855,
      39.34116926567837,
      36.11583246352773,
      38.987502013540116,
      47.015084646124855,
      40.172454322460645,
      43.166064042535965,
      38.805636126992994,
      40.8000088973592,
      41.90626636789077,
      45.22741394560371,
      36.39173963196419,
      41.65653426899683,
      44.85480411604251,
      44.97480752861593,
      53.00324269889136,
      44.50700214214419,
      48.99592808181321,
      47.73360207707936,
      40.12737722829397,
      45.311290413658675,
      35.537821744837714,
      46.22882953811855,
      57.5183919273731,
      44.800540271918834,
      47.932218892499826,
      50.516192529805885,
      49.084695931151565,
      44.59964116644636,
      44.10809927508239,
      44.571728680986546,
      49.834685890831935,
      47.57957875714124,
      45.55716512435018,
      42.77325795406688,
      45.20143793626796,
      43.88323842568533,
      47.53080166627962,
      45.85699072178042,
      35.607246127538346,
      46.16022737475324,
      54.81762475630066,
      46.61741772799033,
      47.967627875527604,
      44.702908877469646,
      48.53032009891342,
      43.663275160350786,
      44.88267313647606,
      46.74417115410589,
      57.58698672484613,
      52.386783248227545,
      49.643430603357665,
      50.44379356037829,
      49.53298532166004,
      47.43403777133474,
      48.53922214984586,
      33.986425967142,
      47.90219737334803,
      46.919970065955546,
      57.48683633187583,
      53.51987982673782,
      49.05000031871415,
      50.20541496169241,
      50.42949305954911
    ],
    "sla_eMBB": [
      0.1689165044079224,
      0.16512145721664032,
      0.16072797136381267,
      0.15827470934639373,
      0.14351821701973677,
      0.1400949033598105,
      0.17783678878098727,
      0.15929903297374645,
      0.15206489783401292,
      0.1526999186600248,
      0.20120301213115455,
      0.15994614512349167,
      0.15005746367697914,
      0.1670137448484699,
      0.14643197686101,
      0.14788176509241263,
      0.15239975578462084,
      0.15650797098254163,
      0.15670188904429475,
      0.14399064073959986,
      0.19930988186349471,
      0.15380397918944558,
      0.1707903336485227,
      0.262032356976221,
      0.14955855020632347,
      0.1512771139976879,
      0.15235855277627708,
      0.17160285862783592,
      0.1476988611742854,
      0.12816072605550288,
      0.14855448074638844,
      0.20599500137070814,
      0.15683189140011866,
      0.13826027810573577,
      0.16476475144426028,
      0.2214509067994853,
      0.1570496179846426,
      0.1195683031094571,
      0.14415976428116362,
      0.16251357920467854,
      0.14431952522446712,
      0.14388603695978722,
      0.1716932514558236,
      0.18637817765275638,
      0.14463651647170384,
      0.14898092829311887,
      0.1497087259031832,
      0.16630290739238263,
      0.19537581443786622,
      0.1540916243630151,
      0.14053642484669884,
      0.1367672958225012,
      0.1422056808633109,
      0.10371744989727934,
      0.14497849362591902,
      0.09913759812091788,
      0.11905545507868132,
      0.12120300616913786,
      0.1331673018510143,
      0.13971155925343434,
      0.14034489606817563,
      0.1372684452496469,
      0.14103960962345202,
      0.1410045471973717,
      0.1428640229192873,
      0.136292653127263,
      0.15019298849627374,
      0.13633073007687926,
      0.14675287198275327,
      0.14179826160892844,
      0.14803033446893096,
      0.13608902820696434,
      0.10527126175661881,
      0.13072568886602917,
      0.12853939348831772,
      0.1610848447183768,
      0.13230790863434475,
      0.12131020688141386,
      0.12310259098807971,
      0.12616338993112247
    ],
    "sla_URLLC": [
      0.4347028958052397,
      0.44172791781524817,
      0.44907919185856976,
      0.49972464568912983,
      0.38662609641750656,
      0.8121773332357407,
      0.4379911185801029,
      0.4558752816418807,
      0.44786450400948524,
      0.42403857469558714,
      0.41867603237430256,
      0.46959475030501685,
      0.47578807776172954,
      0.46850385854641596,
      0.4808088068167369,
      0.4958918462693691,
      0.4584703220427036,
      0.48566816419363024,
      0.4578527568280697,
      0.4878595307469368,
      0.5090600715080897,
      0.4892491538822651,
      0.5538541383544604,
      0.33935127993424735,
      0.5376087479790052,
      0.522057927797238,
      0.5975027308364709,
      0.3504857015113036,
      0.5441336218019327,
      0.8693207283814748,
      0.6054623970389366,
      0.5478123650948207,
      0.584291492528282,
      0.6492215077082316,
      0.5279050254325072,
      0.3639614493648211,
      0.5996697924037775,
      0.64591307853659,
      0.5873409915467104,
      0.7451190580924352,
      0.5642576244473457,
      0.6164355997244517,
      0.5604915742079417,
      0.5322055960694949,
      0.5803917856514453,
      0.569057747622331,
      0.5494972308973471,
      0.5607640112936497,
      0.5203951241075992,
      0.5718275360266367,
      0.5836755479872227,
      0.5870253463089466,
      0.5973018433650334,
      0.9329303681850434,
      0.5884845704336961,
      0.9243187403678894,
      0.6130148187776406,
      0.7341354099909464,
      0.5862371209760507,
      0.6651982739567757,
      0.5911634912093481,
      0.6288903738061588,
      0.5501849828163783,
      0.5606059360007445,
      0.5858909880121549,
      0.7593354214231173,
      0.6655614932378133,
      0.6520675851901372,
      0.6470970910787582,
      0.630914473036925,
      0.6198832414547603,
      0.6563821625212828,
      0.6430430564284325,
      0.6330703840653101,
      0.6528052514294783,
      0.650605690429608,
      0.7019529633720716,
      0.66362642010053,
      0.6537795109053453,
      0.6370455960432688
    ],