{
  "args": {
    "method": "nested",
    "drift": "multi",
    "n_agents": 3,
    "horizon": 150,
    "episodes": 80,
    "seed": 0,
    "hidden": 64,
    "ppo_epochs": 4,
    "lr_ippo": 0.0005,
    "severity": 2.0,
    "log_every": 80,
    "outdir": "results"
  },
  "metrics": {
    "episode_reward": [
      34.204037401307794,
      30.613418954590145,
      35.00473998869873,
      34.948921268143586,
      35.095056162464154,
      36.201984337199896,
      33.78007453535167,
      32.366642248961675,
      35.08147710025727,
      40.428589501997685,
      35.63221693806765,
      37.93258418672617,
      35.31248891376891,
      34.48839407132732,
      38.71089989696114,
      37.733309030822575,
      38.081727906461396,
      32.482229146697655,
      47.93773400452397,
      40.59149695781786,
      40.209521661616066,
      40.216850352059645,
      39.75823155925092,
      39.52080625704383,
      40.61151496999793,
      33.7859574213003,
      49.70862163528805,
      42.242519541560775,
      41.141946053991255,
      41.200471695781566,
      40.78752958933929,
      40.811233181258025,
      43.090475394142175,
      44.78197893858371,
      40.83721438358637,
      30.793573325114437,
      41.27623381496718,
      44.314667702424856,
      45.52237393082016,
      41.16891592611662,
      45.17364626332289,
      43.03643904649136,
      47.05425305946007,
      46.27784539521155,
      47.47386743054505,
      48.6690744323449,
      47.09516454088607,
      47.297783370750665,
      57.148361036140095,
      43.06910167301279,
      45.87641328577366,
      45.733972104907856,
      45.25517720257244,
      38.889581583730056,
      45.82477932040476,
      48.772189063330494,
      46.14201319981368,
      52.562535826779055,
      56.35520758548136,
      49.08647979920111,
      53.45111511103399,
      46.83472867585308,
      49.533973635277846,
      53.6865887584889,
      51.375367671127144,
      52.05052646580672,
      50.9590042672586,
      51.454895083564885,
      50.41763644889002,
      46.97060959514544,
      50.13377175616724,
      48.48802325537226,
      53.24071695080239,
      50.26175059656773,
      51.765052738164904,
      52.54155335519468,
      53.55589689330926,
      51.450053696872516,
      51.082053634565796,
      53.61074890089742
    ],
    "sla_eMBB": [
      0.16006139849002163,
      0.15574503631020586,
      0.1569630024395883,
      0.1709143917945524,
      0.14960787935803335,
      0.15070461386814712,
      0.1590251907830437,
      0.16581419214606286,
      0.16905853221192957,
      0.16274717349559067,
      0.16600512553627292,
      0.14983111100271343,
      0.15055981550365685,
      0.1473566765524447,
      0.1486080830792586,
      0.14994161702071626,
      0.15782923023526868,
      0.15322389941041667,
      0.7375898390946289,
      0.1581841868534684,
      0.14581187616412838,
      0.15281598092367252,
      0.15165334809571504,
      0.2589372459426522,
      0.15264847797031203,
      0.10349802268358568,
      0.22420272621015708,
      0.1484295236878097,
      0.3773329861400028,
      0.15703357712055246,
      0.14436986717705924,
      0.31676644965074957,
      0.13949026849741736,
      0.15180812507867814,
      0.14429753023510178,
      0.1270830879236261,
      0.1479801885659496,
      0.16632534303391974,
      0.18105119215324522,
      0.1660726734250784,
      0.19166895631079872,
      0.19467032027120393,
      0.18983930349349976,
      0.1817508844534556,
      0.17707547978808483,
      0.18542276812717318,
      0.1586184661524991,
      0.17266213548680145,
      0.25282963300744693,
      0.30557969991117717,
      0.15839823242276907,
      0.14780673693865537,
      0.14192219146216908,
      0.15127170194561282,
      0.14819069462517898,
      0.15031428882076095,
      0.15158453597376745,
      0.11518407978117466,
      0.3083605292936166,
      0.18580109203855197,
      0.17596904483934245,
      0.15240313479987283,
      0.1631659756290416,
      0.13720223774512608,
      0.2124082235308985,
      0.1483647330539922,
      0.16072654676934084,
      0.13743550037344296,
      0.14179198648159702,
      0.2718812439652781,
      0.13697668871531885,
      0.24815535757690668,
      0.13111252065747978,
      0.13016070211927097,
      0.12351608912770946,
      0.11782375384122133,
      0.11460818238556385,
      0.12379989288126429,
      0.1627744083603223,
      0.12730611548448603
    ],
    "sla_URLLC": [
      0.4186692670981089,
      0.3753910935421785,
      0.41961125992238524,
      0.42381406188011167,
      0.44188139148056504,
      0.44069946405788263,
      0.4234820806235075,
      0.3703535380462805,
      0.43603183314204214,
      0.49905949535469213,
      0.43192809373140334,
      0.45078059951464333,
      0.41410930042465527,
      0.4125633664925893,
      0.48638000071048737,
      0.48624833474556606,
      0.47835731362303097,
      0.3169497022032738,
      0.3141426513840755,
      0.5131550901631514,
      0.5178143825133642,
      0.5101534081498782,
      0.504643191198508,
      0.34754358634352683,
      0.5174145462612311,
      0.9005602884292603,
      0.5159937017659346,
      0.5453680129349232,
      0.3420868055522442,
      0.5241871097187201,
      0.520764261384805,
      0.34563861603538193,
      0.554125926742951,
      0.5741974525153637,
      0.55416674370567,
      0.5435156889259816,
      0.5138660756250223,
      0.5507544814546903,
      0.5504389466842016,
      0.5202325439949831,
      0.527625845472018,
      0.4956809327999751,
      0.5436324746906758,
      0.5433232349157333,
      0.565013753225406,
      0.5744246491293112,
      0.5627532105644544,
      0.5419419998923938,
      0.5713309892018636,
      0.3706103566288948,
      0.6009252751866977,
      0.5779607273141543,
      0.5782948265473048,
      0.9488973406950633,
      0.571184522708257,
      0.6258383111159007,
      0.5666438373923302,
      0.9703861522674561,
      0.5456248646974564,
      0.5609620625774066,
      0.5654849217335383,
      0.559132519364357,
      0.5877778818209966,
      0.6834245515863101,
      0.5708766748507818,
      0.6454269874095917,
      0.6066000445683797,
      0.664294802347819,
      0.6182308149337769,
      0.3976939495404561,
      0.6383279340465864,
      0.41913227130969366,
      0.671522444486618,
      0.6192943061391513,
      0.6488304949800173,
      0.6828921043872833,
      0.6917725412050882,
      0.6403007085124651,
      0.578764213124911,
      0.6716034140189489
    ],