{
  "args": {
    "method": "nested",
    "drift": "multi",
    "n_agents": 3,
    "horizon": 150,
    "episodes": 80,
    "seed": 1,
    "hidden": 64,
    "ppo_epochs": 4,
    "lr_ippo": 0.0005,
    "severity": 1.5,
    "log_every": 80,
    "outdir": "results"
  },
  "metrics": {
    "episode_reward": [
      36.49672492773583,
      34.89195174843902,
      36.356427723231405,
      39.44619945652993,
      32.88905478413736,
      43.18868590535906,
      40.0160302097185,
      38.347031889849085,
      36.69997611900586,
      34.312848144448886,
      43.29666818508678,
      37.63795236814769,
      39.451886092623106,
      39.69840539035701,
      39.61217726783622,
      41.99093520982557,
      38.886563082163555,
      40.77928090352151,
      38.045366357225525,
      42.08531800229104,
      51.07455954628276,
      44.01521394372816,
      45.2830020961507,
      41.99214470837677,
      45.53451478257776,
      48.15381911744674,
      50.62940995647676,
      43.52758011178232,
      45.25270340703429,
      47.346782295778375,
      50.783641087884696,
      57.95915236461705,
      49.229681318294695,
      52.74226178657267,
      51.083195028329925,
      44.10780087570763,
      51.21885152639201,
      39.79937163649334,
      47.326948145921875,
      59.13663051316723,
      49.631182117760204,
      51.24374506846069,
      56.646907676694326,
      53.79706186857077,
      48.039978514818706,
      50.25281424071229,
      49.37901175109052,
      60.111585283941736,
      55.707964667367484,
      52.416520686778775,
      50.3077755490939,
      53.701311839785866,
      51.373838023448144,
      49.16398770291772,
      52.924217646465564,
      35.20523190520077,
      56.284741998774415,
      60.13557580665482,
      57.34592959431726,
      59.1040620152528,
      55.763072107121786,
      58.99684507907886,
      53.60974956583234,
      51.53279013377102,
      52.55928193966137,
      62.770490198541104,
      58.2733774156103,
      59.35630739370569,
      53.99880024850787,
      58.145490469079895,
      53.75112788770352,
      55.717938013064334,
      37.65170324991147,
      52.87011414878072,
      50.60273430241896,
      64.01444420785545,
      57.04020656815009,
      52.089052432816935,
      55.63886008904214,
      54.06297028408287
    ],
    "sla_eMBB": [
      0.1689165044079224,
      0.16526090561101833,
      0.16056908182178933,
      0.157254752330482,
      0.14139796434591215,
      0.1397890164454778,
      0.17630998466163875,
      0.15796313364058734,
      0.15216724939644335,
      0.15368830754732093,
      0.1975515218699972,
      0.1582996741744379,
      0.14782625321298837,
      0.16635897543281317,
      0.14666439102962614,
      0.14745505693679054,
      0.1526120910483102,
      0.15599173647662004,
      0.1477772213270267,
      0.1417312569792072,
      0.19389325299610694,
      0.15036232525482773,
      0.1696320819420119,
      0.19348371835425496,
      0.1441609681521853,
      0.14944704027846456,
      0.14330905712520084,
      0.1704625902759532,
      0.1320412216304491,
      0.11790941687300802,
      0.13574423691878715,
      0.1918258976439635,
      0.15309939472004772,
      0.13150785968328516,
      0.1535841658587257,
      0.1659350506278376,
      0.16025313183665277,
      0.11916184768080712,
      0.1329321535055836,
      0.1568699739128351,
      0.140695723152409,
      0.14480117208013932,
      0.17312815990298985,
      0.18534683542946975,
      0.14552871931344272,
      0.15286434415106973,
      0.1516475068964064,
      0.16720519584914048,
      0.17650532018393278,
      0.14716675297667584,
      0.13476947346081336,
      0.11857377404967943,
      0.12207776500533024,
      0.07888512296602129,
      0.1184093050720791,
      0.06996097903077801,
      0.09821037017429868,
      0.08958756081759929,
      0.0988526683828483,
      0.11125786161050201,
      0.10192894440144301,
      0.10622441340237856,
      0.11553898659845194,
      0.1153581405741473,
      0.1282846854751309,
      0.12153942534079154,
      0.1283388247465094,
      0.11584227601066231,
      0.1074822558214267,
      0.12689476591845353,
      0.12299741839369138,
      0.11638321656733751,
      0.09336211649080117,
      0.11446047193060319,
      0.09825347273300092,
      0.1285741933931907,
      0.1174806948689123,
      0.09949783047661186,
      0.12090630124633511,
      0.1182497624742488
    ],
    "sla_URLLC": [
      0.4347028958052397,
      0.44098717691997685,
      0.4620923062910636,
      0.4973206762472788,
      0.4044295730193456,
      0.816775432229042,
      0.4486491804321607,
      0.4837203532954057,
      0.4565338055044413,
      0.43252031137545904,
      0.45625221893191337,
      0.4818923114736875,
      0.5012467149396738,
      0.4973352796336015,
      0.5023808857798576,
      0.523734527528286,
      0.4820937540133794,
      0.5141821956634521,
      0.4855126564701398,
      0.5480045635501544,
      0.5496470691760381,
      0.5754296543697516,
      0.5851320161422093,
      0.38622593407829603,
      0.6386803731322288,
      0.6202684916555882,
      0.6763859759767851,
      0.4351606070995331,
      0.6223970328768095,
      0.9273083420594533,
      0.7157138015826543,
      0.5993072468042374,
      0.7070706194639206,
      0.7402226363619169,
      0.573829422990481,
      0.4337547550102075,
      0.6918940438826879,
      0.7090501020352046,
      0.6390773579478264,
      0.7690576310952505,
      0.6625751914580663,
      0.6788753019769986,
      0.6328820013006529,
      0.5945491533974806,
      0.6397272933522861,
      0.6912650430202484,
      0.6298688639700413,
      0.7006198705732822,
      0.6296797242263953,
      0.7420285739501318,
      0.7249934458732605,
      0.7420175490776698,
      0.7551350353161493,
      0.9775051629543304,
      0.7353341042002042,
      0.9627114017804463,
      0.7927514986197154,
      0.8261998301744461,
      0.7666665711005529,
      0.8159015885988872,
      0.769741726120313,
      0.8187390389045079,
      0.7412797828515371,
      0.7068107970555624,
      0.7073368964592616,
      0.855003226796786,
      0.7757394844293595,
      0.7951073177655538,
      0.7478387136260668,
      0.7707110580801964,
      0.7369655395547549,
      0.7905641315380733,
      0.7245104304949442,
      0.7553656500577927,
      0.7414182278513909,
      0.7414904139439265,
      0.7686698710918427,
      0.7338490917285283,
      0.7358185254534085,
      0.7172261888782183
    ],