{
  "args": {
    "method": "nested",
    "drift": "multi",
    "n_agents": 3,
    "horizon": 150,
    "episodes": 80,
    "seed": 2,
    "hidden": 64,
    "ppo_epochs": 4,
    "lr_ippo": 0.0005,
    "severity": 0.5,
    "log_every": 80,
    "outdir": "results"
  },
  "metrics": {
    "episode_reward": [
      33.621695951362035,
      38.68242459284763,
      42.40567708538535,
      45.699502103636036,
      43.90343265510163,
      46.99466045943166,
      41.90164535602349,
      43.35125078777266,
      54.5135486699641,
      39.09098920881127,
      52.44445698189213,
      50.905275170712024,
      54.282623621234166,
      46.26786400535039,
      49.40810676558825,
      43.11647435269551,
      47.75359944221049,
      47.559995775918175,
      48.62337428794968,
      62.95508832147143,
      50.15128125140652,
      51.51152176840438,
      69.79750904892057,
      50.8518612660985,
      39.78854574654251,
      55.84825849299216,
      47.96229581588671,
      50.476331758364616,
      48.19351963506392,
      56.214159687137645,
      62.933603528638685,
      64.9722834707445,
      65.37348754960631,
      58.93906236327151,
      64.80588609943584,
      59.46290771588685,
      56.84706322093391,
      65.24707744740364,
      61.33687371657129,
      64.20127663005971,
      67.9456502641862,
      75.29280384996805,
      54.03741919410725,
      58.39808173906059,
      44.46067632548509,
      62.85461727469749,
      59.03889852741529,
      62.96928990603322,
      61.124043471448964,
      66.72079574084948,
      59.60733393709588,
      65.18420810459389,
      61.06906757918703,
      67.88701948560775,
      66.6837787660874,
      69.44677268535729,
      74.29580352316718,
      53.999026161535745,
      70.8104444467773,
      67.28216987680644,
      67.50082946163086,
      72.93354636712208,
      57.20269584939299,
      70.89134939205319,
      66.71788897723377,
      72.6005013423662,
      83.0672071993972,
      73.10516814904086,
      72.10888773709952,
      73.31215165567899,
      44.76985467624744,
      62.3336706499259,
      69.57640703979678,
      66.05641307582464,
      71.3938350208932,
      72.9311271435116,
      69.87745872340683,
      65.80810874203841,
      41.29878457488698,
      71.56019477633146
    ],
    "sla_eMBB": [
      0.1512339071929455,
      0.15385424132381256,
      0.16911033906042575,
      0.15461807789901894,
      0.16418031213184198,
      0.16433415482441585,
      0.1540680333971977,
      0.18338631759087246,
      0.1854593658943971,
      0.15232747682680686,
      0.18396507378667593,
      0.1696245477348566,
      0.16799814632783333,
      0.15913240206738313,
      0.1852773208419482,
      0.17598365395019452,
      0.16344082582741976,
      0.1741227893034617,
      0.19431842256337403,
      0.22470815055072307,
      0.17435998464624086,
      0.18873235600690047,
      0.19690846708913645,
      0.17337781190872192,
      0.15741419839362303,
      0.20511913468440374,
      0.1559542982156078,
      0.16964459334189694,
      0.15878509159510334,
      0.1777153102432688,
      0.17012921584149202,
      0.22272064081703624,
      0.17712063795576494,
      0.20645062668869893,
      0.17913088897864024,
      0.20941389282544454,
      0.19327688171217838,
      0.18291255385925373,
      0.1890566911796729,
      0.19517773867895205,
      0.1820820608238379,
      0.20689631464580696,
      0.17424292863657076,
      0.21869809238861004,
      0.19188147113968929,
      0.19597242843359708,
      0.2021063696841399,
      0.18188641984015702,
      0.19744257239003976,
      0.18976533404241006,
      0.17736597133179505,
      0.19256642108162245,
      0.20270250793546438,
      0.20773338984698056,
      0.1880350710079074,
      0.19832117321590584,
      0.21106856038173039,
      0.1731829069306453,
      0.18920850941290457,
      0.20688757366190355,
      0.1964186866953969,
      0.208661936968565,
      0.17356253128498791,
      0.2092460844789942,
      0.1869100752969583,
      0.18307769669840734,
      0.1934432198231419,
      0.21574959533909957,
      0.17674556152274212,
      0.19621838270376127,
      0.19140473566949368,
      0.179232836663723,
      0.19618602469563484,
      0.19653671811024348,
      0.18962922029197216,
      0.19465636000037193,
      0.216429642016689,
      0.1951334715510408,
      0.14085616840049625,
      0.194340746452411
    ],
    "sla_URLLC": [
      0.4101765886383752,
      0.45141783530513446,
      0.4789701489607493,
      0.5741829393804073,
      0.5076165057842931,
      0.6030412895977497,
      0.5363700827956199,
      0.5636928653717042,
      0.5641267924507459,
      0.5369907356798649,
      0.6641513169308504,
      0.6273990321531892,
      0.6837983210881551,
      0.8430637609958649,
      0.6582869294285775,
      0.5199841152131558,
      0.5823750302692254,
      0.6901608058810234,
      0.5278035762409369,
      0.6354432703057925,
      0.6613649751245976,
      0.6570367231965065,
      0.7104241935412089,
      0.6240027594566345,
      0.9359369965394339,
      0.785373674929142,
      0.9065900516510009,
      0.684587752421697,
      0.6933691950639089,
      0.8007128304243087,
      0.8654516232013703,
      0.7204562505086263,
      0.905624095996221,
      0.7258328916629155,
      0.8963913234074911,
      0.7656757950782775,
      0.7841998405257861,
      0.8437818749745687,
      0.7897701462109884,
      0.8703274059295655,
      0.8878602669636408,
      0.8679386440912883,
      0.971526472568512,
      0.7854440075159073,
      0.951611266930898,
      0.7811011652151744,
      0.6946520099043846,
      0.7802862107753754,
      0.8272686082124711,
      0.8907982420921325,
      0.897570192416509,
      0.8186604358752568,
      0.792449349562327,
      0.8527614591519038,
      0.9019359680016835,
      0.8632425399621327,
      0.9577723773320516,
      0.9814786982536315,
      0.9499729947249095,
      0.8395614180962244,
      0.8953481237093608,
      0.9437587606906891,
      0.7501702857017517,
      0.8401358107725779,
      0.8765755679210027,
      0.9778097422917684,
      0.9605127954483033,
      0.9438931957880656,
      0.9544902539253235,
      0.961703155040741,
      0.9786053057511648,
      0.8567337983846665,
      0.9222923032442729,
      0.8889651771386464,
      0.9682062713305155,
      0.9695182565848033,
      0.9202707429726918,
      0.8467178803682327,
      0.9690052219231924,
      0.9371899533271789
    ],