{
  "args": {
    "method": "nested",
    "drift": "multi",
    "n_agents": 3,
    "n_slices": 3,
    "horizon": 150,
    "episodes": 80,
    "seed": 8,
    "hidden": 64,
    "ppo_epochs": 4,
    "lr_ippo": 0.0005,
    "severity": 0.5,
    "log_every": 80,
    "outdir": "results"
  },
  "metrics": {
    "episode_reward": [
      33.97111039298276,
      48.82375871390104,
      40.673249524086714,
      35.74134667714437,
      34.68333058183392,
      42.628608168413244,
      48.40788909358283,
      42.729819514478244,
      44.19653073139489,
      39.891291154548526,
      51.99796267474691,
      42.84153290900091,
      44.2966931151847,
      47.11036994370321,
      53.22924658469856,
      44.5623984268556,
      49.03778846065203,
      61.91769228130579,
      49.23346804330746,
      64.3451758051912,
      38.84153220926722,
      52.59820812071363,
      54.41725444731613,
      44.58174795160691,
      54.294014781092606,
      55.28920193016529,
      51.206554466858506,
      44.61900751913587,
      52.96629123017192,
      61.41204464187225,
      46.555544232949615,
      52.402813332776226,
      53.77372283488512,
      52.298269740616284,
      44.09389933757484,
      58.29250978305936,
      48.875164092207946,
      56.17341354737679,
      49.937800876796246,
      61.555734953532614,
      58.62586775794625,
      55.34880123535792,
      58.822196278721094,
      51.21838875487447,
      54.521169662475586,
      55.2876321276029,
      58.93844562520584,
      54.03379619245728,
      58.13923352956772,
      53.508563888569675,
      58.95958171536525,
      52.9566165531675,
      56.438655541588865,
      47.7508259875079,
      60.131498735398054,
      64.06838254009683,
      60.736777514219284,
      57.34011016537746,
      58.8001410998404,
      50.3546187132597,
      59.16778474673629,
      64.46166964371999,
      63.09944769367576,
      60.08612489079436,
      60.581211348995566,
      58.26454457889,
      63.266724502046905,
      57.76114791383346,
      62.63080499569575,
      63.36309760933121,
      58.125617280602455,
      64.79344452296694,
      61.6050221050779,
      63.34684163207809,
      64.96691659837961,
      61.633104560275875,
      64.00286761919658,
      64.07941108196974,
      63.33809085687002,
      56.099509031822286
    ],
    "sla_eMBB": [
      0.16137138120830058,
      0.15655774395912886,
      0.17123005462189517,
      0.18846683751791715,
      0.1621419351299604,
      0.19027565178771813,
      0.1522806331142783,
      0.1752748229727149,
      0.16316986162215472,
      0.1572234301517407,
      0.17912465542554856,
      0.16347600379337868,
      0.1516805933912595,
      0.17484079151103893,
      0.16545281807581583,
      0.181248050617675,
      0.17279673150430122,
      0.17005587556709845,
      0.17721148560444513,
      0.1447413936505715,
      0.15518844770888487,
      0.19880032521982988,
      0.22511726172020038,
      0.20039542635281882,
      0.2141651563346386,
      0.22768270932137966,
      0.19395069018006325,
      0.20233873332540195,
      0.20707260693113008,
      0.1799947329983115,
      0.20532314134140808,
      0.2050303924207886,
      0.21450758147984744,
      0.2275957840681076,
      0.23287947823603947,
      0.19473214094837507,
      0.21090548870464165,
      0.23905587439735732,
      0.2692724415411552,
      0.20454041967789333,
      0.2467247172817588,
      0.22247077646354835,
      0.23478500545024872,
      0.22281438566744327,
      0.26095688611268997,
      0.21070880862573782,
      0.22730844023327032,
      0.2334732449799776,
      0.24447882893184822,
      0.22609134423236052,
      0.22568707009156544,
      0.25486469998955724,
      0.2044575408597787,
      0.21173250744740169,
      0.24203580078979334,
      0.2537827419241269,
      0.24817194297909737,
      0.22278118535876273,
      0.2340461900085211,
      0.23235827858249347,
      0.21310504938165348,
      0.21438290213545164,
      0.23488963256279627,
      0.22480475428203742,
      0.2018051315099001,
      0.21601351117094358,
      0.2158680980404218,
      0.21494839490701756,
      0.20491643798847994,
      0.2266726792231202,
      0.21653587197264035,
      0.20134061319132646,
      0.19974158838391304,
      0.19168436986704668,
      0.19722990098098914,
      0.18255564237634342,
      0.18994003891944886,
      0.19473311079045136,
      0.18382524865369002,
      0.1764151085416476
    ],
    "sla_URLLC": [
      0.3763972577949365,
      0.6458796891570091,
      0.4718276154746612,
      0.4032191952566306,
      0.4208716814716657,
      0.36924000156422454,
      0.650855344136556,
      0.5760715405642987,
      0.5356094914178053,
      0.6705657482147217,
      0.5613913096487522,
      0.5242042136192322,
      0.7977019308010737,
      0.6099440888067087,
      0.7291275551915168,
      0.618410772283872,
      0.6523906488219897,
      0.8145491039256255,
      0.6454414182901382,
      0.8846338309844335,
      0.9089028958479564,
      0.5663264992460608,
      0.6269116759300232,
      0.5445140405495962,
      0.46381526013215385,
      0.660259485244751,
      0.6165642290314038,
      0.5320483728249867,
      0.6173496647675832,
      0.790997166633606,
      0.4754735244313876,
      0.6170287293195724,
      0.644065629641215,
      0.5897384819885095,
      0.46798987324039143,
      0.6782392994562785,
      0.5682714541753133,
      0.6396081634362538,
      0.49793144832054775,
      0.7116342333952586,
      0.6736797495683035,
      0.611294593612353,
      0.6750043358405431,
      0.5584879473845163,
      0.610144612689813,
      0.8251635479927063,
      0.7076139098405838,
      0.608089390595754,
      0.6427479219436646,
      0.5962270681063334,
      0.6748349644740422,
      0.5446297419071198,
      0.6617224353551865,
      0.5336081008116405,
      0.7124318486452103,
      0.7080717235803604,
      0.6799030689398448,
      0.6829258108139038,
      0.6672065784533818,
      0.5354292217890422,
      0.6750273372729619,
      0.7551555726925532,
      0.671690806945165,
      0.6961250352859497,
      0.7642261890570322,
      0.7033434700965882,
      0.7679365356763204,
      0.728775155544281,
      0.7944896852970124,
      0.7682663549979528,
      0.7375185531377793,
      0.8120838650067648,
      0.7592338764667511,
      0.7872401936848958,
      0.8090265146891276,
      0.772634096344312,
      0.7969370396931966,
      0.7792413870493571,
      0.780532853603363,
      0.8302377323309581
    ],