{
  "args": {
    "method": "nested_no_timescale",
    "drift": "multi",
    "n_agents": 3,
    "horizon": 150,
    "episodes": 80,
    "seed": 3,
    "hidden": 64,
    "ppo_epochs": 4,
    "lr_ippo": 0.0005,
    "severity": 1.5,
    "log_every": 80,
    "outdir": "results"
  },
  "metrics": {
    "episode_reward": [
      33.26200829537379,
      37.63727406307587,
      33.189989704783606,
      35.428566581673124,
      35.05688092894852,
      34.01959701223922,
      33.28574204908478,
      34.696955753738685,
      32.933144999005755,
      35.033824140755705,
      40.80409998587954,
      39.2937698932054,
      38.80398398141066,
      38.13531619699464,
      38.74752952376794,
      39.555989208569144,
      39.716923431886585,
      37.32447200245742,
      39.55241034908429,
      40.73330104735992,
      41.45406486985999,
      41.625214018755464,
      40.76566614612111,
      41.07827140362419,
      37.85503708018871,
      39.32693029722819,
      45.377336352566864,
      42.20646108678647,
      37.191661314231666,
      38.40801510738416,
      43.17193116655371,
      39.200071933865566,
      33.96745957992968,
      43.81242017574198,
      41.71107580978421,
      42.66361634604013,
      43.316353884908494,
      44.785463844943415,
      47.72126156466292,
      42.66896623637944,
      48.19207086482396,
      47.360604474507284,
      43.039225963606604,
      41.3915509773936,
      37.24757832715081,
      42.966936959264196,
      43.8653458162392,
      43.58816831171928,
      40.26609345624845,
      43.806300588490274,
      46.34304026986164,
      47.10836356921743,
      43.78448055732169,
      46.43189222953388,
      47.242519708650406,
      48.60237136249331,
      50.2585625509628,
      42.29613527155662,
      45.574362805609915,
      49.37174402694737,
      37.50901939485015,
      47.46036559374386,
      48.34624488061917,
      44.81259151759247,
      46.04157641192693,
      47.33811694768571,
      45.374069403194746,
      47.50966772524023,
      48.31957344772917,
      59.62658558897681,
      49.12490054874022,
      47.51828982780381,
      49.25229111810526,
      46.00765719090901,
      49.341508166616194,
      51.82736409705962,
      48.47857398437336,
      48.05982204253476,
      47.06827981318867,
      56.94843201746958
    ],
    "sla_eMBB": [
      0.1599993810678522,
      0.45582271222646037,
      0.15760542217642068,
      0.19276323777313034,
      0.29738679332037765,
      0.16405280915399392,
      0.1612954817091425,
      0.17768889426564177,
      0.16965970469017824,
      0.1589333611788849,
      0.19137345682519177,
      0.16856659920265277,
      0.1658309415479501,
      0.16765053206433853,
      0.13235529333973925,
      0.17218222891290982,
      0.1526532103555898,
      0.15542205539842446,
      0.17656728073954583,
      0.16105485860879223,
      0.1661543752811849,
      0.15931896607081095,
      0.1995555580407381,
      0.15678510622742275,
      0.18121187794953586,
      0.16371529519557954,
      0.5991917188403507,
      0.18423067616919678,
      0.16844986749192079,
      0.17871631231158971,
      0.1728437055212756,
      0.1686037216397623,
      0.11809787627930443,
      0.20528243146836758,
      0.2838625220581889,
      0.1788946380528311,
      0.17756236578648288,
      0.18924159263571103,
      0.22229219362139702,
      0.17347235647340617,
      0.16660191190739473,
      0.181051746973147,
      0.18038756482924023,
      0.17034893467401466,
      0.153116438947618,
      0.17724995779494446,
      0.17900100126241644,
      0.16748425980408987,
      0.17543369802335898,
      0.17647204934308927,
      0.16797376491129398,
      0.19355023913085462,
      0.22192906365419426,
      0.1711018082747857,
      0.19736118448277315,
      0.17674792753532528,
      0.19729812843104202,
      0.1872802688802282,
      0.18496174398809673,
      0.1957145348067085,
      0.12193014960115155,
      0.1827246418967843,
      0.1765609339500467,
      0.17232812135169903,
      0.1893037811977168,
      0.1904721456269423,
      0.17786261154959598,
      0.19232173354675372,
      0.21226193980624278,
      0.30287108118335404,
      0.18957713587209582,
      0.20526894549528757,
      0.21690213785817225,
      0.2272525134558479,
      0.20338022124022245,
      0.22931899844358364,
      0.20046979268391926,
      0.20557797146340212,
      0.2008893876026074,
      0.21292789779603483
    ],
    "sla_URLLC": [
      0.3992625678082307,
      0.2868739766130845,
      0.40381828635931016,
      0.4088329918682575,
      0.28975472583125034,
      0.4183333651473125,
      0.3974659813940525,
      0.433430537879467,
      0.3988242369766037,
      0.44558411454161007,
      0.49296346127986906,
      0.4772197284301122,
      0.47305831159154577,
      0.46597086598475773,
      0.7300160600741704,
      0.48497595558563866,
      0.487512957106034,
      0.48145419130722683,
      0.4978963987529278,
      0.5214922931293646,
      0.5131170737743378,
      0.7732382128636043,
      0.4369017934799194,
      0.5139879717429479,
      0.47036905492345493,
      0.465410853077968,
      0.32901485785841944,
      0.5090686830878258,
      0.46608806694547333,
      0.45055868695179624,
      0.5266953878104687,
      0.48489128400882087,
      0.8733979944388072,
      0.4761349384486675,
      0.3553507548570633,
      0.5073527610301971,
      0.5295825996498267,
      0.5480916793396076,
      0.5139862262209256,
      0.5311489200095335,
      0.8946832338968913,
      0.5883455468714237,
      0.5128845562537511,
      0.501565645535787,
      0.5893707420428594,
      0.5103193791955709,
      0.5362076337635517,
      0.5321386451025804,
      0.48346926455696426,
      0.5476866509020328,
      0.5634143713116646,
      0.5673087106148402,
      0.559663519859314,
      0.6018582514425119,
      0.5729528445005417,
      0.5930847181876501,
      0.6033911959826946,
      0.5078684393068155,
      0.5621953018506368,
      0.6130024323860804,
      0.9511320328712464,
      0.5896499617894491,
      0.6420393298566341,
      0.5575154603024324,
      0.5696091713011264,
      0.5928395037353039,
      0.558942584892114,
      0.6039392423133055,
      0.5994554839531581,
      0.5780854852994283,
      0.6005175211032232,
      0.5587978517015775,
      0.5714253186186155,
      0.5156135526796182,
      0.5645115112264951,
      0.5882681497434775,
      0.5522295973201593,
      0.5452114035685857,
      0.5219176097710927,
      0.6806417336066564
    ],