{
  "args": {
    "method": "nested",
    "drift": "multi",
    "n_agents": 3,
    "n_slices": 3,
    "horizon": 150,
    "episodes": 80,
    "seed": 5,
    "hidden": 64,
    "ppo_epochs": 4,
    "lr_ippo": 0.0005,
    "severity": 0.5,
    "log_every": 80,
    "outdir": "results"
  },
  "metrics": {
    "episode_reward": [
      38.57368306505183,
      33.22957070668539,
      47.61915881869694,
      41.81046682720383,
      38.932946644723415,
      46.788794877007604,
      44.723296696320176,
      47.248349357396364,
      49.61767546273768,
      47.18205404964586,
      48.07672220406433,
      54.93265043695768,
      52.508374816427626,
      65.67167190586527,
      52.79417642951012,
      51.259846575558186,
      52.88476412370801,
      50.616259613384806,
      54.47425278772911,
      55.483250226204596,
      56.246527974804245,
      59.32638247311115,
      51.16545725055039,
      56.63922832285365,
      55.25524344543616,
      52.0362671588858,
      64.33979198212425,
      66.97534416491787,
      65.60027968138456,
      56.20923424139619,
      64.57054941604535,
      68.34597989295919,
      58.86860444024205,
      64.47163139780362,
      53.08710661530495,
      63.33250090479851,
      56.486657770350575,
      50.86527452617884,
      58.377916057904564,
      66.59233631193638,
      62.13216473534703,
      67.39898155505459,
      67.73315397898357,
      35.84825194937488,
      67.0872456630071,
      63.44659462322792,
      70.5414477661252,
      61.70858106389642,
      63.890903398394585,
      75.33133157901466,
      62.782175374527775,
      63.10648479685187,
      68.04064547394712,
      63.34559599682689,
      70.09978805854917,
      39.849433820694685,
      64.66735039030512,
      63.54070384055376,
      66.80564556767543,
      64.83948753898342,
      67.66115044429898,
      59.71588450173537,
      61.39085086186727,
      67.52754470830162,
      68.68062477558851,
      66.13974289720257,
      87.81029381230474,
      54.946501729389034,
      60.43444789821903,
      66.4029992185533,
      79.02043731758992,
      70.83453852683306,
      61.34761438642939,
      70.47193960100412,
      66.02451456089814,
      56.62994096055627,
      69.88805613170068,
      72.77523945768674,
      66.93407132104039,
      64.32374111004174
    ],
    "sla_eMBB": [
      0.18586775586009024,
      0.1430056902579963,
      0.17045024659484626,
      0.16744524913529554,
      0.1691204662869374,
      0.1578291833649079,
      0.16278433825820685,
      0.17831431252261004,
      0.1829259244352579,
      0.15353806489457686,
      0.16674076768259208,
      0.1558912831544876,
      0.15341499379525583,
      0.17190613323201737,
      0.15655772278706231,
      0.18265803441405296,
      0.16565490094323954,
      0.1476839267835021,
      0.18769109168710807,
      0.1680505145465334,
      0.16514353604366383,
      0.15382887981832027,
      0.16498364028831322,
      0.13815456621348857,
      0.1459801727362598,
      0.13330098894735176,
      0.14987164684881768,
      0.13914473010847966,
      0.15157225981354713,
      0.15573982520649832,
      0.13573183140407005,
      0.16983491115272045,
      0.13655741029729446,
      0.15426330781231323,
      0.13155871767550706,
      0.13980478695283333,
      0.12925436158974965,
      0.118813925764213,
      0.13224216938018798,
      0.14492766602585713,
      0.1362033989901344,
      0.13383803530285757,
      0.14904165765891472,
      0.135146327453355,
      0.16147793745001157,
      0.16229193930824598,
      0.18940100276221833,
      0.16292071217050155,
      0.17636886763075987,
      0.17243238108853498,
      0.18947631013890107,
      0.167339523161451,
      0.16291012125710647,
      0.16498567300538222,
      0.1864636391028762,
      0.12208449912567933,
      0.15867645550519227,
      0.1410777352626125,
      0.1371104557563861,
      0.1290289146825671,
      0.1387738360092044,
      0.13546536400914191,
      0.1455599485213558,
      0.14156413745135069,
      0.1534944874420762,
      0.14664191817243893,
      0.1506276608010133,
      0.11923203356564045,
      0.13405116848647594,
      0.12839257241692395,
      0.13027366054554781,
      0.1272046688819925,
      0.1382781398917238,
      0.14171383554736774,
      0.15724844310432673,
      0.11854069411754609,
      0.17294186765948932,
      0.17992905996739864,
      0.1745775359372298,
      0.18305618504683177
    ],
    "sla_URLLC": [
      0.39338294580578803,
      0.4006667927404245,
      0.5907676164309184,
      0.4932947024703026,
      0.46504085426529246,
      0.5894070831437905,
      0.5799936971068382,
      0.6009710794687271,
      0.6451230164368947,
      0.5981724550823371,
      0.558039086535573,
      0.7354749162991842,
      0.7212394901116689,
      0.6536234275499979,
      0.6173080976804097,
      0.5454302705824375,
      0.7423083608349165,
      0.7056349045038224,
      0.7161305354038874,
      0.7655590589841207,
      0.7789103313287099,
      0.8344337648153305,
      0.7275817128022511,
      0.750030614733696,
      0.7133186407883962,
      0.7344484389821688,
      0.8667672542730968,
      0.9353327242533366,
      0.9007146048545838,
      0.7968221299846967,
      0.9075479324658712,
      0.9014235492547353,
      0.8426648883024851,
      0.8840528825918833,
      0.7744353262583414,
      0.8715438734491666,
      0.7948899002869924,
      0.8848621610800426,
      0.8402065080404282,
      0.926510214805603,
      0.904205704331398,
      0.9412244109312693,
      0.9150871127843857,
      0.82812162677447,
      0.8768857312202454,
      0.6773073766628901,
      0.9301012241840363,
      0.857742097179095,
      0.8491736410061518,
      0.7618374073505402,
      0.8040415438016256,
      0.8484753064314524,
      0.935083391269048,
      0.8494525436560313,
      0.930073634783427,
      0.9743656873703003,
      0.8835288453102111,
      0.8723494676748912,
      0.9068623610337575,
      0.9132220554351806,
      0.8966622312863668,
      0.8206983077526092,
      0.8044106296698252,
      0.9102347906430562,
      0.930945611000061,
      0.8747845840454102,
      0.8541914705435435,
      0.935280081431071,
      0.8567465303341547,
      0.9118863391876221,
      0.8371860543886821,
      0.9787501347064972,
      0.8746401609977087,
      0.9717424412568411,
      0.8840222080548604,
      0.9499771122137706,
      0.9481860156853994,
      0.8280172832806905,
      0.8870822318394979,
      0.8569174496332804
    ],