{
  "args": {
    "method": "nested",
    "drift": "multi",
    "n_agents": 10,
    "n_slices": 3,
    "horizon": 150,
    "episodes": 80,
    "seed": 0,
    "hidden": 64,
    "ppo_epochs": 4,
    "lr_ippo": 0.0005,
    "severity": 1.5,
    "log_every": 80,
    "outdir": "results"
  },
  "metrics": {
    "episode_reward": [
      35.99944347068667,
      36.74337920006364,
      36.84654219392687,
      36.56989792957902,
      37.3407949918881,
      35.76746308207512,
      36.0397318219766,
      36.071168159134686,
      41.9970019467175,
      40.89463621173054,
      37.45334462635219,
      37.8785041987896,
      36.70041228253395,
      38.33129411805421,
      39.83445958308876,
      38.33098358530551,
      41.02201228346676,
      33.91754904668778,
      47.02124975286424,
      42.03078807778657,
      42.46997742503881,
      41.601673933491114,
      40.77683787494898,
      41.120420389436184,
      43.53178593181074,
      35.494276826456186,
      50.760390787944196,
      41.38721744921058,
      43.034170298092064,
      44.87364811468869,
      45.68445187341422,
      42.327425490878525,
      46.30563950501382,
      46.52670986838639,
      44.09690555408597,
      33.49387154057622,
      45.93919059000909,
      46.980471747368576,
      51.73588253203779,
      46.94798629134893,
      47.42347165402025,
      48.54723407458514,
      50.81401124484837,
      49.24537890199572,
      50.32255793064833,
      50.43458874598146,
      50.7498251946643,
      51.05182780455798,
      59.72699926011264,
      47.42033823709935,
      51.415014795958996,
      50.82973557524383,
      49.45000331439078,
      42.48449376374483,
      52.47262919731438,
      53.78442995976657,
      51.035951545648274,
      54.132370400056246,
      62.4105427056551,
      53.853640975244346,
      57.29080479554832,
      51.49365224204958,
      50.38785033207387,
      54.112883927486834,
      53.34394816160202,
      52.046375665441154,
      54.441991754435,
      53.16243546679616,
      51.47005104869604,
      50.56187153719365,
      51.30081024933607,
      51.190616241656244,
      58.56780966185033,
      52.3033136067912,
      53.766416497714815,
      55.65753708519041,
      55.48835155405104,
      52.1877851255238,
      54.035420287027954,
      54.39450005106628
    ],
    "sla_eMBB": [
      0.16974807237585385,
      0.16785434424877166,
      0.17605195862551531,
      0.19595697117348512,
      0.16317748441671331,
      0.16514689958343903,
      0.15949717812240125,
      0.16309735478212437,
      0.16669782653450965,
      0.19006757883975903,
      0.16592117795720696,
      0.1689548810571432,
      0.14999105551590522,
      0.1583949367205302,
      0.17432059081892173,
      0.16015601887057224,
      0.16602441074947516,
      0.1775079133734107,
      0.6318079974750678,
      0.18637290192147096,
      0.15534190397709607,
      0.16481106529633205,
      0.15859859619289637,
      0.2901876374334097,
      0.1630383173376322,
      0.11245095348606507,
      0.22532119375964005,
      0.16637316675235828,
      0.34641691571722427,
      0.171406086285909,
      0.159719228943189,
      0.23692388257632652,
      0.1633067935332656,
      0.1904221849143505,
      0.16288457808395226,
      0.1372062109907468,
      0.16264706769337256,
      0.17311407193541528,
      0.18194204289466143,
      0.1737208997954925,
      0.19037004853288333,
      0.18209678965310255,
      0.18300382271409035,
      0.18176191195845603,
      0.1806323041021824,
      0.1683149218559265,
      0.16954860503474872,
      0.17236743425329526,
      0.24725290050109228,
      0.28765088933209576,
      0.17587085083127021,
      0.1766572105139494,
      0.17477905894319215,
      0.16649255866805712,
      0.20232355882724126,
      0.17708510341743627,
      0.1718589212745428,
      0.13550003986805678,
      0.25082469478249547,
      0.1857796823978424,
      0.19812689209977785,
      0.1756031555434068,
      0.17944813057780265,
      0.16815808032949767,
      0.18907114359239738,
      0.173018872042497,
      0.17593002811074257,
      0.17730540916323662,
      0.1776514650384585,
      0.3099579380452633,
      0.17533703620235125,
      0.35056471151610213,
      0.1749019767343998,
      0.1796420853336652,
      0.18628401430944602,
      0.17494059016307195,
      0.181641871308287,
      0.17270445965230466,
      0.21361439642806848,
      0.17153575710952282
    ],
    "sla_URLLC": [
      0.4319027443478505,
      0.45210544131696223,
      0.44607316503922145,
      0.42942750414212544,
      0.4694156382481257,
      0.4441581512490908,
      0.4680742237965266,
      0.4456113287806511,
      0.5276928701003393,
      0.4864559762676557,
      0.4618315030137698,
      0.4548573370774587,
      0.44648554901281995,
      0.49963911056518556,
      0.48308496038119,
      0.4887291421492895,
      0.5060362728436788,
      0.3337063612540563,
      0.32165558069944383,
      0.5065740399559339,
      0.5492406133313974,
      0.5094673572977384,
      0.5156673708558083,
      0.3543685665726662,
      0.5325420929988225,
      0.9059512945016225,
      0.5320441086093585,
      0.5030622588594754,
      0.36161715030670166,
      0.5424666204055151,
      0.5600562758247057,
      0.3762384228905042,
      0.6058112003405889,
      0.5546029955148697,
      0.5478206024567286,
      0.5654814013838768,
      0.563619910478592,
      0.5721977213025093,
      0.6130246226986249,
      0.5719033735990524,
      0.5744472302993139,
      0.5997797242800395,
      0.6222013625502586,
      0.6282796170314153,
      0.605380489428838,
      0.6314360471566518,
      0.6452072242895762,
      0.6112689731518427,
      0.5974189728498459,
      0.4105854632457097,
      0.6758724131186803,
      0.6192165462176005,
      0.5907378290096919,
      0.9555660287539164,
      0.6163047750790914,
      0.673774993220965,
      0.6250617674986522,
      0.9798041792710622,
      0.6149372013409933,
      0.6776150093475978,
      0.6158480376005173,
      0.6247159761190414,
      0.6026607966423034,
      0.644878535469373,
      0.6554249012470246,
      0.6298074187835058,
      0.6464380877216657,
      0.6784531644980113,
      0.6047188101212183,
      0.42184432546297707,
      0.6194488898913065,
      0.4243833881616592,
      0.7218946238358815,
      0.6267153598864873,
      0.6366993808746337,
      0.71226596057415,
      0.6895764084657033,
      0.6163831092913945,
      0.6068817538022995,
      0.6633865892887115
    ],