{
  "args": {
    "method": "nested_no_ema",
    "drift": "multi",
    "n_agents": 3,
    "horizon": 150,
    "episodes": 80,
    "seed": 4,
    "hidden": 64,
    "ppo_epochs": 4,
    "lr_ippo": 0.0005,
    "severity": 1.5,
    "log_every": 80,
    "outdir": "results"
  },
  "metrics": {
    "episode_reward": [
      36.335039122485476,
      36.90363171735987,
      39.25983965810284,
      40.90175837717123,
      36.83686401508747,
      37.377425889836424,
      39.82254538192518,
      39.9536645471015,
      40.4176835153045,
      36.83772373143585,
      42.25543238139816,
      39.417577266662086,
      38.96810588335827,
      38.45836715886578,
      40.33945111239124,
      41.67847648314719,
      42.757904896285,
      44.90695301157734,
      43.96632758743494,
      44.483815945043354,
      44.76977038253102,
      44.811710684663744,
      34.5106889722455,
      45.65557088579263,
      49.44111127269762,
      48.203836102411195,
      45.25317683087459,
      48.12179991911273,
      36.81763003826553,
      47.33648919676332,
      47.36774366357264,
      51.24708751235159,
      46.88023149125383,
      55.8617417622358,
      51.61031139979348,
      52.88090422547733,
      50.27846410783632,
      49.99233257311089,
      48.99140802410742,
      50.605519529659745,
      58.35285394671893,
      54.395958082646985,
      53.056097897928645,
      58.510628978690754,
      47.3962942926834,
      55.06055575480892,
      53.917884790121285,
      53.63058352174446,
      60.96504659064944,
      55.10000098120008,
      53.96280562931464,
      52.705418569594634,
      52.000742785777504,
      53.415031563345764,
      54.87793508596307,
      52.810268831480734,
      53.56617522794341,
      57.262775301043376,
      56.68330239024431,
      63.152157997878106,
      53.57152653437938,
      56.61957472357897,
      54.883675174311634,
      53.81961041134267,
      61.623899274981675,
      53.82667713897405,
      49.13208695817738,
      55.46028859302816,
      57.78824369688002,
      55.35316485263823,
      52.23370005681647,
      50.21577521794372,
      56.19751691371203,
      55.88416666363677,
      59.75031931371325,
      56.78865976190816,
      54.06039546535661,
      55.94270299863485,
      54.37233026733415,
      53.35079571335675
    ],
    "sla_eMBB": [
      0.1603283134723703,
      0.1691006943086783,
      0.17698714905108015,
      0.1559283763046066,
      0.16761007201547423,
      0.15331831437225144,
      0.14984902405490477,
      0.16589679929117362,
      0.18657614315549534,
      0.15787491701543332,
      0.17702783520023027,
      0.16534298320611318,
      0.1470316618060072,
      0.17739476224407555,
      0.1493918081993858,
      0.15728756603474417,
      0.17838812326391537,
      0.149076009914279,
      0.1636157569785913,
      0.15549678734193245,
      0.15593506049364805,
      0.15496651871750752,
      0.14806772117813427,
      0.1495742541924119,
      0.12479431352888544,
      0.1683565574263533,
      0.15814536574607094,
      0.1575462554829816,
      0.1010899598399798,
      0.15464067713047067,
      0.15971600937967498,
      0.16223559303209187,
      0.17356597000733018,
      0.1974217172463735,
      0.1595608027589818,
      0.14393670707320175,
      0.18453436913589635,
      0.17024084030960998,
      0.1680448863406976,
      0.1566500576088826,
      0.20956244787822167,
      0.17787268300851186,
      0.18181194654355445,
      0.186061499149849,
      0.3371472124134501,
      0.17745639596755305,
      0.1754454910879334,
      0.19548017967492343,
      0.26656692738334337,
      0.19573664138714472,
      0.18447640407830476,
      0.17902729800591866,
      0.18022103880842527,
      0.17992607289304335,
      0.1957001391798258,
      0.19366332391897836,
      0.18276167761534454,
      0.18311801608651876,
      0.19591173245261112,
      0.2626549121985833,
      0.18416025063643854,
      0.20828540350000063,
      0.19692183043807746,
      0.19117082553605239,
      0.17968355875462294,
      0.18626997279624144,
      0.20061273772269486,
      0.20986378509551287,
      0.19290767937898637,
      0.1964978638663888,
      0.18468927601973215,
      0.2819225767006477,
      0.19444125421345235,
      0.1958079870045185,
      0.1906211483106017,
      0.1852383418381214,
      0.19317526672035457,
      0.2044011821721991,
      0.18973645905653636,
      0.3253766610597571
    ],
    "sla_URLLC": [
      0.4696866817772388,
      0.4698460830251376,
      0.45941230763991675,
      0.7599885928630828,
      0.43619905799627307,
      0.48289803514877955,
      0.49625828514496484,
      0.4866211270789305,
      0.525808657258749,
      0.45054664788146814,
      0.5200779390335083,
      0.49423943400382997,
      0.4869601405908664,
      0.4610996966063976,
      0.5378514575958252,
      0.5105375044544538,
      0.5235733020305634,
      0.587040101091067,
      0.5483401875694592,
      0.5747829570869605,
      0.5645737822850545,
      0.5690431338051954,
      0.5716699592272441,
      0.578888640354077,
      0.9440810839335124,
      0.6108011486132939,
      0.5810319531957309,
      0.6146920466423035,
      0.9360406196117401,
      0.6130539303521315,
      0.5974428386986256,
      0.6537666768829028,
      0.5876680237054824,
      0.6235931109388669,
      0.6694969164331754,
      0.9682759193579356,
      0.6239023805658023,
      0.6119911209742228,
      0.6335816024740537,
      0.6603342394034067,
      0.6295262078444163,
      0.6621405126651129,
      0.6449107325077057,
      0.7256544356544813,
      0.3950656563043594,
      0.6776621769865354,
      0.6691389584541321,
      0.6606573280692101,
      0.5869251174728075,
      0.6861506097515424,
      0.6560841827591261,
      0.5950257793068886,
      0.6115974256396294,
      0.6441378133495649,
      0.6577659279108048,
      0.6105906861027082,
      0.6467921618620555,
      0.7099530494213104,
      0.7051236492395401,
      0.6098101875185966,
      0.6551151637236278,
      0.6493779931465785,
      0.6309988660613696,
      0.6221358321110407,
      0.7856979763507843,
      0.6177715841929118,
      0.6180100891987482,
      0.6170528676112493,
      0.6684707883993785,
      0.635441822707653,
      0.5942076446612676,
      0.4105461652080218,
      0.6375011781851451,
      0.6571374935905139,
      0.7623511894543966,
      0.6912106060981751,
      0.6160264206926028,
      0.613978207608064,
      0.6170613960425059,
      0.4329121329387029
    ],