{
  "args": {
    "method": "nested",
    "drift": "multi",
    "n_agents": 3,
    "n_slices": 3,
    "horizon": 150,
    "episodes": 80,
    "seed": 5,
    "hidden": 64,
    "ppo_epochs": 4,
    "lr_ippo": 0.0005,
    "severity": 1.0,
    "log_every": 80,
    "outdir": "results"
  },
  "metrics": {
    "episode_reward": [
      37.54491249782344,
      31.900660376995802,
      38.112721847991146,
      35.971091870218515,
      36.928710110485554,
      41.3588715903461,
      38.04305826313794,
      40.54177055694163,
      42.25303237388531,
      41.16539846919477,
      40.34617520620426,
      44.1139020267874,
      44.0824373587966,
      47.80346741899848,
      45.76385003576676,
      48.404757200429835,
      43.212140291929245,
      38.8332940650483,
      42.30325662282606,
      48.16754194969932,
      46.62285718135536,
      51.22569495501617,
      46.48828347399831,
      43.67679341572026,
      47.67509121199449,
      43.55033837196728,
      52.894613437975444,
      58.018206683297954,
      50.45853676088154,
      46.34270175856849,
      48.14058229327202,
      54.75518116913736,
      44.52155036727587,
      48.23752714879811,
      47.03995654421548,
      48.82554159685969,
      47.001331962645054,
      41.9427795012792,
      48.641349763299026,
      52.92512047290802,
      52.48319812864065,
      55.96932962164283,
      51.989026276394725,
      34.05449537063638,
      56.05905899529656,
      45.570529436071716,
      61.62137895077467,
      53.53379520960152,
      58.4413335484763,
      72.92917705078919,
      60.364430980136,
      60.88033207319677,
      62.132552395264305,
      60.76633509621024,
      62.662704971929394,
      40.10437389463186,
      58.713641810541354,
      57.125551683207355,
      60.52299367760619,
      59.980939174691834,
      60.113978024572134,
      56.96102743471662,
      59.41248502333959,
      61.145394453157984,
      62.822579535345234,
      60.31665092955033,
      64.36297439535458,
      44.05113910883665,
      56.91652221481005,
      61.1515163568159,
      65.77211186662316,
      62.90772952636083,
      59.62710997710625,
      58.69994211383164,
      63.37492312987646,
      46.28713542843858,
      58.824286794910826,
      67.05985660354297,
      57.41040679688255,
      56.90616489574313
    ],
    "sla_eMBB": [
      0.19269739312430223,
      0.14467157945036888,
      0.1690342343846957,
      0.16506098202740152,
      0.16843457500139872,
      0.15859523251652718,
      0.15674717514465253,
      0.17070453107357025,
      0.18032527852803468,
      0.15260084965576728,
      0.1667153545965751,
      0.15522718356301388,
      0.15797609745835264,
      0.19325164480755727,
      0.17274973777433236,
      0.19812164517740408,
      0.1707741235444943,
      0.14490735168258348,
      0.1941802129149437,
      0.17117845887318253,
      0.17590993154173096,
      0.15447272470841805,
      0.16765775551398596,
      0.13676167644560336,
      0.14771056858201823,
      0.14334746452669303,
      0.15330717351287604,
      0.14760425147290032,
      0.14873312503099442,
      0.16245357961704335,
      0.12793998422722022,
      0.171409097413222,
      0.14732074138397971,
      0.1644276378552119,
      0.1566861394420266,
      0.15281987293312946,
      0.1401006738220652,
      0.12837325531368454,
      0.1528586747124791,
      0.1655412919819355,
      0.1463685345898072,
      0.14083050709838668,
      0.15476613900313774,
      0.11536695810655753,
      0.1354650056983034,
      0.152273101148506,
      0.142578449472785,
      0.13798211801797153,
      0.1498623259117206,
      0.16653719094892344,
      0.14463681942472856,
      0.1378250532100598,
      0.13476329683015745,
      0.13586042613411944,
      0.14966642849147319,
      0.10708473472545545,
      0.14180575415492058,
      0.13181701875602206,
      0.12613133783141772,
      0.1137002565835913,
      0.1301093305585285,
      0.1310589750483632,
      0.131568085073183,
      0.13572515877584615,
      0.13842656899243594,
      0.13595790232221286,
      0.17753939372797808,
      0.12326431694130102,
      0.13435200231770675,
      0.14153099920134993,
      0.1627312039459745,
      0.13129896715283393,
      0.1399480025470257,
      0.15196393242726725,
      0.15390220023691653,
      0.1124936987583836,
      0.16300655624518792,
      0.17739151686429977,
      0.18107210882008076,
      0.17605087218185267
    ],
    "sla_URLLC": [
      0.3835393485426903,
      0.39351566423972445,
      0.45457407022515933,
      0.42421741774926586,
      0.4553045382599036,
      0.5107867615918319,
      0.47022772292296094,
      0.5031292046109835,
      0.5119383760293325,
      0.5149653112391631,
      0.4531605056273596,
      0.5586996154983839,
      0.5551387347280979,
      0.5013696489234766,
      0.5205913472672303,
      0.5165194407105446,
      0.538447808722655,
      0.5446438166995843,
      0.5520804645121098,
      0.6172635936240355,
      0.577357200284799,
      0.7058170653382937,
      0.6073397631943226,
      0.5692591401934624,
      0.597915330529213,
      0.5837862949073315,
      0.6798006317019463,
      0.8360514734188715,
      0.7072761093576749,
      0.6270632677773634,
      0.6962041956186295,
      0.7355061223109564,
      0.6107359708597263,
      0.6278961445391178,
      0.6056301793456078,
      0.6585723605255286,
      0.5914464755853017,
      0.6945336896181107,
      0.6058767699698607,
      0.6852549215157827,
      0.6998915040493011,
      0.7555232459306717,
      0.6609536042809486,
      0.8132729689280193,
      0.7341412899891535,
      0.42165844162305194,
      0.8400451745589574,
      0.7376022662719091,
      0.7442693853378296,
      0.7194430088996887,
      0.7755624781052272,
      0.78403142730395,
      0.8557020370165507,
      0.8180703779061635,
      0.8077477536598842,
      0.9794742115338644,
      0.7775272788604101,
      0.7627486346165339,
      0.8008930522203446,
      0.8135515679915746,
      0.7870482407013575,
      0.7478325001398722,
      0.7368353613217672,
      0.78464004556338,
      0.8329033303260803,
      0.7635199296474456,
      0.6321712513764699,
      0.739983868698279,
      0.7229053262869517,
      0.7622561550140381,
      0.6317732043067614,
      0.8441981911659241,
      0.7540319937467576,
      0.7425449552138647,
      0.7719670989116033,
      0.768085954785347,
      0.749182393948237,
      0.7136583455403646,
      0.6881466863552729,
      0.6712924653291702
    ],