{
  "args": {
    "method": "nested",
    "drift": "multi",
    "n_agents": 6,
    "n_slices": 5,
    "horizon": 150,
    "episodes": 80,
    "seed": 2,
    "hidden": 64,
    "ppo_epochs": 4,
    "lr_ippo": 0.0005,
    "severity": 1.5,
    "log_every": 80,
    "outdir": "results"
  },
  "metrics": {
    "episode_reward": [
      13.60940435497711,
      12.942187796036402,
      13.70630697440356,
      14.976339343003929,
      14.624890822917223,
      14.523811554225782,
      14.142824869602919,
      14.138304565412303,
      13.678034675307572,
      15.653284391077856,
      15.167806435686847,
      15.667962666290501,
      16.78487194639941,
      15.898884471195439,
      19.415776446461678,
      20.07189304381609,
      18.93424762257685,
      19.46115676065286,
      28.927182850117486,
      19.096616341732442,
      18.68924354358266,
      20.57406842491279,
      22.314456642915804,
      26.452940716097753,
      24.437901596849162,
      34.48261458085229,
      25.19138177235921,
      30.22213880221049,
      29.465951620601118,
      26.034863566048443,
      28.048566320290167,
      24.69259055548658,
      28.868832794949412,
      31.63734842526416,
      28.450461459035676,
      33.927139565969505,
      28.0268513597548,
      28.258887433136504,
      31.861691368122894,
      29.51683289868136,
      32.15570237239202,
      34.2337130435432,
      36.39077860675752,
      37.09648168863108,
      39.81621330231428,
      37.6554712044696,
      41.62506873160601,
      38.26084769020478,
      36.55268902207414,
      39.408041106536984,
      38.38882853028675,
      39.149076445649065,
      42.0836541618531,
      41.46557765919715,
      40.80725929265221,
      40.7701104801769,
      43.41882241393129,
      42.769663882131375,
      43.666476867472134,
      43.80492951720953,
      43.87836999197801,
      44.290675577397145,
      45.40130803796152,
      46.170597514758505,
      45.85925213744243,
      44.364264592838786,
      45.53091802199682,
      46.27173800424983,
      45.217504987182714,
      33.45228304030994,
      46.53308928695818,
      45.83672206941992,
      48.16886851688226,
      48.070183356292546,
      45.47827514136831,
      45.754255773189165,
      31.091411660735805,
      47.462650594611965,
      45.436742250186704,
      53.104094882806145
    ],
    "sla_eMBB": [
      0.09693812303245068,
      0.08761026171346506,
      0.10307191672424475,
      0.08415784020597736,
      0.09439374414583047,
      0.08930339463055134,
      0.08024330027401447,
      0.08842089681575696,
      0.08992812890559435,
      0.08833900262912114,
      0.09327683974678318,
      0.08356555430839459,
      0.09294758204991618,
      0.08305514434042076,
      0.07862962999691565,
      0.07719749229649703,
      0.0746545197100689,
      0.08663140033682187,
      0.08186162179956834,
      0.07051113825291395,
      0.07863968870292107,
      0.07003227772928464,
      0.07037933770567179,
      0.06588938937832912,
      0.05317460518951218,
      0.07707697202761968,
      0.05868976444005966,
      0.06252500797932346,
      0.062206191898634036,
      0.05416078665604194,
      0.055724436361342666,
      0.055385216965029634,
      0.052725636567920446,
      0.04954662031804522,
      0.05324045336494843,
      0.047131260411503416,
      0.04793042465423544,
      0.04911157845053822,
      0.04856673472871383,
      0.04175016320620974,
      0.04188460269321998,
      0.0431773914458851,
      0.035887188420941435,
      0.031405532906452815,
      0.0351632146909833,
      0.03061439593633016,
      0.03473363348903755,
      0.03727747367694974,
      0.027575439092082283,
      0.03543437859043479,
      0.03150526935855547,
      0.027606798270717263,
      0.03979809726277987,
      0.029145286561300356,
      0.03007125575716297,
      0.02787775176887711,
      0.02859994535334408,
      0.02240127605308468,
      0.028451849513997634,
      0.02595240269166728,
      0.01957230308946843,
      0.026741602054486672,
      0.02041207976018389,
      0.022959297175208726,
      0.01938924482402702,
      0.024657453391700983,
      0.019049369127800066,
      0.016825428462276856,
      0.02196768652026852,
      0.01726006979122758,
      0.019676196013266842,
      0.017568931318819522,
      0.017806740875045458,
      0.015937300163010756,
      0.021020227254678805,
      0.021531959815571707,
      0.017882743693577747,
      0.015419693229099115,
      0.014537900897363822,
      0.016356126082440216
    ],
    "sla_URLLC": [
      0.1936677447364976,
      0.16319957627604406,
      0.18239867930610976,
      0.23048736625894284,
      0.21243276540189981,
      0.1878814624560376,
      0.1894104520805801,
      0.19463503509759902,
      0.181454286511677,
      0.21086641433338324,
      0.21308763032158215,
      0.19141359971836208,
      0.24553672693669795,
      0.2380215328124662,
      0.27179953289528686,
      0.2919991184771061,
      0.2529037734369437,
      0.30638753037899735,
      0.28147475987672804,
      0.21355859378973643,
      0.423035072684288,
      0.2914687911917766,
      0.35939442038536074,
      0.3693074200550715,
      0.4329183639585972,
      0.39933206434051194,
      0.4406459360818068,
      0.3768408014128605,
      0.4270968473205964,
      0.38397521739204726,
      0.38861378021538256,
      0.6211738193035126,
      0.42953337838252387,
      0.4094824925810099,
      0.45580642923712733,
      0.49356887420018514,
      0.36283322955171265,
      0.4210912904640039,
      0.44468176685273647,
      0.43316615611314774,
      0.6443932819366455,
      0.48273233716686564,
      0.494996752589941,
      0.49793758591016135,
      0.5241646962861221,
      0.4822765854497751,
      0.5181676397224267,
      0.5050804616014163,
      0.48248502214749656,
      0.49336682990193365,
      0.4609163681169351,
      0.5198024457196394,
      0.5401200771828493,
      0.6165288068850835,
      0.5250739111502966,
      0.5090338689585526,
      0.5646106842160225,
      0.5443233412504196,
      0.5689272678891818,
      0.5883743502696355,
      0.5906951860586802,
      0.6107843324542046,
      0.6370934677124024,
      0.6155305364727974,
      0.6357396350304285,
      0.5836232517162959,
      0.6220966302355131,
      0.6021000241239866,
      0.6365399281183879,
      0.621192648212115,
      0.5860987031459808,
      0.5896430736780167,
      0.635347631474336,
      0.5903044818838438,
      0.6039340774218241,
      0.6481440709034602,
      0.9551107708613078,
      0.6557784220576286,
      0.6016006127993265,
      0.6143442293008169
    ],