{
  "args": {
    "method": "nested",
    "drift": "multi",
    "n_agents": 6,
    "n_slices": 3,
    "horizon": 150,
    "episodes": 80,
    "seed": 3,
    "hidden": 64,
    "ppo_epochs": 4,
    "lr_ippo": 0.0005,
    "severity": 1.5,
    "log_every": 80,
    "outdir": "results"
  },
  "metrics": {
    "episode_reward": [
      34.57249341874073,
      37.14537829222778,
      34.56753909153243,
      38.506021973366536,
      32.26624335038165,
      31.742436309345067,
      33.4511368755872,
      35.98725050315261,
      36.08371214413395,
      39.0947996477286,
      40.99715845442066,
      38.20228652252505,
      35.5989636965096,
      38.89666050641487,
      41.213979359405734,
      38.15648842075219,
      37.12513639436414,
      41.94385787192732,
      40.02508513815701,
      41.698379104956985,
      42.61878756837299,
      44.27179974069198,
      47.066514645392694,
      44.047257076328,
      45.76567421449969,
      39.170573150118194,
      45.05372526527693,
      44.982970972545445,
      41.51668588568767,
      44.217876449537776,
      48.34084446573009,
      44.30261857652416,
      36.69561334016422,
      51.74382342211902,
      43.28524345035354,
      47.46309617937853,
      47.636909055523574,
      47.22630634717643,
      54.87499321717769,
      48.29353448996941,
      50.84832692705095,
      51.18778630128751,
      49.5719650099054,
      49.47810944231848,
      43.5938849269102,
      49.77939405012876,
      50.49730284077426,
      52.689641473814845,
      50.122561655938625,
      50.211163806418575,
      49.9332209325706,
      51.95414670805136,
      48.39935480927428,
      50.36051226221025,
      51.49839460477233,
      50.57350591570139,
      56.94214525818825,
      49.70256526892384,
      51.54050998296589,
      53.747793643424906,
      41.28227844834328,
      52.68021022093793,
      54.930880804235734,
      51.13139929777632,
      52.39201695813487,
      55.68637870221088,
      51.635547026370965,
      53.424696104601026,
      55.06287947545449,
      63.17720165041586,
      54.55588681343943,
      53.382837791616716,
      54.264046071097255,
      54.46916949686905,
      56.509850452654064,
      55.16305650211871,
      52.55194175677995,
      53.308234141518675,
      56.27953962609172,
      59.630272743602596
    ],
    "sla_eMBB": [
      0.15415902872259418,
      0.48919860580936075,
      0.15548539495716493,
      0.17755389405414462,
      0.2278562364106377,
      0.14827989352246126,
      0.16475216625568767,
      0.16433624831338722,
      0.1624306995018075,
      0.159340745943288,
      0.18180743483205636,
      0.1629969365398089,
      0.17018043842166664,
      0.1844534609032174,
      0.13954817515487472,
      0.16855510440344612,
      0.15779212806373835,
      0.16522568731879195,
      0.21421207564572492,
      0.16364531545589367,
      0.17132722749064366,
      0.14702962655574084,
      0.19095509111881256,
      0.16304465912282468,
      0.1672500195230047,
      0.16335481695830822,
      0.4468833269923925,
      0.17258660164972148,
      0.16694806526104608,
      0.1658692798515161,
      0.16014772991339365,
      0.15497730056444803,
      0.11391653162737687,
      0.20592099457979202,
      0.2854628316313028,
      0.16199880758921306,
      0.16508696609487136,
      0.15976633497824272,
      0.22101647717257342,
      0.15314511468013128,
      0.14526002959658701,
      0.1582530295352141,
      0.15632938537125787,
      0.15727482095360756,
      0.1384862373334666,
      0.16186135226239762,
      0.1713168250521024,
      0.16521928125992416,
      0.15477055011938015,
      0.15181227474783857,
      0.15156514008839925,
      0.16348952701936165,
      0.21930523853749037,
      0.16257722716778517,
      0.18019835001478593,
      0.1650708341350158,
      0.18446254644542934,
      0.1786519349118074,
      0.18650231865545114,
      0.19604170649001995,
      0.12008268432070812,
      0.18910701627532642,
      0.18152137768765292,
      0.1629583338027199,
      0.1730243216579159,
      0.1754932230959336,
      0.17207800974448523,
      0.17784697531412044,
      0.1906563246746858,
      0.26920332873860997,
      0.16866503686333695,
      0.16278418575723966,
      0.16739319800088803,
      0.17343481101095676,
      0.16301368882258732,
      0.1674287453914682,
      0.16281982337435086,
      0.16462035400172076,
      0.16021584515770276,
      0.16611649092286826
    ],
    "sla_URLLC": [
      0.42036623569826287,
      0.2883352948973576,
      0.42533642900486784,
      0.4600508270661036,
      0.2886012257387241,
      0.402013691564401,
      0.4087772565583388,
      0.44883996330201625,
      0.4367968140045802,
      0.49455312127868334,
      0.5023277772963047,
      0.4681444924821456,
      0.42394720422724885,
      0.4612407257904609,
      0.7513654945294063,
      0.48413731932640075,
      0.46529735187689464,
      0.5193457496662934,
      0.4506299443542957,
      0.5151639921963215,
      0.5211354742944241,
      0.8302342814207077,
      0.5139373491207758,
      0.5355148248871168,
      0.5699115862697363,
      0.47768963654836016,
      0.3589463207125664,
      0.5534666949510574,
      0.519315887739261,
      0.5529101837674777,
      0.6181365882356962,
      0.555800286134084,
      0.9362272473176321,
      0.5598777228593826,
      0.3701296362280846,
      0.6064918916424116,
      0.6266463163495064,
      0.6079531933863958,
      0.5718038129806519,
      0.6059791177511216,
      0.9373653070131938,
      0.6367042094469071,
      0.6481219597657522,
      0.6484562693039576,
      0.731013776063919,
      0.6424215957522392,
      0.6154331666231155,
      0.6865389589468638,
      0.6297015441457431,
      0.6628399608532588,
      0.6382496096690495,
      0.6577029334505399,
      0.6021915127833685,
      0.6370474378267924,
      0.6280009763439497,
      0.6444226040442784,
      0.7037219375371933,
      0.6239481695493062,
      0.6091065351168314,
      0.6577750724554062,
      0.9780409371852875,
      0.6530650083223979,
      0.6988349839051564,
      0.6213145077228546,
      0.6402662966648738,
      0.6934255013863245,
      0.6284816136956215,
      0.6835129636526108,
      0.7020600181818009,
      0.60973830362161,
      0.6752296547094981,
      0.6479269522428512,
      0.6544785845279694,
      0.6761053204536438,
      0.6954649043083191,
      0.668374451994896,
      0.6494279662768047,
      0.6424544250965118,
      0.6875361929337184,
      0.7463538273175557
    ],