{
  "args": {
    "method": "nested",
    "drift": "multi",
    "n_agents": 3,
    "n_slices": 5,
    "horizon": 150,
    "episodes": 80,
    "seed": 3,
    "hidden": 64,
    "ppo_epochs": 4,
    "lr_ippo": 0.0005,
    "severity": 1.5,
    "log_every": 80,
    "outdir": "results"
  },
  "metrics": {
    "episode_reward": [
      12.675962522005042,
      16.915969358136255,
      13.145855146770677,
      14.104186850289503,
      13.329675663883487,
      21.033449939141672,
      13.961841123799482,
      19.58201155687372,
      16.291421805197995,
      17.19004099816084,
      16.731788157174986,
      16.526074793810647,
      16.853988599032164,
      20.01375724375248,
      20.468239748850465,
      22.267781998962164,
      20.904381519183517,
      18.291410634294152,
      21.11721890109281,
      25.115957466264565,
      19.027358231445152,
      23.787488007297117,
      24.444073231890798,
      23.886409253502887,
      22.11764420196414,
      29.47355740517378,
      29.67214164758722,
      28.99126365656654,
      28.84648445621133,
      39.45424632976452,
      34.57854453784724,
      32.608955181514226,
      32.35392230190337,
      35.70737319191297,
      37.725006461143494,
      34.21790760755539,
      33.56372637550036,
      36.19145329544941,
      36.22657988282541,
      33.95738953910768,
      33.420899060865246,
      34.295503524442516,
      39.446890442321696,
      36.96786219688753,
      35.64614237472415,
      38.82114243817826,
      40.272317000975214,
      40.16520674278339,
      40.25832304793099,
      39.12377271304528,
      29.42390379992624,
      42.092536959797144,
      40.613163790355124,
      28.267556824410956,
      42.90732439483205,
      41.85673524873952,
      41.1240565640231,
      42.09737102935711,
      39.079192676891886,
      40.706483198950686,
      40.494738361487784,
      39.70410333884259,
      41.00635483364264,
      41.26002651204666,
      42.35867239038149,
      51.76518749445677,
      44.707396886621915,
      43.57023253416022,
      40.964179226507746,
      41.278136578698955,
      52.54813348005215,
      42.93675500899553,
      29.851676050573587,
      45.44807494121293,
      43.90878900140524,
      47.49976376506189,
      43.83475220575929,
      42.96633512030045,
      41.07594493279854,
      29.52855785191059
    ],
    "sla_eMBB": [
      0.08439607890012364,
      0.11041357715924581,
      0.11296917072109257,
      0.10333164936552446,
      0.11044026811917623,
      0.0729003557190299,
      0.09265688057988881,
      0.10066954558094343,
      0.08979317997892698,
      0.09550748103608687,
      0.07923088636249304,
      0.09215237159281969,
      0.09297961836059888,
      0.09275208530326684,
      0.08909893971557419,
      0.0860830649547279,
      0.09184667141487202,
      0.07508361099287868,
      0.09014972265809774,
      0.08065834855660796,
      0.07285041868686676,
      0.0734551334194839,
      0.08681542205313841,
      0.08811809824469188,
      0.07271709291652466,
      0.09100263688713311,
      0.10392508952567975,
      0.09417973701221248,
      0.10382244372119506,
      0.09773448618749778,
      0.1124572404846549,
      0.09833008486777545,
      0.12378738319501281,
      0.11927267856275042,
      0.12624915207425752,
      0.11147910789897045,
      0.10927879457672438,
      0.12281680749108394,
      0.13148338305453458,
      0.13380423883597056,
      0.10603789678464333,
      0.12807032860815526,
      0.194473728723824,
      0.12784952925207715,
      0.12321946891645591,
      0.13932178600380818,
      0.12854694037387768,
      0.1369336107869943,
      0.11106060832738876,
      0.12106381801267464,
      0.07674320696542661,
      0.10015736601004997,
      0.14767521106948456,
      0.07408315269897381,
      0.12731678361694018,
      0.15542439716557663,
      0.12281019973258177,
      0.2656124016394218,
      0.10411272123456002,
      0.11188629567623139,
      0.11367083537081878,
      0.10096787886073191,
      0.09859727304428816,
      0.10767174158245325,
      0.12494254355629285,
      0.13840060573478696,
      0.09598865230878194,
      0.09713635979220271,
      0.07591921295349796,
      0.08880793600032727,
      0.09462136503619452,
      0.09168214850127697,
      0.07614718859394391,
      0.09466202293833097,
      0.09853746617591241,
      0.10940136400361856,
      0.07781136643141508,
      0.08561102093507846,
      0.08893839474767447,
      0.054364995894332725
    ],
    "sla_URLLC": [
      0.17889238143650193,
      0.22945159948120514,
      0.1891829451546073,
      0.2175266959320288,
      0.17865944878508647,
      0.3791762623687585,
      0.20023388403157394,
      0.2509298606713613,
      0.23492194155852,
      0.28856318082039556,
      0.302884666249156,
      0.21999169275785485,
      0.2651021109521389,
      0.3471164526045322,
      0.27365204465885956,
      0.24008794226218014,
      0.34397994364301365,
      0.29921273596584796,
      0.35032937382658325,
      0.4396181583652894,
      0.7618957046667735,
      0.36247176756461463,
      0.40528811554114025,
      0.38050885558128356,
      0.7901163750886917,
      0.48137867013613383,
      0.45454435418049494,
      0.4584446455538273,
      0.4568907630940278,
      0.49549208919207255,
      0.5209621481597424,
      0.5377696339786052,
      0.4688200461864471,
      0.5625067719817162,
      0.5163789544502894,
      0.5395748999714851,
      0.5415315831204256,
      0.6327281966308753,
      0.540383437325557,
      0.5706839262445768,
      0.48288674066464105,
      0.8765214200814565,
      0.5729806045194467,
      0.5733130958676338,
      0.571384981671969,
      0.6099824117620786,
      0.6567578795552254,
      0.5649649339417616,
      0.6086274221042792,
      0.5944721554219723,
      0.5989744055271149,
      0.6724671890338262,
      0.644317290186882,
      0.5735980790356795,
      0.5847885972261428,
      0.6316929399967194,
      0.617708870669206,
      0.3852762201925119,
      0.9526452287038167,
      0.6489457041025162,
      0.6021386754512786,
      0.625655629436175,
      0.625628857910633,
      0.6085132863620917,
      0.6124369711677233,
      0.5955104081829389,
      0.7121292140086491,
      0.7180687056978544,
      0.6577752423286438,
      0.6314981438716253,
      0.6142559824387233,
      0.6097804350654284,
      0.9871469966570536,
      0.6251660442352295,
      0.6227077696720759,
      0.8007778170704841,
      0.6702362815539042,
      0.7018322036663691,
      0.6091908004879951,
      0.9877429739634196
    ],