{
  "args": {
    "method": "nested",
    "drift": "multi",
    "n_agents": 3,
    "n_slices": 5,
    "horizon": 150,
    "episodes": 80,
    "seed": 1,
    "hidden": 64,
    "ppo_epochs": 4,
    "lr_ippo": 0.0005,
    "severity": 1.5,
    "log_every": 80,
    "outdir": "results"
  },
  "metrics": {
    "episode_reward": [
      14.603105371817946,
      15.272890838483969,
      16.149705735966563,
      17.10293320255975,
      16.873954649393756,
      21.69018525319795,
      13.502777147417268,
      15.408995667472482,
      14.576934123411775,
      14.228468718007207,
      17.082108327498037,
      15.922406521936258,
      14.218696607897678,
      18.527546733617783,
      18.004670336221654,
      21.68405339308083,
      22.44453461592396,
      21.020562856147688,
      17.79547035259505,
      26.050065694376826,
      22.51601139207681,
      23.89167709586521,
      29.104030098145206,
      26.807693620522816,
      24.12700869080921,
      25.909389093518257,
      28.185668203358848,
      32.22303524799645,
      33.534485556806125,
      30.909111798430484,
      33.36092010823389,
      32.32130007321636,
      34.437717163314424,
      34.02074252689878,
      31.287865893915296,
      33.202407882238425,
      35.34498230057458,
      32.69691480572025,
      35.576854480430484,
      37.636480736235775,
      35.857875142246485,
      35.8037882540375,
      39.41528062584499,
      37.05204966415962,
      38.229290294771396,
      40.64547623010973,
      37.82222746747235,
      39.80180082656443,
      42.06442840024829,
      40.17883491267761,
      40.85780143303176,
      37.21489864898225,
      40.68825875533124,
      30.457763470709324,
      43.64232583840688,
      42.03413100975255,
      47.986704805245004,
      44.37698452671369,
      46.97461052425206,
      44.266153727968536,
      44.50020518464347,
      45.16032874956727,
      45.28343422152102,
      47.3899181522429,
      43.39162270973126,
      47.71444574991862,
      46.23799340364834,
      45.08037764951587,
      30.763687395801146,
      46.064397094771266,
      47.14503978316983,
      32.56295224527518,
      47.22920589024822,
      48.15215350377063,
      46.0315012515833,
      60.097395146886505,
      45.56109555313984,
      53.770584815492235,
      46.95340422851344,
      46.21136763008932
    ],
    "sla_eMBB": [
      0.10342052182803552,
      0.09322933833425244,
      0.10456467661851396,
      0.07503178665724894,
      0.12623230782027045,
      0.08595732392122347,
      0.09834961245457331,
      0.08814940515905619,
      0.08351710823674997,
      0.09396537777036429,
      0.09699146257092556,
      0.11372933986286322,
      0.10330952792117994,
      0.10745934056118131,
      0.08153282679617405,
      0.07423066632201274,
      0.07694718985507885,
      0.07708153795450925,
      0.08009099744260312,
      0.08759455295279622,
      0.08090690273791551,
      0.06898266683953504,
      0.07516001393397649,
      0.08433629422759016,
      0.08794585835654288,
      0.0618887451166908,
      0.06679507196182385,
      0.05810776163513462,
      0.0464930601293842,
      0.05796832655323669,
      0.044376819618046286,
      0.05569811035568516,
      0.04159127609493832,
      0.0643883258352677,
      0.049683982175774875,
      0.04320830212285121,
      0.048423227357367676,
      0.0508996757119894,
      0.03514868150154749,
      0.04764246064548691,
      0.036823700989286105,
      0.047122293549279375,
      0.02711816806346178,
      0.03610322516411543,
      0.03326763410121202,
      0.034158948535720504,
      0.029501584882770354,
      0.033114499288300674,
      0.027186027203376095,
      0.03685937475413084,
      0.024618150504926842,
      0.028886257397631804,
      0.0351356886063392,
      0.028110488144059975,
      0.025624330726762613,
      0.018189698172112304,
      0.0357196884850661,
      0.02861615512520075,
      0.022094063616047304,
      0.019390774331986903,
      0.012703896909952163,
      0.019392903484404086,
      0.019174893063803513,
      0.01892168133209149,
      0.020615978091955187,
      0.013550084556142488,
      0.015078451074659825,
      0.013752860045060515,
      0.020132821346633138,
      0.015186091630409161,
      0.01275704691807429,
      0.010290930515620857,
      0.01340410700494734,
      0.015612484887242317,
      0.0176980359852314,
      0.009613261024157205,
      0.015262534866730373,
      0.01670907786116004,
      0.016880913567729295,
      0.013440156715611617
    ],
    "sla_URLLC": [
      0.17012082288662592,
      0.21860878540823858,
      0.1366808491727958,
      0.32548530027270317,
      0.21048865863471292,
      0.3597264517191798,
      0.17742568127810954,
      0.17212785369250924,
      0.21674250814753274,
      0.21374370802814763,
      0.23062131794169546,
      0.18815734808255608,
      0.1897911615964646,
      0.20230413374801476,
      0.1955160432588309,
      0.4274102809590598,
      0.2145628187060356,
      0.2702292994906505,
      0.24368808943157394,
      0.2854748221548895,
      0.32182889819145205,
      0.3306625338892142,
      0.39646244851251444,
      0.3120307958126068,
      0.3186640027662118,
      0.33397772068778675,
      0.3713901199400425,
      0.31304655462503433,
      0.438189959526062,
      0.4502855043113232,
      0.48867940351366995,
      0.4542763143777847,
      0.33216835896174113,
      0.49402565831939377,
      0.4951127580801646,
      0.5160406157871087,
      0.5061381216843923,
      0.4530306694904963,
      0.5141448268294334,
      0.4639984921614329,
      0.494137140562137,
      0.5082486278812091,
      0.3587382438778877,
      0.48587618360916773,
      0.4889212476213773,
      0.6071253691613674,
      0.48019627541303633,
      0.6390506986776988,
      0.5271920962631702,
      0.4984140273928642,
      0.38360666468739507,
      0.4830553423364957,
      0.613366230626901,
      0.5792576830089092,
      0.6199037482341131,
      0.5708968787888686,
      0.5878489456077417,
      0.6352106334765752,
      0.582963622858127,
      0.5793922886252403,
      0.3917161070307096,
      0.6303708841403325,
      0.6854288882513841,
      0.6069878139098486,
      0.9533779323101044,
      0.6455569280187289,
      0.6466455445686976,
      0.6097811350226402,
      0.9596004168192546,
      0.6365032842755318,
      0.5889910904069742,
      0.6008815307418506,
      0.6467806651194891,
      0.650068566997846,
      0.6789587254325549,
      0.6063314762711525,
      0.6045327078302701,
      0.6793643810351689,
      0.6237056791285673,
      0.6200743811329206
    ],