{
  "args": {
    "method": "nested",
    "drift": "multi",
    "n_agents": 3,
    "n_slices": 3,
    "horizon": 150,
    "episodes": 80,
    "seed": 9,
    "hidden": 64,
    "ppo_epochs": 4,
    "lr_ippo": 0.0005,
    "severity": 1.0,
    "log_every": 80,
    "outdir": "results"
  },
  "metrics": {
    "episode_reward": [
      34.95235860658189,
      28.764057965328295,
      36.19931011212369,
      37.27633813582361,
      37.30076631779472,
      37.58131259245177,
      39.071991865212716,
      39.263829198355474,
      32.40310645786425,
      33.87847971667846,
      35.4477043710649,
      42.37039725730816,
      44.4560618934532,
      43.2767462922881,
      47.80985633842647,
      44.05650196721157,
      44.90824509660403,
      40.44874936031798,
      41.372847041736044,
      39.356794464712344,
      41.400611946980156,
      45.85110963135958,
      41.62986994410554,
      49.196518797427416,
      43.43713520218929,
      42.88639367868503,
      46.6915003284812,
      48.85959020629525,
      43.285331320017576,
      48.28271825859944,
      47.896926894783974,
      46.49840517962972,
      48.748016376669206,
      50.176998406648636,
      49.299850718428694,
      38.64306852221489,
      51.01711918351551,
      42.68942262046039,
      46.383559204638004,
      52.58617859209577,
      50.54563645335535,
      50.063418186580144,
      46.595987260341644,
      55.31286700939139,
      60.58452115828792,
      53.11053655669093,
      59.148510633657374,
      62.11686878403028,
      51.11572148526708,
      47.19319128369292,
      55.97904236614704,
      55.10160815094908,
      59.59901797647277,
      51.32422926773628,
      57.35153214012583,
      52.422824278473854,
      56.808990345026054,
      54.43000346980989,
      60.61627006530762,
      52.40988904858629,
      41.80729527833561,
      49.27049116666118,
      54.28952846427759,
      49.42766890923182,
      52.24972724728286,
      52.55519476905465,
      50.17577908436457,
      62.07780053963264,
      51.164746119330324,
      53.925992891192436,
      57.10059688488642,
      55.60128126293421,
      58.20004732658466,
      63.88628965740403,
      62.15377723673979,
      53.389267989744745,
      68.15498859683673,
      66.84319306289156,
      59.49436723565062,
      53.080723371356726
    ],
    "sla_eMBB": [
      0.17122989585623144,
      0.1831356387337049,
      0.1762207190444072,
      0.1612597673262159,
      0.16455910014609496,
      0.18793730969851216,
      0.1739220768089096,
      0.17709855920324724,
      0.17469442853083214,
      0.17658279640600086,
      0.1735550626615683,
      0.17953357846786577,
      0.2136822248995304,
      0.1689444810897112,
      0.18620325881366928,
      0.1660126586817205,
      0.19525787414362034,
      0.16003986345604063,
      0.19169608589882653,
      0.17748398337513208,
      0.1735605716208617,
      0.1732968486721317,
      0.17605459496378897,
      0.18671255140254894,
      0.18234954676901302,
      0.20364710895965496,
      0.20419435751934847,
      0.184581348101298,
      0.16246901908268532,
      0.19488433508823316,
      0.1898733693609635,
      0.19336013128980994,
      0.22561626989394426,
      0.197224724094073,
      0.2113758878534039,
      0.1463176441192627,
      0.18454753333081803,
      0.21993030405292907,
      0.22840650593241055,
      0.1923141246413191,
      0.21507195692509412,
      0.21208022497594356,
      0.2200018137320876,
      0.21356252972657483,
      0.21139278675119083,
      0.19225126039236784,
      0.19652951523661613,
      0.27196943705280624,
      0.22596231962243715,
      0.19419788877169292,
      0.20985154628753663,
      0.2276407278329134,
      0.25205816278855003,
      0.2204314985126257,
      0.21954962310691675,
      0.22781333964318037,
      0.2678503044446309,
      0.22230065940568844,
      0.20961325829227764,
      0.21214531034231185,
      0.17977273130168517,
      0.2199001906812191,
      0.22120806413392227,
      0.2090810810898741,
      0.22714360661804675,
      0.20825175027052562,
      0.2199217279503743,
      0.27627990759909155,
      0.18510020482043424,
      0.19700219052533308,
      0.21148054619630177,
      0.2192087496817112,
      0.21172941476106644,
      0.23374709509313107,
      0.24274318610628445,
      0.21022279943029085,
      0.26964227110147476,
      0.26546719218293824,
      0.2046891289204359,
      0.20482923611998557
    ],
    "sla_URLLC": [
      0.4161556064337492,
      0.29880453991393247,
      0.4430434792737166,
      0.4420934264361858,
      0.4739568197230498,
      0.44507005661725996,
      0.4739677021900813,
      0.4594803142050902,
      0.3848005224640171,
      0.40084368536869686,
      0.5226363138357798,
      0.5136356223126253,
      0.44504750803112986,
      0.5210567530741295,
      0.6152665037661791,
      0.5330012699961663,
      0.5144445782403151,
      0.4909568981081247,
      0.5085538900891939,
      0.48728566909829774,
      0.5029567384719849,
      0.5725321801751853,
      0.5329661376215518,
      0.6122371836503346,
      0.5483476386467616,
      0.513735387424628,
      0.514812474399805,
      0.632219963123401,
      0.6008815171724806,
      0.5727965287864208,
      0.6606883258124192,
      0.5747379106283188,
      0.599817177777489,
      0.61165345971783,
      0.5631430445114771,
      0.9333267974853515,
      0.8983410914738973,
      0.37582340906063716,
      0.5716382611294587,
      0.9091040162245433,
      0.6425777820746104,
      0.5975037308533987,
      0.5380303831895192,
      0.66239158898592,
      0.7884658612807591,
      0.9495147375265757,
      0.7728399244944254,
      0.6148031700154145,
      0.5474072082837422,
      0.6071943229436875,
      0.7033127691348394,
      0.7062282486756642,
      0.7438816235462824,
      0.6424596046408018,
      0.729807226061821,
      0.6581683322787285,
      0.7208245194951693,
      0.6804405003786087,
      0.786395686864853,
      0.6810176720221838,
      0.6926868908603986,
      0.6038926223913829,
      0.6839757702747981,
      0.6216374111672243,
      0.6406953064600627,
      0.6620260657866796,
      0.6230981353918711,
      0.6095654135942459,
      0.7050379847486814,
      0.6930031681060791,
      0.7226410456498464,
      0.6695582795143128,
      0.7288035249710083,
      0.8124736936887106,
      0.765531234741211,
      0.7005816872914632,
      0.6698931600650152,
      0.6332090262571971,
      0.7586011421680451,
      0.7026737346251806
    ],