{
  "args": {
    "method": "nested",
    "drift": "multi",
    "n_agents": 3,
    "n_slices": 3,
    "horizon": 150,
    "episodes": 80,
    "seed": 7,
    "hidden": 64,
    "ppo_epochs": 4,
    "lr_ippo": 0.0005,
    "severity": 0.5,
    "log_every": 80,
    "outdir": "results"
  },
  "metrics": {
    "episode_reward": [
      38.73192931525409,
      45.58722467223803,
      41.91505943487088,
      35.60242181457579,
      36.73263275374969,
      45.61984863256415,
      36.153866685926914,
      50.814370243499674,
      38.842449286952615,
      50.189698369552694,
      45.27887159089247,
      45.94037274395426,
      44.179998925576605,
      52.06479410889248,
      49.12173073428372,
      60.23522459467252,
      39.619931030397616,
      44.56424449508389,
      42.107788763940334,
      46.599803464487195,
      53.27882411020497,
      63.56239481021961,
      55.57368169662853,
      57.989300246040024,
      57.55946978305777,
      55.2088876987497,
      55.14493287789325,
      56.21381456653277,
      60.58225900990268,
      50.86882527048389,
      68.90238430164754,
      53.68784493704637,
      40.69514761865139,
      59.66601813212037,
      64.93735687062144,
      55.16914759327968,
      59.79071314012011,
      57.48309843117992,
      60.2082024483631,
      58.86009244248271,
      69.96420849114656,
      56.94654082941512,
      55.46992188567916,
      62.42308343201876,
      50.320614955077566,
      41.81107958778739,
      61.14100660383701,
      68.29600005721052,
      60.199698351323605,
      57.39864628016949,
      55.912251534561314,
      71.70652256409328,
      64.58859940245748,
      71.37316607311368,
      62.237845201045275,
      69.69552146395047,
      67.04191170757015,
      61.61536108329892,
      98.56096769372623,
      60.85751595099767,
      69.40737885360916,
      68.65614162385464,
      60.02897290264567,
      83.95193169017632,
      65.79211424042781,
      70.17215553795297,
      70.86456404688458,
      68.27498812352617,
      61.09351687133312,
      64.77336692065,
      65.06641506776214,
      84.36652756482363,
      64.33409952869017,
      59.13866908599933,
      70.7838007112344,
      65.41554494947195,
      67.81840668494503,
      72.65113272021215,
      67.57255726431806,
      76.0146824195981
    ],
    "sla_eMBB": [
      0.1639205908216536,
      0.17033191353082658,
      0.17694469820708036,
      0.15445240762084722,
      0.16659602186332145,
      0.1531868714094162,
      0.17859705347567797,
      0.1832181191816926,
      0.16221707007537287,
      0.1984748269120852,
      0.1712932084997495,
      0.1649229839692513,
      0.1498784312233329,
      0.16796690914779902,
      0.1700470611701409,
      0.20830877266824246,
      0.1741336750239134,
      0.17546253035465875,
      0.16520763049523035,
      0.17452031934012968,
      0.17057531683395305,
      0.18118847901622454,
      0.17954656559973955,
      0.20972315994401772,
      0.19647690230359635,
      0.1892685588945945,
      0.16252387018253406,
      0.21669021636247635,
      0.16385806874061623,
      0.17970243907223146,
      0.19624829441308975,
      0.1960769752288858,
      0.1964180760954817,
      0.1964942397425572,
      0.17954432375729085,
      0.18539333571990332,
      0.20540764917929968,
      0.18496292074521384,
      0.17755204965670904,
      0.195765942769746,
      0.1886933077623447,
      0.18067607029030722,
      0.1639099044725299,
      0.1841690762837728,
      0.17231480189909537,
      0.164842208152016,
      0.18792252611368895,
      0.18402298481514057,
      0.16976421133925518,
      0.1797065709407131,
      0.16814712453633546,
      0.1913839283833901,
      0.1747682430346807,
      0.1921310274799665,
      0.19287659140924612,
      0.2074037416651845,
      0.1640629332512617,
      0.19610923246790965,
      0.2515746164321899,
      0.19026856044928234,
      0.17954737705489,
      0.21740886367857457,
      0.20578943237662314,
      0.2763367393364509,
      0.19770797142138083,
      0.20148706510663034,
      0.19156434923410415,
      0.223380983248353,
      0.20585731110225122,
      0.22681869541605312,
      0.24306620893379052,
      0.24555183050533136,
      0.20693226518730323,
      0.20880781866610051,
      0.18409550783534845,
      0.2242946285630266,
      0.2052293743689855,
      0.20785615302622318,
      0.1886770926664273,
      0.23033575038115184
    ],
    "sla_URLLC": [
      0.4672350943026443,
      0.5396426213284333,
      0.5024094076951345,
      0.5868140998482704,
      0.6211265125870704,
      0.5524124319851399,
      0.3343841319779555,
      0.6623023049036662,
      0.4728691250085831,
      0.6323225421706835,
      0.5691828093181054,
      0.6178731065988541,
      0.6215474741160869,
      0.7064830120404562,
      0.6651491866509119,
      0.6107279247169694,
      0.47779299912353357,
      0.6206185871362686,
      0.5149043163160483,
      0.5980495525399844,
      0.6817746083935102,
      0.8668017313877742,
      0.7314097464084626,
      0.7524730382363002,
      0.7652333081761996,
      0.730185947616895,
      0.7733948492010434,
      0.5735062496860822,
      0.8483575427532196,
      0.8477271900574366,
      0.7073824405670166,
      0.7062614688277244,
      0.9194795107841491,
      0.7527397191524505,
      0.8977502127488454,
      0.7272771698236465,
      0.8158291534582773,
      0.7687183592716853,
      0.8420399727423986,
      0.7910787778099378,
      0.9450529793898265,
      0.7491295922795932,
      0.7552832154432932,
      0.8720193976163864,
      0.8215641623735428,
      0.9574282308419545,
      0.8415111955006918,
      0.9191232240200042,
      0.825633642176787,
      0.7489052738746007,
      0.8745300813515982,
      0.9552130834261576,
      0.8971500567595164,
      0.9580714702606201,
      0.8338257902860642,
      0.9125980981191,
      0.8673280453681946,
      0.9412391050656637,
      0.935647961695989,
      0.8683156663179398,
      0.9341745555400849,
      0.9041701157887777,
      0.8377731662988662,
      0.7933937859535217,
      0.8913895642757416,
      0.924562052488327,
      0.9397933534781138,
      0.9104991153875986,
      0.8447319092353185,
      0.8363135810693105,
      0.8944105124473571,
      0.821525043050448,
      0.8312312451998393,
      0.7835888556639353,
      0.945263128678004,
      0.8161783015727997,
      0.8995660436153412,
      0.9589261921246847,
      0.897121821641922,
      0.8151405491431554
    ],