{
  "args": {
    "method": "nested",
    "drift": "multi",
    "n_agents": 3,
    "n_slices": 3,
    "horizon": 150,
    "episodes": 80,
    "seed": 4,
    "hidden": 64,
    "ppo_epochs": 4,
    "lr_ippo": 0.0005,
    "severity": 0.5,
    "log_every": 80,
    "outdir": "results"
  },
  "metrics": {
    "episode_reward": [
      40.280894231672086,
      41.610481624801956,
      53.1760075626274,
      43.08601515740156,
      48.96003373774389,
      41.08229316274325,
      55.391239953537784,
      51.77250816735128,
      47.9357575190564,
      40.03047186260422,
      53.13491588706771,
      48.01972924234966,
      47.15424978298446,
      50.05695861081282,
      51.23833615705371,
      52.63656318063537,
      46.227618443469204,
      62.38598887746533,
      56.21399358163277,
      59.522476940105356,
      55.285894338041544,
      49.55276816586653,
      44.96537754187981,
      62.01024957373738,
      50.25721998512745,
      56.979624823356666,
      50.96538915485144,
      61.799761832381286,
      39.19031281769276,
      62.66085419431329,
      60.77837944154938,
      66.10341907168429,
      54.6616552627335,
      75.85413660854101,
      63.28123442828655,
      52.826440577705704,
      62.38780494406819,
      54.31970924139023,
      55.23595383266608,
      59.515024653325476,
      66.64461791018645,
      61.581858083605766,
      63.102797619998455,
      65.96109465012948,
      57.050731187686324,
      63.434110744545855,
      65.62455755844712,
      57.83659429165224,
      59.514473949869476,
      65.46479296249647,
      65.48412303129832,
      57.10473673542341,
      53.154877465218306,
      65.1799001134932,
      64.67814913143714,
      59.55151377494136,
      66.68765240659316,
      70.56996390596032,
      70.86580965667963,
      75.58748332162698,
      62.69557907432318,
      63.27042315776149,
      64.1612178136905,
      60.98992205659548,
      69.83698195964098,
      61.77008992433548,
      68.96231421579917,
      69.39467483510573,
      67.88196808720629,
      64.04852726496756,
      69.13457307964563,
      80.47275979382296,
      68.84888263046741,
      71.8520851880312,
      73.82539611930649,
      69.01905269548297,
      59.97275730408728,
      63.836772625645004,
      65.56227245305975,
      83.64314393078287
    ],
    "sla_eMBB": [
      0.1618177957336108,
      0.17408922576655944,
      0.17753443534175556,
      0.17006196801861126,
      0.15621750651548305,
      0.15525057159364222,
      0.1466125437244773,
      0.17030891690403224,
      0.1847591580450535,
      0.15688256630053124,
      0.1639552209029595,
      0.16439516942948104,
      0.13788338533292213,
      0.16852324031914273,
      0.1471302775417765,
      0.14625760667026044,
      0.17356651472548643,
      0.1460395724326372,
      0.15953154321759938,
      0.1464809100329876,
      0.14165206088374058,
      0.13827506045500437,
      0.1516575942809383,
      0.13417352601885796,
      0.13703620775292316,
      0.168134493889908,
      0.16159800544381142,
      0.15734428419421118,
      0.13499223214884598,
      0.15996069461107254,
      0.15970598937322697,
      0.15486434041212002,
      0.1620007041717569,
      0.18175618842244148,
      0.1477568845823407,
      0.1576270735884706,
      0.1871803734699885,
      0.1504473456243674,
      0.15620084175219137,
      0.15639578339954216,
      0.18719110431149602,
      0.18217421263456346,
      0.18127595136562982,
      0.2073297677313288,
      0.1883605458214879,
      0.18747326232492922,
      0.18253987148404122,
      0.2032229966049393,
      0.23509998994568984,
      0.18778587928662696,
      0.17365519327421983,
      0.16001076055069766,
      0.16976183549811444,
      0.16377166708310445,
      0.18592675237605968,
      0.17551865310718615,
      0.14668931713948646,
      0.15499013042698304,
      0.15488264975448449,
      0.16010263822972776,
      0.14110132014999788,
      0.17552382414617265,
      0.15816229580591123,
      0.14901878329614798,
      0.1493320974210898,
      0.139571504915754,
      0.15597211923450233,
      0.15748330222442747,
      0.13450058815379937,
      0.13625407389054695,
      0.11988005676617225,
      0.14421390223006408,
      0.13937728695571422,
      0.14236603032797576,
      0.13818022555361192,
      0.14308822645495337,
      0.14226519875228405,
      0.14821886584162713,
      0.11693396075318258,
      0.14314814490576586
    ],
    "sla_URLLC": [
      0.497749544630448,
      0.4957857351005077,
      0.6704636939366658,
      0.7696394302447637,
      0.6242947127421697,
      0.5314036409556866,
      0.7693702501058578,
      0.6267775522172451,
      0.6221564963459969,
      0.47086550236990055,
      0.7161668900648753,
      0.6608009367808699,
      0.6600636224945386,
      0.6451552995045979,
      0.7104711363712947,
      0.7145199019710223,
      0.5699458175897598,
      0.8295231433709462,
      0.7720778606335322,
      0.8330797451734543,
      0.734881163239479,
      0.6937274616956711,
      0.7490858427683512,
      0.8646681080261867,
      0.9379636601607004,
      0.801627946694692,
      0.7131026798486709,
      0.8140557720263799,
      0.9083286513884862,
      0.8401388714710871,
      0.8007607781887054,
      0.8767209867636363,
      0.7288837810357411,
      0.8870671480894089,
      0.8264169484376908,
      0.9505488101641337,
      0.8172048664093018,
      0.7476281172037125,
      0.7940225193897883,
      0.8059672057628632,
      0.7568768848975499,
      0.7542657649517059,
      0.7914284388224284,
      0.8046146454413732,
      0.5866614041725794,
      0.7929480518897375,
      0.8198449138800303,
      0.7279724435011545,
      0.5876372837026914,
      0.8703200964132944,
      0.8838594766457876,
      0.7101531506578127,
      0.6654312560955683,
      0.8327067494392395,
      0.8407176744937896,
      0.7709679339329402,
      0.8832901950677235,
      0.9568338418006896,
      0.9394429788986842,
      0.747819245258967,
      0.8775978517532349,
      0.813361954887708,
      0.8961392092704773,
      0.8179300334056219,
      0.9383014822006226,
      0.826539981563886,
      0.9128816819190979,
      0.9078806785742441,
      0.9099902943770091,
      0.860948367913564,
      0.930345341761907,
      0.8826837424437205,
      0.9206342919667562,
      0.9778498943646748,
      0.9901409069697062,
      0.9312762347857158,
      0.7898764169216156,
      0.8685421830415726,
      0.9228134838740031,
      0.9164130624135335
    ],