{
  "args": {
    "method": "nested",
    "drift": "multi",
    "n_agents": 3,
    "n_slices": 3,
    "horizon": 150,
    "episodes": 80,
    "seed": 6,
    "hidden": 64,
    "ppo_epochs": 4,
    "lr_ippo": 0.0005,
    "severity": 1.0,
    "log_every": 80,
    "outdir": "results"
  },
  "metrics": {
    "episode_reward": [
      43.33218800649047,
      30.72564208569626,
      37.27461606698731,
      36.59917297090093,
      32.70304325719675,
      31.36907427323361,
      42.80732810807725,
      46.44224786261717,
      42.560450836395226,
      41.145517752195396,
      39.36638968810439,
      41.55561686307192,
      40.91915763666233,
      39.37880382065972,
      40.110521006708346,
      42.121346927558385,
      39.62665998376906,
      42.41329725831747,
      35.385480715582766,
      41.05682868696749,
      40.57186876796186,
      39.74813292237619,
      40.49535602579514,
      44.14410052448511,
      41.82657042828699,
      45.272075294827424,
      38.6526059837391,
      41.14176522567868,
      44.52247574118277,
      43.98980128082136,
      49.10100485136112,
      44.137314162527524,
      52.141600187247,
      51.68301414201657,
      51.21865775436163,
      51.5488845029225,
      44.42397889867425,
      51.15816224863132,
      42.145091112082206,
      50.912603087102376,
      60.14167773040632,
      50.075462237621345,
      51.35012205938498,
      55.806901548057795,
      59.86860568200549,
      57.35260387261709,
      60.1738767772913,
      54.77136633669337,
      46.53988554639121,
      47.2755829927822,
      58.19241939857602,
      60.029423796882234,
      50.69951846078038,
      71.88611478482683,
      56.98199564653138,
      58.07723616808653,
      59.50787123168508,
      57.72067873676618,
      52.42173386986057,
      58.89458412428697,
      58.99375748510162,
      53.47749090505143,
      55.962726072097816,
      53.93554829930266,
      42.644928908596434,
      60.77723320573568,
      54.629473734647036,
      53.59922593521575,
      54.26134978545209,
      56.895062967514,
      65.30228048811357,
      55.638237377628684,
      62.30101463819543,
      63.61201423034072,
      58.51287633677324,
      60.58626305187742,
      57.250698301941156,
      63.12307628057897,
      64.53349482268095,
      62.21502477675676
    ],
    "sla_eMBB": [
      0.15632230858008067,
      0.16823496667668222,
      0.16455511850615342,
      0.17782384841392437,
      0.22287451720486084,
      0.17730050654460985,
      0.17777519803494216,
      0.18288940033564965,
      0.17254623462756474,
      0.17510294986442507,
      0.14526772764200965,
      0.16046366677929957,
      0.1688797829548518,
      0.16266018071522315,
      0.16570558896909157,
      0.16652134784807762,
      0.15962520491331816,
      0.13568875823169946,
      0.1659681280516088,
      0.16208546054859957,
      0.17236720262716212,
      0.16430988015606998,
      0.18469156470149756,
      0.21950893323868514,
      0.1930051029721896,
      0.16410951235642035,
      0.1913292333483696,
      0.17355400731166204,
      0.17912372034663956,
      0.1758476817732056,
      0.1802442590954403,
      0.19769281725709636,
      0.1930170119429628,
      0.15258779036502043,
      0.16308420669287443,
      0.17443287948146463,
      0.17866079655786354,
      0.1635501952841878,
      0.16272050011903047,
      0.16639264343306423,
      0.16987349263081947,
      0.18396279842903215,
      0.17054877697179716,
      0.17798102480669817,
      0.18591905035078526,
      0.16965491173168024,
      0.17357175237188738,
      0.1838640404244264,
      0.1702714209506909,
      0.1609672499385973,
      0.18299188509583472,
      0.15266379620879889,
      0.14850283451378346,
      0.24470491071542105,
      0.18920339473833642,
      0.17856106746941805,
      0.1957324792817235,
      0.1915872667481502,
      0.17960008596380553,
      0.18796455627928177,
      0.1977024200061957,
      0.2014519048544268,
      0.1796933971097072,
      0.20064082390318314,
      0.1544683379307389,
      0.212688560038805,
      0.18132589248940348,
      0.1929438737904032,
      0.19424134065086643,
      0.19563245493918657,
      0.18553035932282608,
      0.183032901994884,
      0.2633039416372776,
      0.18459320813417435,
      0.19579871631537873,
      0.20734790655473867,
      0.1824647753064831,
      0.1884986496840914,
      0.1592279507778585,
      0.1778188360358278
    ],
    "sla_URLLC": [
      0.5376813364886524,
      0.3619459512084722,
      0.47929056925078234,
      0.42702664479613306,
      0.2936225413531065,
      0.29626712401707966,
      0.5196363279223442,
      0.6146473436057568,
      0.5879362836480141,
      0.5170489406088988,
      0.49680647159616154,
      0.5035339587678512,
      0.5284794772168001,
      0.49531445749104025,
      0.4995358919600646,
      0.5717776528994243,
      0.5088603326678276,
      0.8194371126095454,
      0.5197521203259627,
      0.5379790861407916,
      0.5026171481112639,
      0.5245283961296081,
      0.5177197113633156,
      0.5497327082355817,
      0.5248118133718769,
      0.5800248401363691,
      0.4602068687975407,
      0.5142930638293425,
      0.5986305384834607,
      0.5395147344470024,
      0.5988069617251555,
      0.5539464321235815,
      0.6491379317641258,
      0.6921985288957755,
      0.699115697046121,
      0.6817363414665063,
      0.580800583634215,
      0.7024014522631963,
      0.557635617852211,
      0.6684556555747986,
      0.8381177568435669,
      0.7231559730569521,
      0.7054115620752176,
      0.7783229080835978,
      0.6959881709019343,
      0.7553909535209338,
      0.8247494612137477,
      0.7426731470227241,
      0.5869642998278141,
      0.7640493834018707,
      0.736745769282182,
      0.8321197005112966,
      0.951561629374822,
      0.7081127379337947,
      0.7655867979923884,
      0.7929599056641261,
      0.7498191006978353,
      0.8034340560436248,
      0.6834665854771932,
      0.826968222061793,
      0.7477071384588877,
      0.6635664181907972,
      0.7006839698553086,
      0.6857920903960864,
      0.7356026661396027,
      0.7733148176471393,
      0.7592930905024211,
      0.7062267491221428,
      0.7154120169579983,
      0.7379977385203044,
      0.8922730692227682,
      0.7275010568896929,
      0.630525163213412,
      0.8613665833075841,
      0.7615486192703247,
      0.8002871276934942,
      0.7538957521319389,
      0.8544714796543121,
      0.9168071130911509,
      0.8296075648069382
    ],