{
  "args": {
    "method": "nested",
    "drift": "multi",
    "n_agents": 3,
    "n_slices": 3,
    "horizon": 150,
    "episodes": 80,
    "seed": 4,
    "hidden": 64,
    "ppo_epochs": 4,
    "lr_ippo": 0.0005,
    "severity": 2.0,
    "log_every": 80,
    "outdir": "results"
  },
  "metrics": {
    "episode_reward": [
      35.78367302504679,
      36.13907715305686,
      36.84407569592198,
      40.27202343568206,
      36.14084398249785,
      36.01380937360227,
      38.604424031451344,
      39.35474954110881,
      38.98735906059543,
      34.10065297534069,
      40.42726882112523,
      37.590094132969774,
      38.452837724238634,
      36.436672473947205,
      39.07408568325142,
      40.619181855892144,
      42.5122020188719,
      43.25815361241499,
      43.41467457450926,
      42.79299840517342,
      43.38392842312654,
      44.22675583449503,
      33.90825503009061,
      45.5424024698635,
      49.59227715680996,
      46.81105681757132,
      44.54583519076308,
      46.67073860143622,
      36.61192598442236,
      46.599562952915825,
      46.41767993507286,
      48.009735976035394,
      46.35556542997559,
      53.203545513252415,
      50.235238467653595,
      52.62234976018468,
      48.47434898341695,
      48.65128847397864,
      47.446242390821375,
      49.64102705878516,
      55.57308376083771,
      52.006360770513616,
      51.311633589987956,
      55.66088314789037,
      48.78212067236503,
      52.94469153508544,
      52.21043206130465,
      53.52528414006034,
      61.74950144067407,
      53.211600324139,
      52.431492076565824,
      52.49423471714059,
      50.73068761949738,
      52.282384511083364,
      53.694066828116775,
      52.17939206957817,
      52.274912901222706,
      52.775972550114,
      53.92911992097894,
      62.746907555808626,
      52.913755774497986,
      54.14744669944048,
      53.063931526616216,
      53.07047296563784,
      55.7949290064474,
      52.844350669533014,
      45.806713527689375,
      53.62833965073029,
      53.910344779491425,
      53.12652153583864,
      52.123362912485995,
      51.884151397893824,
      53.59338047107061,
      53.62690879777074,
      55.3103406218191,
      53.759346095224224,
      52.8568971902132,
      54.672409158200026,
      53.42633053908745,
      51.05698153873285
    ],
    "sla_eMBB": [
      0.1586836971094211,
      0.1660411634730796,
      0.17454062258824707,
      0.15742408228417237,
      0.16656843163693943,
      0.15147142227118213,
      0.14869097888469696,
      0.16463663436472417,
      0.19275982155775032,
      0.15606972026328245,
      0.17377065168693662,
      0.16586535862336557,
      0.14620314320549369,
      0.17534965133294464,
      0.15066419958447416,
      0.15744793611889085,
      0.1817516521240274,
      0.14815103811522326,
      0.15949829023952286,
      0.15378385816390316,
      0.15407639168823759,
      0.15280693540349602,
      0.1437392704313,
      0.1545555070290963,
      0.1237340146365265,
      0.166762843541801,
      0.15837655895079175,
      0.16091196629529197,
      0.09786583038667838,
      0.15292437772577008,
      0.1592466185738643,
      0.1595181699593862,
      0.17086980952570835,
      0.19803102056185404,
      0.15955415060122807,
      0.13869452107076843,
      0.17531543691953022,
      0.16084360261758168,
      0.16655850507318973,
      0.15624154297014078,
      0.19508738751833637,
      0.1680394621938467,
      0.1621226824571689,
      0.17080220346649488,
      0.30428556878740587,
      0.16643301272764802,
      0.15981046450013917,
      0.17494615787019333,
      0.24687239833176136,
      0.17631272692233324,
      0.16419019412249328,
      0.1527757710342606,
      0.15592014875883858,
      0.15536222620556753,
      0.1719967353840669,
      0.17034353089208404,
      0.16140831049531698,
      0.1583370812361439,
      0.1762108328503867,
      0.2522765904913346,
      0.17172320413092773,
      0.1893893853512903,
      0.17938848008091252,
      0.17893960845967133,
      0.167094542303433,
      0.17226638971517483,
      0.1799941411241889,
      0.18939767248307665,
      0.17192369922995568,
      0.1785066400654614,
      0.16562354372814297,
      0.370810479807357,
      0.18079904600977897,
      0.18392480563372374,
      0.17717431294421354,
      0.17509827818721532,
      0.18484829584757487,
      0.19433610076705615,
      0.1801499958584706,
      0.34257801276942096
    ],
    "sla_URLLC": [
      0.46649588694175087,
      0.4659773291150729,
      0.42462234338124594,
      0.7466770058870316,
      0.4313454614082972,
      0.4669745588550965,
      0.4851238003373146,
      0.48675265635053316,
      0.4877693054576715,
      0.41840006588647766,
      0.5032911108930905,
      0.47677506258090335,
      0.4821512228002151,
      0.4429121817648411,
      0.5070685311158498,
      0.5048346621543169,
      0.5200054588913917,
      0.5468925240139166,
      0.5445591866970062,
      0.5375760015348593,
      0.5510172519584496,
      0.5581233735879262,
      0.5635110019147396,
      0.5695078495641549,
      0.941907163063685,
      0.5771624271074931,
      0.5628873630364736,
      0.5795832218726477,
      0.9398413177331288,
      0.5984602094690005,
      0.5815925697485606,
      0.603640963435173,
      0.5773455999294916,
      0.5813467255234719,
      0.6378048928578695,
      0.9698016158739726,
      0.5950872454047204,
      0.5901590226093928,
      0.5891865088045597,
      0.6307672013839086,
      0.5994688520828882,
      0.6278330690165361,
      0.609616026977698,
      0.6753682752450307,
      0.40248426268498105,
      0.6312470581134161,
      0.6362562025586764,
      0.6470537082354227,
      0.5930691203474998,
      0.6344074302911759,
      0.6243273958563804,
      0.6091929699977239,
      0.5991962765653928,
      0.628907129963239,
      0.6351644015312194,
      0.6063206778963407,
      0.6277400548259418,
      0.6337258246541023,
      0.6337506903211275,
      0.6028310539325078,
      0.6103668010234833,
      0.6188442477583885,
      0.6099974186221758,
      0.6097485602895418,
      0.6946636102596919,
      0.6087228178977966,
      0.6029077022274335,
      0.6107319329182307,
      0.623407907684644,
      0.6188534846901894,
      0.6080401548743248,
      0.4056873071193695,
      0.6103535669048628,
      0.6138010914127032,
      0.6710695924361547,
      0.6276866561174392,
      0.6033654778202375,
      0.6081369840105375,
      0.6055326414108276,
      0.4127115462223689
    ],