{
  "args": {
    "method": "nested",
    "drift": "multi",
    "n_agents": 3,
    "horizon": 150,
    "episodes": 80,
    "seed": 4,
    "hidden": 64,
    "ppo_epochs": 4,
    "lr_ippo": 0.0005,
    "severity": 1.5,
    "log_every": 80,
    "outdir": "results"
  },
  "metrics": {
    "episode_reward": [
      36.335039122485476,
      36.90363171735987,
      39.25983965810284,
      40.90175837717123,
      36.83686401508747,
      37.377425889836424,
      39.82254538192518,
      39.85650236012622,
      40.390530189230226,
      36.83772373143585,
      42.25543238139816,
      39.43112114950395,
      38.98830645738378,
      38.43978458471184,
      40.302904237930996,
      41.986557513992835,
      42.93665776832239,
      44.835457438478876,
      43.89844475388787,
      44.533766586312844,
      44.21626844797287,
      44.76647115117976,
      34.43666803475936,
      45.428800491786916,
      49.02206092311274,
      47.96538952777373,
      45.35349048970064,
      47.539595783936534,
      36.430923736364456,
      47.17510480978012,
      46.67896093656312,
      50.74166444790449,
      46.051830695197005,
      54.926959403521515,
      51.399487002007696,
      52.534449992753146,
      49.09184997423245,
      48.66356280768914,
      47.79934590721712,
      49.259873161071745,
      56.84600405044236,
      53.18525013677367,
      51.76237670990332,
      57.92346968138591,
      46.786042535129106,
      54.092014789312266,
      52.3029172880627,
      53.50429154338523,
      60.496272343210904,
      55.2836174538566,
      53.7129853528407,
      52.72754289855561,
      51.21330780811195,
      52.906208173765094,
      53.785030396510344,
      53.20523906675066,
      53.44592523634848,
      56.426685508402706,
      56.966048802621685,
      63.67795396254709,
      53.77668058371379,
      56.72374230298316,
      54.93446763520024,
      54.31250337242253,
      61.29335490585199,
      53.762197345743566,
      48.081187135146706,
      55.10635324752786,
      57.25994476593204,
      54.231348652868654,
      53.53448625633288,
      47.711469002275,
      55.253300148041724,
      55.526291618827315,
      60.23896459593541,
      56.447293664163176,
      53.54214958037354,
      55.43196907217305,
      54.089360845068256,
      52.856981008851655
    ],
    "sla_eMBB": [
      0.1603283134723703,
      0.1691006943086783,
      0.17698714905108015,
      0.1559283763046066,
      0.16761007201547423,
      0.15331831437225144,
      0.14984902405490477,
      0.16589679929117362,
      0.18625727285941443,
      0.15787491701543332,
      0.17702783520023027,
      0.16534298320611318,
      0.14700950457404058,
      0.17739476224407555,
      0.15012659021963676,
      0.1568510130730768,
      0.17747792847454547,
      0.1485130301117897,
      0.16373943962156773,
      0.1572939853866895,
      0.15405857051412264,
      0.15469114523380995,
      0.15058991414184372,
      0.1500433848053217,
      0.12426655529687802,
      0.1650507676228881,
      0.1586158263621231,
      0.15759774850681424,
      0.10020171024526159,
      0.15284294156357647,
      0.15355218178282182,
      0.15379728573684892,
      0.1658990613060693,
      0.19571691066026686,
      0.14910665911932786,
      0.14304481175417702,
      0.180848003719002,
      0.16130159171919028,
      0.1606616040567557,
      0.15427194701507688,
      0.20406016015758116,
      0.17581352318326632,
      0.17740986232956252,
      0.17734911226357022,
      0.32237498136858145,
      0.17097668964415788,
      0.16496756955981254,
      0.18399763151382406,
      0.25058173390726246,
      0.18726862870777647,
      0.17486867488051455,
      0.16508473350356023,
      0.16524475674455363,
      0.17248963887492816,
      0.18933610156178474,
      0.18564247569069267,
      0.17056100343043606,
      0.16790422345201175,
      0.1896723146736622,
      0.25550089923044045,
      0.175040983594954,
      0.19448398164163033,
      0.18825395431369543,
      0.1827514639745156,
      0.17323018523554007,
      0.17684835468729337,
      0.18559589138875404,
      0.19555541259547074,
      0.17993215059240658,
      0.17915379179020724,
      0.16923099560042223,
      0.22748391239593427,
      0.1789892398069302,
      0.1806557974840204,
      0.17637316464136044,
      0.17417009110252063,
      0.1815211870521307,
      0.195616292518874,
      0.1769202233850956,
      0.308376481619974
    ],
    "sla_URLLC": [
      0.4696866817772388,
      0.4698460830251376,
      0.45941230763991675,
      0.7599885928630828,
      0.43619905799627307,
      0.48289803514877955,
      0.49625828514496484,
      0.4858945198357105,
      0.525808657258749,
      0.45054664788146814,
      0.5200779390335083,
      0.49444912999868396,
      0.4869601405908664,
      0.46035895581046743,
      0.5380002856254578,
      0.5177622875571251,
      0.5240948102871577,
      0.581108221784234,
      0.5483526946107546,
      0.5721948916216691,
      0.5583374905089538,
      0.5717913830280303,
      0.5666901305317879,
      0.5774700605372588,
      0.9375405502319336,
      0.6110593765974045,
      0.5842735758423805,
      0.6059671938419342,
      0.9351599260171255,
      0.6107979496320088,
      0.593078922778368,
      0.6592556891838709,
      0.5880580770472685,
      0.6213227153321107,
      0.6723870890339215,
      0.9709788409868876,
      0.6128919661045075,
      0.5997839590907097,
      0.6391062694787979,
      0.6493846890330315,
      0.622182530661424,
      0.6437400470177332,
      0.6291930715243021,
      0.7265135276317597,
      0.39641638815402985,
      0.6662880569696427,
      0.6453373056153456,
      0.6737877319256464,
      0.58931605219841,
      0.7004301623503367,
      0.670291156967481,
      0.6129632731278737,
      0.6134578587611517,
      0.6401474170883497,
      0.6374364219109218,
      0.6187899827957153,
      0.6622370259960493,
      0.7041066192587216,
      0.7046118082602819,
      0.6090779912471771,
      0.6400644552707672,
      0.6594888390103976,
      0.6462410902976989,
      0.6260409023364385,
      0.7853736639022827,
      0.6238091651598613,
      0.6216476704676946,
      0.6365474851926168,
      0.6816249324878056,
      0.6483614308635394,
      0.6407477188110352,
      0.4085779123504957,
      0.6482919096946717,
      0.6827273671825727,
      0.778790163397789,
      0.6977225118875503,
      0.6194413352012634,
      0.6147472215692202,
      0.6230317054192225,
      0.4314612332979838
    ],