{
  "args": {
    "method": "nested",
    "drift": "multi",
    "n_agents": 3,
    "n_slices": 3,
    "horizon": 150,
    "episodes": 80,
    "seed": 6,
    "hidden": 64,
    "ppo_epochs": 4,
    "lr_ippo": 0.0005,
    "severity": 0.5,
    "log_every": 80,
    "outdir": "results"
  },
  "metrics": {
    "episode_reward": [
      52.26104462084671,
      32.267891482139625,
      40.19025554073354,
      39.385726091762386,
      35.13872140956422,
      36.07292687209944,
      53.0459731935213,
      57.53090532248219,
      55.125538758933544,
      44.266547202443085,
      44.13002544393142,
      45.592135631789766,
      48.12903053872287,
      42.84451243157188,
      46.35538539787134,
      55.37101234247287,
      47.21190157967309,
      43.97691501801213,
      44.09259878098965,
      46.9288847502321,
      49.774634120364986,
      51.52357719838619,
      54.92637491226196,
      51.39917598975202,
      48.70474860010048,
      59.42959381081164,
      49.090270618597664,
      48.68822625589868,
      57.977858340988554,
      50.43966452342769,
      53.93521086002389,
      54.968101335689425,
      64.05683231974642,
      58.77713013564547,
      58.39132956042886,
      60.81200487849613,
      53.651593466599785,
      61.49802085633079,
      53.61775827345749,
      56.87750554271042,
      67.23143166303635,
      60.539195131510496,
      65.57668050875266,
      65.24528174723189,
      68.99210386226575,
      62.04311475654443,
      65.59066470588247,
      65.18091036379337,
      49.3640364240855,
      54.013665364434324,
      63.12115332111716,
      66.09018523494403,
      49.72873152792454,
      93.80394112070401,
      66.00848684335749,
      68.8191334605217,
      64.75816529492538,
      66.58582576115926,
      62.72634713475903,
      70.38651018962264,
      61.84156455285847,
      62.05818514650067,
      65.34298853389919,
      63.18980379526814,
      55.966010293612875,
      72.7376660866042,
      68.85853678981464,
      63.38941451907158,
      66.17557096481323,
      66.56171147401135,
      68.32530385752518,
      63.37362546970447,
      83.75487593685587,
      68.35916187738378,
      69.44504786034425,
      71.66118044282,
      64.85306588932872,
      70.8554091801246,
      68.80848795548081,
      67.87933671598633
    ],
    "sla_eMBB": [
      0.15565565059582392,
      0.1704935907199979,
      0.1670258744060993,
      0.1832662495598197,
      0.1758339870845278,
      0.17076011563340823,
      0.1780562764282028,
      0.18910553774485986,
      0.1748335735251506,
      0.17462274838413577,
      0.14853356156498193,
      0.1584416552633047,
      0.16997872444490592,
      0.16097100954502822,
      0.1670585781087478,
      0.16805265394349894,
      0.15458391806731622,
      0.1383917545278867,
      0.1625600364183386,
      0.16396002162247897,
      0.16589674774557353,
      0.16212119744469722,
      0.17841002742449444,
      0.21218007488797108,
      0.1868753545358777,
      0.15228035190453132,
      0.18111768213411172,
      0.16023257651676734,
      0.1665958676363031,
      0.16517066261420646,
      0.17030732603122792,
      0.18119488148639598,
      0.1719446464131276,
      0.1428068172931671,
      0.15149282531191904,
      0.16584934677928687,
      0.17164410402377447,
      0.16387465671946605,
      0.16092281456415852,
      0.16629795713971057,
      0.16851721481730542,
      0.1713936573266983,
      0.16418772843976814,
      0.1713145599514246,
      0.1730821225295464,
      0.1579945689936479,
      0.16282830079396565,
      0.17338011297086875,
      0.15408932812511922,
      0.1606270788734158,
      0.17205445310721795,
      0.1433243074392279,
      0.15131469460825125,
      0.18345325469970702,
      0.18104634044071038,
      0.15035484701395035,
      0.17336676994959513,
      0.17628132635106644,
      0.16272010378539561,
      0.17027702078223228,
      0.1903828004995982,
      0.1900190577407678,
      0.18672934702287117,
      0.1987746345748504,
      0.15271224725991486,
      0.21735227609674135,
      0.1748248943562309,
      0.19222190680603185,
      0.18993061892688273,
      0.1893732087438305,
      0.17627261880785228,
      0.15919708923747142,
      0.21787472205857436,
      0.17715298514813185,
      0.18428529874732097,
      0.19633801276485124,
      0.16715585005780062,
      0.1697813317924738,
      0.14500528085976838,
      0.16343809643139443
    ],
    "sla_URLLC": [
      0.7125867648919424,
      0.3728379039466381,
      0.578325909053286,
      0.46932029217481613,
      0.3493666155387958,
      0.3744898426781098,
      0.6352983093261719,
      0.7610344183444977,
      0.7535594266653061,
      0.5569807071983814,
      0.5533947650591532,
      0.5793045091629029,
      0.6192178038756052,
      0.5415616219242414,
      0.5957907034953436,
      0.7523348420858383,
      0.6469594072302183,
      0.8340698977311453,
      0.6692522682746251,
      0.6546540920933087,
      0.6454122843345006,
      0.7005120419462522,
      0.7166900354623794,
      0.6476011554400126,
      0.6163811746239662,
      0.8033481162786483,
      0.6558666274944941,
      0.6682006433606148,
      0.8148841611544291,
      0.6381833543876807,
      0.6695886578659217,
      0.7499783790111542,
      0.8310968760649363,
      0.8407634139060974,
      0.8185381973783176,
      0.8079194297393163,
      0.7169925911227862,
      0.8378350925445557,
      0.7257580691576004,
      0.7645309903224309,
      0.9224506139755249,
      0.8600719559192658,
      0.8960339864095052,
      0.8866767052809398,
      0.7950628699858984,
      0.8424338253339132,
      0.8901089646418889,
      0.8934593335787455,
      0.6741845232248306,
      0.8683994813760122,
      0.8217239928245544,
      0.8959458919366201,
      0.9200772978862126,
      0.907088006734848,
      0.901862655878067,
      0.9560060369968414,
      0.8808014325300852,
      0.9282027018070221,
      0.8561519229412079,
      0.9710304649670919,
      0.8177846087018649,
      0.8605533808469772,
      0.8816574048995972,
      0.8911245497067769,
      0.9400328195095062,
      0.9683969783782959,
      0.9476549458503724,
      0.8938506110509237,
      0.9214991895357768,
      0.9222385613123576,
      0.9424628305435181,
      0.9002204112211863,
      0.8341494528452555,
      0.9534509221712748,
      0.9477819327513377,
      0.9725832263628642,
      0.8766085747877757,
      0.9787899323304494,
      0.9644178040822347,
      0.9398201660315195
    ],