{
  "args": {
    "method": "nested",
    "drift": "multi",
    "n_agents": 10,
    "n_slices": 5,
    "horizon": 150,
    "episodes": 80,
    "seed": 3,
    "hidden": 64,
    "ppo_epochs": 4,
    "lr_ippo": 0.0005,
    "severity": 1.5,
    "log_every": 80,
    "outdir": "results"
  },
  "metrics": {
    "episode_reward": [
      12.218933615833521,
      17.088231541216373,
      15.393307728134095,
      17.004583334922792,
      14.490439010597765,
      20.917300798557697,
      15.514747066795826,
      21.36479887627065,
      16.57421336695552,
      17.942180723696946,
      16.23989539835602,
      19.732213516533374,
      19.290927119366824,
      20.529844374768437,
      21.32565977163613,
      23.47908348739147,
      22.477474873512982,
      22.989090617373584,
      21.699426158890127,
      24.28490136824548,
      21.04511797428131,
      26.667409848421812,
      27.422792313061656,
      28.281192142143844,
      21.50558471158147,
      31.684450562670825,
      29.280791082791986,
      31.515502044931054,
      33.57288220841438,
      45.60639163814485,
      33.359271839633585,
      35.270436038821934,
      34.48874174244702,
      36.09753457065672,
      40.79016918875277,
      35.706581433676185,
      35.82838964238763,
      38.11437857691199,
      38.03071180041879,
      38.669177028536794,
      37.66643864884973,
      37.33056021034717,
      40.08310475256294,
      39.816671467386186,
      39.56695498470217,
      40.41003426350653,
      42.42375269923359,
      41.144448856636885,
      41.55220085401088,
      40.27422398719936,
      30.131000061891974,
      44.36938931886107,
      41.26812370102853,
      30.014320468716324,
      46.37424602285027,
      44.264229636266826,
      43.12023204788566,
      46.129126601666215,
      42.29588945247233,
      43.59860204514116,
      44.40168666001409,
      44.45731552857906,
      45.19342314898968,
      43.68403972368687,
      44.352842424809936,
      57.6113273113966,
      47.333736155740915,
      47.09505024012178,
      45.65708948373795,
      45.8660904256627,
      59.95487934872508,
      47.46967694014311,
      31.28340615220368,
      49.81172386929393,
      48.29480379484594,
      50.38146691378206,
      48.230599543079734,
      47.70982717648148,
      46.174416358396414,
      31.79777745269239
    ],
    "sla_eMBB": [
      0.09374313701565067,
      0.10409290936465064,
      0.0947967969874541,
      0.09123824190348387,
      0.09492595857630173,
      0.07524450429715217,
      0.09082693096871178,
      0.10344440355276067,
      0.08463802743703126,
      0.09205372305586934,
      0.07449203152830403,
      0.0829664421826601,
      0.07345925711095333,
      0.07209479465459784,
      0.08200117728129651,
      0.07045646216720343,
      0.06559872250072658,
      0.07094916285326083,
      0.07522349311659733,
      0.06333068175862233,
      0.05356517361477017,
      0.060260531834016244,
      0.05282424613833427,
      0.057711143302731215,
      0.041946053048595784,
      0.05930678086665769,
      0.0532396537065506,
      0.051217499546085794,
      0.048304488348464174,
      0.041187965963035825,
      0.04495311617540816,
      0.04217893913388252,
      0.04634944572734336,
      0.03994003746192902,
      0.03979697516188026,
      0.040356339989230036,
      0.031102093265702326,
      0.037389416390409075,
      0.03686116607238849,
      0.028084927356491485,
      0.027989133161803088,
      0.0365599262341857,
      0.03607219545481106,
      0.027012452082708478,
      0.02663637331686914,
      0.023365058498457075,
      0.022829693797975777,
      0.02223575869264702,
      0.020545666919400296,
      0.02496470174131294,
      0.01791988224722445,
      0.020839044464131196,
      0.021154309169699747,
      0.014587795740614334,
      0.01990470336129268,
      0.02035455360620593,
      0.01976498866841818,
      0.021594197081867605,
      0.019954187404364346,
      0.016841853429408124,
      0.01729449306614697,
      0.01570558433420956,
      0.01525514343753457,
      0.01461213247384876,
      0.014542648574958244,
      0.015465430232385795,
      0.014640159332193434,
      0.018441959836830696,
      0.012619975690419475,
      0.011883967872709036,
      0.011085530538111925,
      0.014049949245527387,
      0.014510808714355032,
      0.010454102388272683,
      0.012851709344734749,
      0.01407536298589548,
      0.012344993917892377,
      0.011102811759337783,
      0.011090783119822542,
      0.011020295349881052
    ],
    "sla_URLLC": [
      0.15713064432144164,
      0.23242945750554403,
      0.2237932977825403,
      0.2572367508212725,
      0.21215349545081458,
      0.36951593997577825,
      0.18623963218182327,
      0.2743691403667132,
      0.23347387105226516,
      0.27312271639704705,
      0.22092362393935522,
      0.23980937977631886,
      0.23367577244838078,
      0.336131176079313,
      0.29242944811781246,
      0.23012726369003456,
      0.2900209352374077,
      0.32449347133437795,
      0.30371077251931033,
      0.2968351750820875,
      0.6486099167664846,
      0.34186411793033283,
      0.31873003333806993,
      0.3447289429605007,
      0.6542367633183798,
      0.400708911716938,
      0.34957891230781873,
      0.4336283468703429,
      0.4261561725536982,
      0.4512305349111557,
      0.41486871177951495,
      0.460433264374733,
      0.42197966064016024,
      0.48161988059679667,
      0.4632646365960439,
      0.4466242996851603,
      0.4526257830858231,
      0.5287505379319191,
      0.5200856366753578,
      0.5016429473956426,
      0.4760569075246652,
      0.7747761579354604,
      0.49154609829187396,
      0.5334041095773379,
      0.5284690048297246,
      0.5244937359293302,
      0.591385455429554,
      0.5103817186752955,
      0.556505651473999,
      0.5298897230625152,
      0.5715732820828756,
      0.6192949549357096,
      0.5721072857578595,
      0.5523027202486992,
      0.5564011593659719,
      0.5842858438690504,
      0.5821049698193868,
      0.3895395483573278,
      0.9266754722595215,
      0.6473521683613459,
      0.6316525393724441,
      0.651161117553711,
      0.6124986670414607,
      0.5827953651547432,
      0.6005881981054941,
      0.5990072721242905,
      0.6947222669919332,
      0.6721063230435054,
      0.6313941891988119,
      0.627357140580813,
      0.6100390720367431,
      0.6111413319905599,
      0.9670640842119853,
      0.616442116300265,
      0.5958004071315129,
      0.737555051445961,
      0.6509225106239319,
      0.6788231581449509,
      0.6009805325667064,
      0.9693919849395752
    ],