{
  "args": {
    "method": "nested",
    "drift": "multi",
    "n_agents": 3,
    "n_slices": 3,
    "horizon": 150,
    "episodes": 80,
    "seed": 3,
    "hidden": 64,
    "ppo_epochs": 4,
    "lr_ippo": 0.0005,
    "severity": 2.0,
    "log_every": 80,
    "outdir": "results"
  },
  "metrics": {
    "episode_reward": [
      32.25911673468848,
      38.256750102465354,
      32.20865110990902,
      34.71321837604046,
      38.22756450685362,
      35.06233991061648,
      33.68451873275141,
      35.019156942144036,
      33.683129128068686,
      38.239093435928226,
      40.89132829320928,
      41.24248094049593,
      40.20731982961297,
      39.54359387482206,
      44.15804933632413,
      42.13915711082518,
      41.884196155394115,
      40.995310735578336,
      43.33181235132118,
      43.751397809634604,
      43.85517332702875,
      45.37599093591174,
      47.85963901194433,
      45.640961150328316,
      42.79891214271387,
      45.9567198275278,
      47.9445695579052,
      46.86287792896231,
      45.16585987620056,
      46.87026700749993,
      48.03521428567668,
      45.485233960052334,
      38.12839866181215,
      53.45418661956986,
      47.7286777831614,
      49.4804166033864,
      48.99225858723124,
      48.01085849665105,
      55.66697163507342,
      47.66316977826258,
      53.07345616941651,
      51.322764025380216,
      47.483667285492025,
      48.529931247234344,
      38.40088074716429,
      49.42008010546366,
      48.290208668758474,
      49.7387139685452,
      48.16288769120971,
      50.302024272580944,
      50.25106488416592,
      52.1672013575832,
      48.743610829114914,
      51.240162224819265,
      52.558082358290754,
      52.43141534551978,
      55.24137348309159,
      49.51480278248588,
      51.76058692919711,
      53.009405006965004,
      41.58207490916053,
      51.485414646565914,
      51.11259405314922,
      49.54151223103205,
      50.06796119362116,
      52.309040350218616,
      49.9691320421795,
      52.25080249582728,
      53.313582457602024,
      65.86962120234966,
      52.434211825331055,
      50.25382780780395,
      50.72639282296101,
      48.23950575167934,
      52.050189699977636,
      53.53833083435893,
      49.289498118062816,
      50.76520924270153,
      47.7908804329733,
      55.49505949144562
    ],
    "sla_eMBB": [
      0.15696543140336872,
      0.48683374751359226,
      0.15854042676587898,
      0.19180256551131605,
      0.39021150045096875,
      0.16484836105878153,
      0.15952812884623804,
      0.17934015966330966,
      0.16812412541359664,
      0.16365437544882297,
      0.19020821286365389,
      0.16906691600879034,
      0.16105921090890965,
      0.1721440900862217,
      0.13217672747249404,
      0.1800883829034865,
      0.162539228828003,
      0.1608578740308682,
      0.1935800021979958,
      0.16984010896955928,
      0.17627404091258844,
      0.15815490692853929,
      0.22909430007139842,
      0.1715775644655029,
      0.18706318572784464,
      0.17418871477246284,
      0.6197041187621654,
      0.18674812123179435,
      0.16835033375769853,
      0.18584203441937763,
      0.18856277920926612,
      0.17214155238121748,
      0.11898464744910597,
      0.21426076511542003,
      0.3486963054475685,
      0.19477067600935696,
      0.19356747231756646,
      0.19200806055838862,
      0.2553262975191077,
      0.18524059817815822,
      0.16656161314497392,
      0.2019635819271207,
      0.20177290990327795,
      0.19247626313318808,
      0.1688300119092067,
      0.20247735337664682,
      0.1999150080482165,
      0.20183532097687323,
      0.19277549227699636,
      0.1953656834922731,
      0.18736998852342368,
      0.21206945642828942,
      0.26049584018687405,
      0.1908978940670689,
      0.21269848828514418,
      0.19412491300453744,
      0.21671033062661688,
      0.19999855543176334,
      0.20053145757565896,
      0.22197125852108002,
      0.1356104326248169,
      0.20740647866080206,
      0.21892075428118307,
      0.19650535623232523,
      0.20655809694280228,
      0.22198858643571537,
      0.21686259309450787,
      0.22283847053845723,
      0.23625001534819604,
      0.41798360337813695,
      0.2135921259969473,
      0.21455701294044655,
      0.24165031674007575,
      0.23100066140294076,
      0.2287556006014347,
      0.24313878941039244,
      0.208755912805597,
      0.21255100160837173,
      0.21303407261768978,
      0.2170377633223931
    ],
    "sla_URLLC": [
      0.3937805727124214,
      0.28305077701807024,
      0.39894608937203885,
      0.41173008958498636,
      0.2910159295797348,
      0.4430583878109852,
      0.4056377709408601,
      0.4389858037730058,
      0.4094195609043042,
      0.4872603923579057,
      0.5040752283235391,
      0.509473330626885,
      0.5134088133523862,
      0.49346321100989976,
      0.8368970320622127,
      0.5255950473248958,
      0.5302424324552218,
      0.5265569544831912,
      0.5373624190191428,
      0.5512682478129863,
      0.546753721833229,
      0.8366018265485764,
      0.5068812720477581,
      0.5668564574420452,
      0.5328221149742604,
      0.5593162881334622,
      0.3574697880446911,
      0.5721834222972393,
      0.5572651888926824,
      0.5724915957450867,
      0.5817453401784102,
      0.5596849496662617,
      0.9555932581424713,
      0.5772243744631609,
      0.39310478140910465,
      0.5863528000811736,
      0.5871196350951989,
      0.5796614859004815,
      0.5695813439289729,
      0.581490129729112,
      0.9627377343177795,
      0.6005097232262293,
      0.5672734719514847,
      0.5799107396105925,
      0.5922525850931804,
      0.579905502696832,
      0.5749531621734302,
      0.5837144122521083,
      0.5633528248469035,
      0.5878978972633679,
      0.6011038290460905,
      0.5968592518568039,
      0.5717445055643717,
      0.6093862594167392,
      0.6034282675385475,
      0.6044075393676758,
      0.6164728725949923,
      0.5624132012327512,
      0.5931554921468098,
      0.6000652149319649,
      0.9657478078206381,
      0.5940861515204112,
      0.5908727573355039,
      0.5839465679725011,
      0.5835844398538271,
      0.5868330630660057,
      0.5658840927481651,
      0.5957157935698827,
      0.5972488754987717,
      0.5909467690189679,
      0.5949914753437042,
      0.5727836688359579,
      0.5585913611451785,
      0.5322759001453717,
      0.5676943143208821,
      0.5828885744015376,
      0.5505514333645503,
      0.5715744984149933,
      0.5067656334241232,
      0.6284283423423767
    ],