{
  "args": {
    "method": "nested",
    "drift": "multi",
    "n_agents": 10,
    "n_slices": 5,
    "horizon": 150,
    "episodes": 80,
    "seed": 0,
    "hidden": 64,
    "ppo_epochs": 4,
    "lr_ippo": 0.0005,
    "severity": 1.5,
    "log_every": 80,
    "outdir": "results"
  },
  "metrics": {
    "episode_reward": [
      12.565678706392646,
      15.109179214015603,
      13.692963847517968,
      13.435716620087623,
      13.752248727716506,
      18.65346330627799,
      14.985768846422435,
      19.95279896724969,
      16.51008177883923,
      17.184845937043427,
      16.019081831537186,
      18.48671267107129,
      16.271438688784837,
      20.2886441886425,
      21.883600275591014,
      25.673219557106496,
      21.37453116234392,
      22.72188235167414,
      21.047949163988232,
      23.9975640501827,
      24.698760253190994,
      24.157370195537805,
      23.523151851072907,
      24.031806303188205,
      24.49730327576399,
      29.846763855032624,
      33.12061425168067,
      34.884321491979065,
      34.377303182706235,
      33.4780893009156,
      36.13165965750814,
      36.345273453742266,
      35.895532867498694,
      37.208525905758144,
      36.466762223280966,
      41.30195738803595,
      36.670799408480526,
      37.06397298611701,
      39.65580635033548,
      39.35976595059037,
      27.231059239432216,
      39.85790847446769,
      39.91860712338239,
      44.50378312598914,
      40.30482754912227,
      40.49561462476849,
      43.08629558309913,
      43.166580078192055,
      44.03099740855396,
      42.76519788447767,
      42.09274475499988,
      42.96890111938119,
      46.74562046639621,
      42.311676929704845,
      32.3899432849139,
      44.36705687325448,
      43.73225439861417,
      44.87253829054534,
      44.98742162138224,
      44.593728764168915,
      46.16419503167272,
      45.50242064613849,
      44.95066019687802,
      45.99230957385153,
      48.513119663111866,
      45.64739188980311,
      44.68364391196519,
      48.036792469769715,
      44.935552638582884,
      46.488872355781496,
      47.77108448967338,
      46.846532721817496,
      46.202316662855445,
      46.145230365358294,
      46.18594866320491,
      46.987956325337294,
      48.53289396744221,
      46.33175738230348,
      35.69775206819177,
      44.94269196018577
    ],
    "sla_eMBB": [
      0.10104245984305939,
      0.0931349946372211,
      0.09335450996334355,
      0.0818753776140511,
      0.09489262531821926,
      0.09546497328206897,
      0.09104977645581433,
      0.07454852041167517,
      0.10821689678976933,
      0.08316962690092623,
      0.08824997682124376,
      0.09114368786724905,
      0.07864377744495869,
      0.0870071990105013,
      0.0683759408009549,
      0.09523903335134189,
      0.08104045222202937,
      0.07809925434800485,
      0.0794179605661581,
      0.062120804948111376,
      0.07666429241498311,
      0.07244595584770043,
      0.0710410573023061,
      0.05079095685544113,
      0.04873262397168825,
      0.05526866802635292,
      0.05532503767870366,
      0.05410403346953293,
      0.05088102077133953,
      0.048603281574323774,
      0.05041639997002979,
      0.04763438319166501,
      0.04506176199453572,
      0.07271878283781309,
      0.04442931696151694,
      0.05540267636378606,
      0.04248570442820589,
      0.044692248270536465,
      0.04024949653074145,
      0.042996727588276065,
      0.035284469950323305,
      0.03959021715136866,
      0.03929381617034475,
      0.04228766509021322,
      0.03928078914992511,
      0.04090587491169572,
      0.03626326447663208,
      0.04200541976528863,
      0.038290302231907845,
      0.03091540016854803,
      0.032066707240107156,
      0.029372779801487923,
      0.02988459646701813,
      0.025597151187248528,
      0.018655141883840164,
      0.020715684927999974,
      0.02087947664782405,
      0.023005531365051866,
      0.023478409110878905,
      0.022281793599637847,
      0.023191104164967936,
      0.02046523611061275,
      0.019671073456605275,
      0.016388466991484166,
      0.020176364580790203,
      0.01855840175412595,
      0.016874317545443773,
      0.018405650678420593,
      0.017364238165318967,
      0.0184522790958484,
      0.02124659332136313,
      0.016179589191451668,
      0.018250610049193105,
      0.017043504881827782,
      0.013709135359774033,
      0.014613966022928556,
      0.013224553966041034,
      0.01765018895578881,
      0.010927533861249686,
      0.016748751423632104
    ],
    "sla_URLLC": [
      0.15777839073290428,
      0.22426903602977594,
      0.16745923732717832,
      0.24990848795045167,
      0.18493441507220268,
      0.18483243289093176,
      0.21274987764656544,
      0.3591681127498547,
      0.18434454434551298,
      0.22376793121298155,
      0.22673283544679482,
      0.244823047320048,
      0.2452985479682684,
      0.2622448940575123,
      0.39161523533364134,
      0.27335443335274856,
      0.2722207831343015,
      0.28176325174669425,
      0.3068671032289664,
      0.31960957529644174,
      0.3159367615977923,
      0.42404652267694476,
      0.3325833021601041,
      0.29215731548766294,
      0.7353778610626857,
      0.3441737051308155,
      0.3946782199541728,
      0.4325342719256878,
      0.4327721399565538,
      0.4072144609193007,
      0.4563952341179053,
      0.464827500085036,
      0.4483435636758804,
      0.45602214430769283,
      0.3926991961399714,
      0.4467856098214785,
      0.4526167186597983,
      0.45134882142146426,
      0.49884968280792236,
      0.46600951155026754,
      0.7464988581339518,
      0.5253327537576358,
      0.5167726811766624,
      0.6020809942483902,
      0.5060956620176633,
      0.5151649539669355,
      0.5589285176992417,
      0.526557590564092,
      0.5708802596728006,
      0.518908530374368,
      0.5616333178679148,
      0.5682076749205589,
      0.5412886110941569,
      0.5248521480957667,
      0.5816484968860944,
      0.526924650768439,
      0.3810940380891164,
      0.5597363788882891,
      0.5350908456246058,
      0.5478546855847041,
      0.6141602292656898,
      0.5809854691227277,
      0.618864148358504,
      0.5544670771559079,
      0.6897184554735819,
      0.5722533923387527,
      0.5466835688551267,
      0.6144570406277975,
      0.5676056768496831,
      0.6131931565205256,
      0.5612195627888044,
      0.6409725679953893,
      0.6065568921963373,
      0.6017049352327982,
      0.5796086287498474,
      0.6326573044061661,
      0.6438558330138524,
      0.5971258068084717,
      0.6257663069168726,
      0.9411282161871592
    ],