{
  "args": {
    "method": "nested",
    "drift": "multi",
    "n_agents": 6,
    "n_slices": 5,
    "horizon": 150,
    "episodes": 80,
    "seed": 3,
    "hidden": 64,
    "ppo_epochs": 4,
    "lr_ippo": 0.0005,
    "severity": 1.5,
    "log_every": 80,
    "outdir": "results"
  },
  "metrics": {
    "episode_reward": [
      12.238992739779254,
      16.330316511914134,
      14.739409964842102,
      16.098161765995126,
      14.390343648691973,
      19.709977379068732,
      16.450944698105257,
      18.12890264795472,
      16.7357956332465,
      16.560306175611913,
      16.128567842456203,
      18.993611340100568,
      15.876565523445606,
      16.868015323144693,
      20.140586864824098,
      23.03710293273131,
      21.26580322658022,
      20.606842803768814,
      19.83455127167205,
      23.021774870653946,
      18.340192047258217,
      24.577105189363163,
      25.54455907891194,
      25.192323504015803,
      22.298395484065015,
      32.31166256560633,
      31.39264100541671,
      31.025991640985012,
      30.742813856961828,
      42.99535016063601,
      32.651154688869916,
      36.16087895693878,
      33.421665921496846,
      35.73889557489505,
      39.237733939662576,
      37.34671281619618,
      37.79824363005658,
      37.432400319104396,
      36.12776384378473,
      38.8555535559232,
      37.33903910281757,
      37.47750028719505,
      38.39411557776233,
      39.40813232989361,
      39.2481872268642,
      38.60844276069353,
      40.98971461659918,
      39.516192534938455,
      41.85644039232284,
      40.2044159087042,
      30.387662061800558,
      44.75348208130648,
      42.05329285034289,
      30.118243159726262,
      46.6321129668504,
      44.00208636249105,
      44.37847955928495,
      46.75298245251179,
      42.14827800666293,
      42.25726269495984,
      43.63688640575856,
      42.67283171787858,
      44.20148424773166,
      42.70140560499082,
      43.52242150654396,
      54.21149727205435,
      45.867071627639234,
      44.68091854297867,
      43.48792105230192,
      43.33967270360639,
      55.60532931114236,
      44.042892504793905,
      29.934803441166878,
      47.04707937346151,
      44.76006686532249,
      47.730750031148396,
      44.62369161595901,
      44.54236212807397,
      43.519813848659396,
      30.163281641279656
    ],
    "sla_eMBB": [
      0.0922758139607807,
      0.10220665885756414,
      0.09014750059694052,
      0.09667439018065731,
      0.09612490455930432,
      0.07383061955372493,
      0.09735879511882861,
      0.1046500360717376,
      0.0953520724736154,
      0.09306606101493041,
      0.0818334613305827,
      0.09243768985693654,
      0.08173690671101212,
      0.09833883674815297,
      0.08726877538487315,
      0.08046272082875172,
      0.07232832808047533,
      0.07551867561414838,
      0.07685523487006625,
      0.06915536475678286,
      0.061160082885374625,
      0.07770209331686298,
      0.0633415953318278,
      0.05824843727673094,
      0.047065742320070665,
      0.060587170546253524,
      0.05828999619620542,
      0.04997468086580435,
      0.05393895214423537,
      0.05047126625974973,
      0.04644571732108792,
      0.04225459111854434,
      0.04735432056710124,
      0.04227851554130514,
      0.043940731510519984,
      0.04432916879809151,
      0.04227491470364233,
      0.046351692241926985,
      0.03896952584385872,
      0.03979861374323567,
      0.036129064625129104,
      0.043702347377547995,
      0.03987890802323818,
      0.03755909179026882,
      0.035473174322396515,
      0.036774239093065264,
      0.03165564882879456,
      0.03138505419716239,
      0.02254194675711915,
      0.021932302142182985,
      0.021384461632308862,
      0.022724887759735187,
      0.021556269967307647,
      0.01910206605059405,
      0.02203143128271525,
      0.02383043068771561,
      0.02638103866328796,
      0.01865660515924295,
      0.022100613825023173,
      0.02137982765833537,
      0.025988894204298656,
      0.020997536222760876,
      0.016931843074659506,
      0.016683703256906785,
      0.020178383781264225,
      0.018386493418365717,
      0.016093733214462797,
      0.020911652011175952,
      0.015371756935492158,
      0.01840726360678673,
      0.01676961947232485,
      0.014590481352061034,
      0.018700163708999754,
      0.01168350945537289,
      0.015762792204817137,
      0.019465909339487553,
      0.01385697949056824,
      0.01642767756866912,
      0.010706917780141035,
      0.013911352084639172
    ],
    "sla_URLLC": [
      0.19668768775338927,
      0.2718916554190218,
      0.23888180007537205,
      0.2604503731429577,
      0.22198288696507612,
      0.39669012509286405,
      0.22434164916475613,
      0.2498023578276237,
      0.2281970466921727,
      0.26651571509738764,
      0.2458828596623304,
      0.2785824723293384,
      0.1969699866573016,
      0.25620194753011066,
      0.3202891066670418,
      0.2187242887914181,
      0.283087743644913,
      0.27266574613749983,
      0.23605230684081713,
      0.3068050585438808,
      0.6000823257366816,
      0.30620987437665464,
      0.3338149904211362,
      0.33390331859389943,
      0.7393097426493963,
      0.4256284373253584,
      0.39666704383989176,
      0.4623939819633961,
      0.45181688527266184,
      0.44813285807768505,
      0.40225905577341714,
      0.49670607447624204,
      0.432756161292394,
      0.4785730965435505,
      0.44808153678973517,
      0.5253813638289769,
      0.5070886605481306,
      0.5309858112037182,
      0.5097615732749303,
      0.5588002248605093,
      0.49592979470888776,
      0.8542801602681478,
      0.51485091984272,
      0.5502157071232796,
      0.5522529025375843,
      0.5744411526123683,
      0.6068573783834775,
      0.5309291439255078,
      0.5894961479306221,
      0.5630376425385475,
      0.5864413569370905,
      0.6479816067218781,
      0.6034587816397349,
      0.5745614920059839,
      0.5829806205630302,
      0.6108688852190971,
      0.6373985745509465,
      0.4038535761833191,
      0.9507093846797943,
      0.6745414827267329,
      0.6169880655407906,
      0.6303300844629606,
      0.6353322026133538,
      0.5869302859902382,
      0.585165125131607,
      0.5776174495617549,
      0.6741704752047857,
      0.6673379035790762,
      0.6522274802128474,
      0.6222972597678502,
      0.607870751619339,
      0.6035080883900324,
      0.9663553059101104,
      0.6290722502271334,
      0.6000767215092977,
      0.7320901012420654,
      0.6294929528236389,
      0.6672995471954346,
      0.5966218202312787,
      0.9723778351147969
    ],