{
  "args": {
    "method": "nested",
    "drift": "multi",
    "n_agents": 3,
    "n_slices": 3,
    "horizon": 150,
    "episodes": 80,
    "seed": 5,
    "hidden": 64,
    "ppo_epochs": 4,
    "lr_ippo": 0.0005,
    "severity": 2.0,
    "log_every": 80,
    "outdir": "results"
  },
  "metrics": {
    "episode_reward": [
      36.45364401551584,
      30.263008651634056,
      35.76773546387752,
      32.37833389018973,
      35.358201041196786,
      37.981496311724186,
      35.266759507358074,
      37.87784595042467,
      38.94453286317488,
      36.69564060928921,
      35.58837284023563,
      37.707402321199574,
      40.34249716376265,
      43.983603443950415,
      43.38125782584151,
      46.339028126870595,
      40.243983299160995,
      33.63840453637143,
      36.68636205730339,
      42.258243239174284,
      42.56873033133646,
      42.60733341425657,
      43.41853633274635,
      40.8291461734722,
      41.981619503349066,
      40.59135550943514,
      44.653701486065984,
      45.741387240588665,
      43.757318929458656,
      42.32992456542949,
      43.203967371334635,
      45.495685417205095,
      42.325452295442425,
      43.13582253207763,
      44.02520608715713,
      44.34726518703004,
      44.27342310547829,
      35.00434973960122,
      43.67579672547678,
      45.553823647399746,
      45.87414171112081,
      47.41716798208654,
      47.435758170982204,
      34.50630744174123,
      49.26427239986757,
      47.5490149234732,
      51.456772953271866,
      49.02703306078911,
      49.7361513103048,
      58.78268819923202,
      52.24976851170262,
      52.59500499007603,
      50.70875282461444,
      51.1107403015097,
      53.24694223329425,
      40.97436030829946,
      52.552176325271525,
      52.41970494762063,
      52.5132596368591,
      51.43584361548225,
      53.04863106459379,
      52.144650749862194,
      52.37909206623832,
      54.149629740665354,
      53.915593100090824,
      54.00539289663235,
      63.51215535402298,
      39.7157273751994,
      53.28498462960124,
      54.05504658073187,
      52.94935020059347,
      53.715747429678835,
      54.19680640722314,
      55.41748580460747,
      56.149192384133734,
      38.90681864321232,
      55.10010709861914,
      57.92133959879478,
      54.9560428733627,
      54.141768991947174
    ],
    "sla_eMBB": [
      0.1960068942606449,
      0.14321223335030178,
      0.16593817776069045,
      0.16008075383802256,
      0.16522485949719945,
      0.1560379104067882,
      0.15035203869765004,
      0.17163360827292004,
      0.17830094670876862,
      0.15150661921749511,
      0.1616018865754207,
      0.15983708075558145,
      0.1548936775078376,
      0.2071889070048928,
      0.17820567768067122,
      0.2049542326728503,
      0.17100468423838416,
      0.14061915336176753,
      0.18635559842921792,
      0.1722843638745447,
      0.1750281751838823,
      0.1533334412239492,
      0.16056231619790196,
      0.13777600763365627,
      0.14234080077847466,
      0.1444221315657099,
      0.15187856867909433,
      0.13945671861370404,
      0.14735407085468372,
      0.15610142532736063,
      0.125054150155435,
      0.15931944265961648,
      0.13784995853900908,
      0.1448711371111373,
      0.14353574895610413,
      0.14441392994796237,
      0.13219064893200994,
      0.10717343591774503,
      0.14214514159907898,
      0.14969053055470188,
      0.12802989115317662,
      0.13225102975964545,
      0.13788346602271,
      0.0929313509290417,
      0.14050722130263846,
      0.28128072248771785,
      0.1695677539582054,
      0.16280599982167285,
      0.18787860094880066,
      0.252298571318388,
      0.18419316360726953,
      0.17336820144206286,
      0.16956900702789426,
      0.16705665316432713,
      0.21234622430056332,
      0.10393882313743234,
      0.19491131663322447,
      0.18966802045702935,
      0.177443461685131,
      0.17181060877318183,
      0.19021024394780398,
      0.18420542736848194,
      0.1802242773398757,
      0.18355545114725827,
      0.18813182494292657,
      0.18977757789194583,
      0.27846406295895576,
      0.15373247175167004,
      0.18106113690882922,
      0.1973286537701885,
      0.36204799917836983,
      0.17666346319019793,
      0.1975710159416,
      0.19928823786477248,
      0.20393663570284842,
      0.1466192889213562,
      0.20776301940282185,
      0.2131124504407247,
      0.2049223072702686,
      0.20217410989105702
    ],
    "sla_URLLC": [
      0.3734862865010897,
      0.3845189051826795,
      0.43753080184261006,
      0.40140880294144154,
      0.44957279940446215,
      0.4823463218907515,
      0.4350703953206539,
      0.4621910972396533,
      0.48076140771309533,
      0.4806663122276465,
      0.4124493625511726,
      0.4747214987128973,
      0.5204932844638824,
      0.4663470396399498,
      0.49386355688174566,
      0.5019244939337174,
      0.5109354235728581,
      0.4265978835523129,
      0.4449414013822873,
      0.5343682359655698,
      0.5306865843633811,
      0.5395791897177696,
      0.5437644049028556,
      0.5231649813055992,
      0.5351436238487561,
      0.5299502962827682,
      0.5642792432010174,
      0.6419734840095043,
      0.5647690852979819,
      0.5281321837008,
      0.5664494927724203,
      0.5509410954018434,
      0.5474716862042744,
      0.5456284735103448,
      0.5713708821435769,
      0.561679121851921,
      0.5640649360418319,
      0.609646719545126,
      0.5413408986230691,
      0.572360005180041,
      0.5992353955904642,
      0.6302723537882169,
      0.5866577962537607,
      0.8985785480340321,
      0.6240863959987958,
      0.3893142621715864,
      0.6436584102114041,
      0.5998427561918894,
      0.5780299515028795,
      0.5813981300592422,
      0.6147135746975739,
      0.6262524065375328,
      0.60091066579024,
      0.64035357127587,
      0.6027848086754481,
      0.9730844406286875,
      0.6016798839966456,
      0.6017580207188924,
      0.6204120848576228,
      0.6104436270395914,
      0.6086466013391812,
      0.6210540349284808,
      0.6052245605985324,
      0.6210798561573029,
      0.6154380668203036,
      0.6089068993926048,
      0.6047588672240575,
      0.6040324245889982,
      0.605294205347697,
      0.6079765766859054,
      0.41609222292900083,
      0.6289459184805553,
      0.6031116852164269,
      0.6127996542056402,
      0.6285839086771011,
      0.6033812043070793,
      0.6125848390658697,
      0.5694866193334261,
      0.6099942252039909,
      0.6072557470202447
    ],