{
  "args": {
    "method": "nested",
    "drift": "multi",
    "n_agents": 3,
    "horizon": 150,
    "episodes": 80,
    "seed": 7,
    "hidden": 64,
    "ppo_epochs": 4,
    "lr_ippo": 0.0005,
    "severity": 1.5,
    "log_every": 80,
    "outdir": "results"
  },
  "metrics": {
    "episode_reward": [
      35.14780823867768,
      36.822757942912496,
      34.434832317113056,
      34.48844908273054,
      35.04462734635549,
      38.179094983699436,
      36.27156413635756,
      39.87273968824499,
      35.14566802496298,
      39.13847858221788,
      38.062210359217396,
      40.40436790871127,
      37.790960278982915,
      39.66823383012738,
      38.15140496012239,
      46.001629141718205,
      34.04418448898944,
      40.2085342800659,
      39.98632454890759,
      40.73688740560582,
      42.80918270951761,
      44.899789678346814,
      45.89492958341211,
      43.61974370558232,
      45.88408523077252,
      45.551510922155494,
      45.165787798155954,
      46.674737041360856,
      44.91243772285268,
      37.4637833875216,
      51.30506852670683,
      44.195080540825934,
      36.65545937557601,
      47.106148200523535,
      46.24996015350854,
      45.64584887876281,
      47.595463772728664,
      47.26179356465328,
      48.456031429581365,
      50.049642680895836,
      53.377603872927544,
      49.05062793290451,
      48.13234194287413,
      48.90483431093812,
      37.24193986109973,
      39.26479335201696,
      49.05848297979684,
      52.84216076630273,
      50.209739845804904,
      45.083644451873624,
      40.367462159336235,
      53.54775044518627,
      49.83618690961354,
      53.14478097280698,
      52.40035059218195,
      54.99684208448357,
      53.467281282941535,
      42.667050277069244,
      66.41682240704283,
      52.592551363839085,
      54.1015543666565,
      55.90869317799809,
      53.7021932235609,
      66.63966828790598,
      55.19337364931903,
      58.97382588858406,
      56.4282648166228,
      57.139879280957416,
      55.152758701766565,
      56.63133305745823,
      57.43540995193438,
      63.46968602985146,
      55.38382173797326,
      54.74169296740245,
      58.86694280621083,
      55.961077252713324,
      54.0315063364804,
      55.57355626161317,
      53.25351299227531,
      53.27327543151469
    ],
    "sla_eMBB": [
      0.1684435497907301,
      0.16993926445022225,
      0.17013842415064573,
      0.14356039429704348,
      0.1551777750067413,
      0.1554562869668007,
      0.370912397193412,
      0.17833126828074455,
      0.15832944029942156,
      0.18774251511941353,
      0.1664037388190627,
      0.16593233915666739,
      0.1493311755855878,
      0.16885642715419333,
      0.1648734384899338,
      0.23987798417607945,
      0.18343028852095206,
      0.17681583761548003,
      0.17459715312346816,
      0.17786422823245326,
      0.17064005794624487,
      0.19449252414206664,
      0.18928906358157596,
      0.2119821226472656,
      0.19743354072173436,
      0.19941953912377358,
      0.17830522928386927,
      0.28611880441506704,
      0.1827909692687293,
      0.18470258119205635,
      0.23789768668512504,
      0.2138561979184548,
      0.1739017672588428,
      0.20956064842641353,
      0.21075676931689183,
      0.2035597102716565,
      0.20992614325135947,
      0.19286020083973804,
      0.19599685811127227,
      0.2004397647889952,
      0.20044339809566736,
      0.18293557134767374,
      0.18161448166395228,
      0.1934799654285113,
      0.16204811913892628,
      0.13610888632635276,
      0.19014403354686996,
      0.18674227772280574,
      0.18614983037114144,
      0.1892219327762723,
      0.1806638902053237,
      0.20823773102213938,
      0.18934015748401484,
      0.20458196124682823,
      0.21091767258942126,
      0.21264577725281317,
      0.18997444607317449,
      0.18556699795027573,
      0.39146384621659913,
      0.20575034188727537,
      0.20046082608401775,
      0.24180483465393385,
      0.2197692620754242,
      0.41468845804532367,
      0.22476086497306824,
      0.2195892834663391,
      0.20954820138712724,
      0.2579137708246708,
      0.24387787137180567,
      0.25009006321430205,
      0.28449446221192676,
      0.3425819973150889,
      0.23149217071632544,
      0.23722361189623672,
      0.19771998029202223,
      0.2791899990538756,
      0.21893336919446788,
      0.2249075619628032,
      0.20565287366509438,
      0.27430310430626076
    ],
    "sla_URLLC": [
      0.43259335701664287,
      0.4584600054472685,
      0.39558499748508136,
      0.6125032411019007,
      0.6221258397897085,
      0.47266248052318893,
      0.2956802742183208,
      0.48747903510928153,
      0.4481980295230945,
      0.46311601345737774,
      0.46163028888404367,
      0.5070114814241727,
      0.4851114578545094,
      0.49623409410317737,
      0.4910474864890178,
      0.484643981953462,
      0.40587883777916434,
      0.49545652876297636,
      0.497821632027626,
      0.5077690833310287,
      0.5302836741010348,
      0.5720384404559931,
      0.5519872675836086,
      0.5077469365298748,
      0.5512578868865967,
      0.5858432984352112,
      0.5838608900705974,
      0.4662978411714236,
      0.5680339821676413,
      0.5871772248546282,
      0.5490896847844123,
      0.5249398073554039,
      0.8847737288475037,
      0.5628935342530409,
      0.5953296194970608,
      0.5312890818715096,
      0.5684983386596044,
      0.5775638159612815,
      0.6008873854080836,
      0.6181736284991105,
      0.6869065236051878,
      0.6063386874397596,
      0.593330977310737,
      0.6048615931967894,
      0.5994790290792783,
      0.9524069960912068,
      0.5853340573608875,
      0.6571166241168975,
      0.6017472556233406,
      0.5352646712462107,
      0.6204619665940603,
      0.6796216229597728,
      0.60428628479441,
      0.6976870196064313,
      0.6136408246556918,
      0.647363735238711,
      0.6477173887193203,
      0.6769495719671249,
      0.6304491844773292,
      0.6227576198180517,
      0.6548231999079387,
      0.6466993004083633,
      0.6357687339186668,
      0.616966283718745,
      0.641394029557705,
      0.710719712972641,
      0.7014620186885198,
      0.6766591023405393,
      0.6229709535837173,
      0.6356935368975004,
      0.6883822961648305,
      0.6172696768244108,
      0.6285805097222328,
      0.6213411798079809,
      0.7054642752806346,
      0.6137087941169739,
      0.6230596675475438,
      0.6603810709714889,
      0.6166880228122076,
      0.6114453460772832
    ],