{
  "args": {
    "method": "nested_two_level",
    "drift": "multi",
    "n_agents": 3,
    "horizon": 150,
    "episodes": 80,
    "seed": 2,
    "hidden": 64,
    "ppo_epochs": 4,
    "lr_ippo": 0.0005,
    "severity": 1.5,
    "log_every": 80,
    "outdir": "results"
  },
  "metrics": {
    "episode_reward": [
      31.21982072935337,
      34.957110766155864,
      35.25136146564037,
      38.55254637290622,
      32.50072326276763,
      38.302914588753566,
      35.97303820639436,
      37.26599921473409,
      44.23380124306104,
      34.42707042282242,
      41.124112019687914,
      40.02176956381238,
      40.89575910729671,
      43.69927463138267,
      40.44200370326226,
      35.780075355515734,
      39.17530386632104,
      37.067440920178264,
      37.6272954121232,
      48.99846595486424,
      38.672814232918135,
      39.24405909008866,
      48.188706856717744,
      41.22863315629465,
      35.31474537002955,
      42.59769866608811,
      44.59977659759008,
      40.886806943945395,
      37.70245009580006,
      37.913559765182455,
      41.37673583815084,
      47.141078872119785,
      43.8404176117025,
      40.391519080275806,
      43.04600044480892,
      42.209800848199286,
      42.401593634775985,
      44.18982378126435,
      46.261818491403666,
      45.609802996719075,
      44.90563401331508,
      49.304537815605876,
      48.852367581923794,
      44.37230596745183,
      35.66923516285086,
      45.36870286576453,
      41.14584122229785,
      45.64275644305684,
      44.98792923997265,
      45.60113151715038,
      36.396514461624136,
      47.396404779888734,
      46.55768672861165,
      46.68443988977625,
      46.98912414026761,
      49.87169488142765,
      50.60638608410958,
      49.0462563610532,
      49.856297193136506,
      48.15691254538385,
      48.15206634981771,
      49.300351343738576,
      45.66068986233119,
      49.81095523443076,
      47.13885641398119,
      47.81717636802548,
      55.30678948732871,
      56.3025319191938,
      49.55537189265923,
      50.68483239443355,
      38.61518639688273,
      46.44774994051295,
      48.51439365286177,
      46.59903117746327,
      49.16932267871585,
      47.951091906614636,
      46.60500397870526,
      46.867470332524874,
      35.75678789216197,
      49.97920084724
    ],
    "sla_eMBB": [
      0.15387677696843943,
      0.15446320226648821,
      0.17015840540329616,
      0.1569135655835271,
      0.15968023110181093,
      0.1712258021797364,
      0.15697166191414,
      0.18315392207354309,
      0.20549717841049037,
      0.15786324643840394,
      0.18125950374950967,
      0.16668064367026092,
      0.16947216829905906,
      0.1394155601536234,
      0.17816433902829887,
      0.17119019968435167,
      0.15791425056755543,
      0.16334941460440555,
      0.19847280287494262,
      0.29178950473666193,
      0.1671304603293538,
      0.18246914455046256,
      0.22016385371486347,
      0.16267255468914907,
      0.11717746794844668,
      0.18937998986492555,
      0.13030797311415274,
      0.1759712198873361,
      0.15801353779931862,
      0.16775199769064783,
      0.15883251161624987,
      0.4452176294103265,
      0.16117526731764276,
      0.18542430097858112,
      0.15845157065118354,
      0.18735639879480004,
      0.1861619143622617,
      0.1681479155520598,
      0.17657950256640711,
      0.17432863559573888,
      0.17465367866059145,
      0.20482542514801025,
      0.15195426839093368,
      0.2022019750252366,
      0.1359503903053701,
      0.17913635569935044,
      0.2032621336976687,
      0.1615816459308068,
      0.18451241021354994,
      0.16423061445355416,
      0.15207868325213592,
      0.18174747749542197,
      0.18197259740283092,
      0.18419900232305128,
      0.17284183792769908,
      0.1845930980456372,
      0.18960556536912918,
      0.13227993542328476,
      0.1703662147310873,
      0.1884689473795394,
      0.18396850758542618,
      0.19252327317992846,
      0.1669154780730605,
      0.20465800493955613,
      0.1761808679997921,
      0.1733365075973173,
      0.1941102091719707,
      0.1996069887218376,
      0.17799400952955088,
      0.1794787127772967,
      0.13600885953133304,
      0.16899403017014264,
      0.18667850483519335,
      0.18640881836414336,
      0.17700207263852158,
      0.18365955031166473,
      0.19052832517152032,
      0.1853455875813961,
      0.11461465715741118,
      0.19319826383764546
    ],
    "sla_URLLC": [
      0.39069341915349165,
      0.4305386880536874,
      0.40658464426795643,
      0.4872515154381593,
      0.3844731601079305,
      0.46750139077504477,
      0.4546775561074416,
      0.46200230553746224,
      0.47649411087234816,
      0.443663972740372,
      0.49855773175756135,
      0.4787563779950142,
      0.49474919443329174,
      0.8267793754736582,
      0.49924890920519827,
      0.4219233840207259,
      0.49522896920641263,
      0.4727047259112199,
      0.3823083186646303,
      0.50721727942427,
      0.47580267483989397,
      0.4832210563123226,
      0.5151739425957202,
      0.5231045931080978,
      0.9149773506323496,
      0.5308681535720825,
      0.8599959393342336,
      0.5066134030620257,
      0.47277880628903707,
      0.484416019966205,
      0.5296878955885768,
      0.3784523163239161,
      0.5707562574247519,
      0.4912978498637676,
      0.5542461389799913,
      0.5248747143149376,
      0.522524452606837,
      0.540545349518458,
      0.5660818886260192,
      0.5695127402245999,
      0.5640072645743688,
      0.5471999246875445,
      0.9304482134183248,
      0.5318197560310364,
      0.8662154241402944,
      0.5587252136071523,
      0.5578735901912053,
      0.5626112924019495,
      0.5533786179870367,
      0.5943055549263954,
      0.6009411991139253,
      0.5457381289203962,
      0.559854620496432,
      0.5598973802228768,
      0.5903510610262553,
      0.5939150024453799,
      0.6581618529061476,
      0.9517723731199901,
      0.6700444656113783,
      0.5692671054104964,
      0.5910493119060993,
      0.5816335905591646,
      0.5627657386660576,
      0.585617959300677,
      0.585536793867747,
      0.6100058002273242,
      0.596846542780598,
      0.6911155830323696,
      0.6447816271583239,
      0.6049059998989105,
      0.9471820898850759,
      0.5664262495438258,
      0.5770137903094291,
      0.5676257695754369,
      0.6291102872788906,
      0.6313425977031389,
      0.5593185265362263,
      0.55786703829964,
      0.8992322858174642,
      0.596615579376618
    ],