{
  "args": {
    "method": "nested",
    "drift": "multi",
    "n_agents": 6,
    "n_slices": 5,
    "horizon": 150,
    "episodes": 80,
    "seed": 0,
    "hidden": 64,
    "ppo_epochs": 4,
    "lr_ippo": 0.0005,
    "severity": 1.5,
    "log_every": 80,
    "outdir": "results"
  },
  "metrics": {
    "episode_reward": [
      13.663576849425832,
      13.649945438218614,
      12.85628078194956,
      13.498884845525026,
      13.719732931504646,
      17.01781921616445,
      15.282406923361123,
      19.209398662671447,
      16.479716970895726,
      14.051718234084547,
      15.525879436793426,
      16.78209078187744,
      16.44261171265195,
      17.94953832309693,
      21.857411014537018,
      23.85684834451725,
      20.147264176358778,
      20.29991438581298,
      20.324191760582227,
      24.03672994176547,
      23.419707404449582,
      20.187060868988436,
      24.191546009853482,
      22.800062000751495,
      21.423066847336788,
      25.490865542863805,
      27.917945174810786,
      29.6624107354631,
      29.717356429745752,
      30.31408858827005,
      32.530529579768576,
      31.489607856919367,
      29.209385128691792,
      32.3592108146598,
      33.56066552270204,
      37.049286998808384,
      32.52523416498055,
      34.4757228664433,
      37.985009944066405,
      33.671490231218435,
      25.43648493848741,
      38.369372727659844,
      36.11795585385213,
      41.10200401612868,
      38.66255469992757,
      39.03033601368467,
      39.20166992582381,
      40.6101052009811,
      39.68828486868491,
      40.842073487738766,
      41.0027967877686,
      40.190131944293775,
      45.139528170848884,
      40.463397391450904,
      31.54473337965707,
      40.50048660797378,
      41.66226979655524,
      43.16878083255142,
      43.27586661837995,
      43.19489257658521,
      44.602132168908916,
      43.71005392881731,
      43.402763657582305,
      45.91667046087483,
      49.99267297952125,
      45.157890619399645,
      45.07057723992815,
      47.93663363903761,
      44.76430122492214,
      46.08977803774178,
      48.7370122137169,
      46.41731543870022,
      45.77517060128351,
      47.108468920613326,
      46.453522698022425,
      47.47282781576117,
      48.46138242880503,
      46.022957808338106,
      34.791261517753206,
      45.066387912879385
    ],
    "sla_eMBB": [
      0.09158967472923299,
      0.10207456916570663,
      0.09860703964407246,
      0.08566513237232963,
      0.10105382306035608,
      0.0985374200111255,
      0.10202014695852996,
      0.08692772726838788,
      0.11212051718185345,
      0.09775958921760321,
      0.08776795207212369,
      0.10119267118473847,
      0.08742181591689586,
      0.09229694848880171,
      0.07558955766881506,
      0.09926265242199103,
      0.09201480677972237,
      0.08913105804473162,
      0.08850366411109765,
      0.06928275265420476,
      0.0776238683052361,
      0.08182544817527135,
      0.08193522802864511,
      0.05726329979176323,
      0.054546936340630056,
      0.07018224188437064,
      0.06740909545992811,
      0.06497509916623434,
      0.059145171772688625,
      0.059537991794447104,
      0.06151211634899179,
      0.06599376562361915,
      0.05469074367855986,
      0.07319495569914579,
      0.052891936569164195,
      0.056541122756898404,
      0.04740374273930987,
      0.053601034013554455,
      0.04607590382918716,
      0.05072176026180387,
      0.046296196250865854,
      0.04143703428950782,
      0.04076858422408501,
      0.04330693275978168,
      0.0423796099362274,
      0.029973285800466935,
      0.038757301022609075,
      0.03648270529384414,
      0.031915349761645,
      0.03286137236903111,
      0.032084437472124895,
      0.03108931296505034,
      0.04000209699074427,
      0.03028765255585313,
      0.02315570420275132,
      0.03492102701216936,
      0.027931516164292892,
      0.031248839901139337,
      0.03050515891984105,
      0.02842630776266257,
      0.025938240972657997,
      0.023193865132828555,
      0.02099856207680811,
      0.02570232978090644,
      0.019580025551840664,
      0.018637640094384553,
      0.01760123049840331,
      0.015659846452375253,
      0.01588344050416102,
      0.01798681229352951,
      0.020581198958680033,
      0.01613590117699156,
      0.019910682955135903,
      0.014926686912464598,
      0.012062168239305417,
      0.011878351289778948,
      0.016452046471337477,
      0.016264671843188503,
      0.012531267882635196,
      0.01278391440709432
    ],
    "sla_URLLC": [
      0.1692011876963079,
      0.20548661147554714,
      0.17387569526520869,
      0.23619800416131814,
      0.1841613926117619,
      0.18204985290765763,
      0.24817558685938518,
      0.37626093794902166,
      0.1708643669821322,
      0.2026451564518114,
      0.2589372191826502,
      0.22988446484009425,
      0.2589019838968913,
      0.25809150233864786,
      0.3845902291685343,
      0.24386814375097554,
      0.2918341632187367,
      0.2825736350069443,
      0.25819266664485135,
      0.3433509659767151,
      0.32569853628675144,
      0.3951347201565901,
      0.3364395837237438,
      0.2995943340907494,
      0.6834984142581622,
      0.3130589665969213,
      0.3407038655628761,
      0.40165709686776,
      0.39228744596242904,
      0.3972513977189859,
      0.4118029758085807,
      0.4024787831058105,
      0.3568080025911331,
      0.37064116013546783,
      0.36881515368819234,
      0.44114769915739693,
      0.4148263461391131,
      0.442268293723464,
      0.4911084977785746,
      0.44835630714893343,
      0.6921527910232544,
      0.48297267879048983,
      0.47172169576088585,
      0.5506019562482833,
      0.49173673818508784,
      0.5451371695597966,
      0.5108862446745237,
      0.5027091147502264,
      0.554499411980311,
      0.5265456182261308,
      0.5375558797021707,
      0.5332854517797629,
      0.5302101178963979,
      0.538038867910703,
      0.569610824684302,
      0.4719429790476958,
      0.365087841078639,
      0.5541990220546722,
      0.5406872335076333,
      0.5356584605574608,
      0.5807190999388695,
      0.5310113209486008,
      0.6021302422881126,
      0.6040320000052453,
      0.7465114037195841,
      0.5961989646156629,
      0.5774191270271937,
      0.6332115308443705,
      0.5848352323969205,
      0.631019429564476,
      0.609732849597931,
      0.6283886784315109,
      0.6455187012751897,
      0.6549353728691737,
      0.6059913256764412,
      0.6551133952538173,
      0.6624373507499695,
      0.620157350897789,
      0.6340062729517619,
      0.9732670466105143
    ],