{
  "args": {
    "method": "nested",
    "drift": "multi",
    "n_agents": 3,
    "n_slices": 3,
    "horizon": 150,
    "episodes": 80,
    "seed": 3,
    "hidden": 64,
    "ppo_epochs": 4,
    "lr_ippo": 0.0005,
    "severity": 1.0,
    "log_every": 80,
    "outdir": "results"
  },
  "metrics": {
    "episode_reward": [
      34.89079651795328,
      33.382367200528584,
      34.62512844117979,
      39.172246066232525,
      33.991272039090596,
      36.0995270361503,
      38.41568666075667,
      35.84974567654232,
      37.291059981410704,
      41.29315648352107,
      42.786339497193694,
      43.89991510349015,
      42.00985991271833,
      43.6968991390119,
      44.905026311675705,
      43.13903163435558,
      48.29844827453295,
      44.134888987367354,
      45.53692050029834,
      51.12894382700324,
      47.18876861035824,
      47.06697172795733,
      48.59768817573786,
      48.38957588995496,
      54.2271135263145,
      49.080312837536134,
      46.74506105110049,
      53.43552569548289,
      52.01676010650893,
      54.77605268297096,
      55.1396382364134,
      47.26653631900748,
      41.54509622603655,
      52.78513102605939,
      49.34128702369829,
      53.947383139282465,
      52.46606468285123,
      52.05039081412057,
      57.7124544021984,
      50.43373356511196,
      52.14656819651524,
      56.82704455591738,
      53.02043556421995,
      54.30583505022029,
      50.22979417939981,
      54.095185870304704,
      50.615880674372114,
      53.97147444014748,
      53.88738879437248,
      54.454710153241955,
      53.745415452867746,
      53.2131246359398,
      52.49403669809302,
      53.05805002401272,
      55.5647981526951,
      56.2536711593469,
      60.659239968905844,
      53.224888898432255,
      53.19435500415663,
      55.85087997838855,
      41.15732204541564,
      55.39492718254527,
      56.86654404799143,
      49.399725925798215,
      51.29514844094714,
      57.41896156718334,
      50.19519608964523,
      51.35475558539232,
      56.940404497087,
      62.23524011299014,
      56.25085582584143,
      50.4526518744727,
      52.65679722155134,
      52.05322532604138,
      59.97548899551233,
      54.72418292736014,
      51.674138793100916,
      50.707429233317576,
      53.66343823199471,
      63.987811832378306
    ],
    "sla_eMBB": [
      0.16060415615638096,
      0.18910623456041017,
      0.1594971840083599,
      0.1854209375443558,
      0.1798026599859198,
      0.16239375946422419,
      0.1577721788175404,
      0.17812940121317902,
      0.17115385285268228,
      0.1639082203929623,
      0.18944428227841853,
      0.16904256869107484,
      0.15903784702842436,
      0.17521990962326528,
      0.14041093146428466,
      0.1715186276535193,
      0.1598817007864515,
      0.15657501061757406,
      0.19070325303822755,
      0.16995513087138533,
      0.16932740033293764,
      0.16929904049883285,
      0.2222080436969797,
      0.16752890237917503,
      0.1964741636440158,
      0.1822982633113861,
      0.27248103176554045,
      0.19774095337837935,
      0.18119672474761803,
      0.20078653868287802,
      0.19366606132437786,
      0.18068659512947002,
      0.1561031784924368,
      0.2248415167381366,
      0.21490537243584792,
      0.21249512940645218,
      0.20892992754777273,
      0.20461388620237508,
      0.24281968211134275,
      0.19825761415064336,
      0.18273704598347346,
      0.20945350755006076,
      0.2042173202460011,
      0.18736216178784768,
      0.17286171026527883,
      0.2141103251154224,
      0.21512845729788144,
      0.20123577557504177,
      0.19067532833044729,
      0.1983940504491329,
      0.184478906703492,
      0.2106805284693837,
      0.2437727078050375,
      0.18042750250548123,
      0.21051151918868224,
      0.185790236890316,
      0.21934889018535614,
      0.20131323830535014,
      0.19869036560257275,
      0.21191913100580376,
      0.14079192375143368,
      0.1835852375626564,
      0.19150846683730682,
      0.1810074191664656,
      0.19774731951455274,
      0.1867463055377205,
      0.19882493019104003,
      0.19985396886865298,
      0.22784366202851136,
      0.3189720517396927,
      0.19795369736850263,
      0.19980709883073966,
      0.22445924125611783,
      0.22836048416793348,
      0.21555911786854268,
      0.21982618028918902,
      0.20238035035630067,
      0.2030056429033478,
      0.20288107621173063,
      0.20339839053650696
    ],
    "sla_URLLC": [
      0.40799760349715747,
      0.3033759638667107,
      0.4175906008978685,
      0.4518134880065918,
      0.3105777003367742,
      0.4430225958240529,
      0.46016860927144687,
      0.4443186510602633,
      0.4616710375249386,
      0.5435755517085393,
      0.5197154561678569,
      0.5304236541688442,
      0.5213283380866051,
      0.552159172942241,
      0.849888499379158,
      0.531864900290966,
      0.6369769384463628,
      0.555671989818414,
      0.559104511787494,
      0.6520877152184645,
      0.588285494496425,
      0.8609848523139954,
      0.5140533176064491,
      0.6222956422964732,
      0.7341835494836172,
      0.6087224331001441,
      0.4095462433497111,
      0.6940096172193686,
      0.7210759217540423,
      0.6530256640414397,
      0.7353927993774414,
      0.6048228937884171,
      0.9672898423671722,
      0.5771573969721794,
      0.46868268728256224,
      0.690467760314544,
      0.6543741358319918,
      0.6738360816240311,
      0.5951105958223343,
      0.6246893638372422,
      0.9269776809215545,
      0.7049894132216772,
      0.6967723018924395,
      0.7048569967846076,
      0.7796195284525553,
      0.627378427485625,
      0.6287799594799678,
      0.6305071411530176,
      0.6555853114525477,
      0.6600108383099238,
      0.6997634985049566,
      0.6565613714853923,
      0.6091815562049547,
      0.721339137951533,
      0.7021257281303406,
      0.7161712604761123,
      0.7026680715878805,
      0.6689681174357732,
      0.6482023725907008,
      0.6969408112764358,
      0.9906929961840312,
      0.7170882767438889,
      0.8012837552030881,
      0.609366300602754,
      0.6580026203393936,
      0.7325106044610341,
      0.6031878341237704,
      0.7279131771127383,
      0.7652026722828548,
      0.6018887051939964,
      0.7333836326996486,
      0.6515419885516167,
      0.6270435959597429,
      0.6530261834462484,
      0.7181412329276403,
      0.6567549748718738,
      0.6254413464665413,
      0.643013776242733,
      0.6413732101519902,
      0.8483770765860875
    ],