{
  "args": {
    "method": "nested",
    "drift": "multi",
    "n_agents": 3,
    "n_slices": 3,
    "horizon": 150,
    "episodes": 80,
    "seed": 8,
    "hidden": 64,
    "ppo_epochs": 4,
    "lr_ippo": 0.0005,
    "severity": 1.0,
    "log_every": 80,
    "outdir": "results"
  },
  "metrics": {
    "episode_reward": [
      32.20122699749967,
      38.191510489831366,
      37.51602069723109,
      32.37480471841991,
      33.237732227270804,
      33.9460815154016,
      39.55683849938214,
      38.20363097824156,
      41.51965240761638,
      33.66249583351115,
      47.738902946934104,
      38.020417641848326,
      42.490616300453745,
      43.616033993040524,
      47.5070113906016,
      41.76579232762257,
      42.85870189468066,
      48.04714025494953,
      39.6647642031312,
      54.99380349057416,
      37.28012314314643,
      49.53288541113337,
      46.88586410942177,
      42.18669801019132,
      46.113932848597564,
      49.21352833571533,
      46.5006166677922,
      41.680792550866805,
      48.30960239904622,
      50.92877634614706,
      41.80958779528737,
      47.702378614495196,
      46.546392161399126,
      48.433861101046205,
      48.16543030925095,
      50.97556228439013,
      46.72329387317101,
      50.823333056022726,
      48.369958148648344,
      57.784285905460514,
      55.15600226446986,
      50.67516817649206,
      52.396317694336176,
      47.34886810307702,
      52.47707582140962,
      54.64643643051386,
      54.77906540532907,
      49.917133371035256,
      55.07214550425609,
      49.741780910640955,
      55.76912818352381,
      51.983326740562916,
      51.144620394955076,
      46.491521502534546,
      56.4963542111218,
      62.628667056560516,
      58.098918590694666,
      53.3553514679273,
      57.36249864908556,
      45.742529494687915,
      56.00406795243422,
      57.629662768294416,
      62.55663774162531,
      53.828798258056246,
      56.4932007715106,
      52.681280106306076,
      55.40076524143418,
      52.71178371955951,
      56.915341002245746,
      59.24717841297388,
      57.50393811613321,
      58.60492039347688,
      55.42198262239496,
      56.2769433632493,
      57.996581902106605,
      53.01216045022011,
      54.81217964117726,
      59.45819076150656,
      57.54974974319339,
      46.75094508131345
    ],
    "sla_eMBB": [
      0.16058775005241235,
      0.15629894798000654,
      0.1687554390107592,
      0.19124713997667034,
      0.15983395962044597,
      0.1998965602616469,
      0.1558012492582202,
      0.17566484114155173,
      0.15918567912032208,
      0.14637013734007875,
      0.19774942357093095,
      0.15994048165778318,
      0.13979099411517382,
      0.16597312435507774,
      0.16452628020197152,
      0.18130644562343756,
      0.17337261961773037,
      0.17465121341869236,
      0.17788189562658469,
      0.14456248708690206,
      0.13962860213592648,
      0.20750831219057242,
      0.21722001700351637,
      0.1930277445105215,
      0.22126099593937398,
      0.22142350984116396,
      0.1881284786760807,
      0.19831400007009506,
      0.1952361272647977,
      0.17520743948717912,
      0.2784943555295467,
      0.191042905797561,
      0.19840322006493807,
      0.21546937917669615,
      0.21427757022281488,
      0.18235654937724272,
      0.19966811717798313,
      0.22536477374533812,
      0.2515670537451903,
      0.19643057922522228,
      0.24051723372191192,
      0.212047654936711,
      0.22453584122161072,
      0.21599664804836113,
      0.23961342054108778,
      0.18485450378308693,
      0.2167874777317047,
      0.2225502200424671,
      0.23656942757467428,
      0.22244301016132037,
      0.21401857018470763,
      0.24708623205622038,
      0.20382697463035584,
      0.20515710135300955,
      0.24753984106083712,
      0.2421018474424879,
      0.24988123819231986,
      0.21906038035949071,
      0.22405409003297488,
      0.23003831014037132,
      0.21561608453591666,
      0.21232804196576277,
      0.24568696747223537,
      0.22962739897270998,
      0.20412258177995682,
      0.22135991116364798,
      0.21567118976265193,
      0.22159915797412397,
      0.20663894894222418,
      0.2162770542750756,
      0.22068022234986226,
      0.223378103201588,
      0.2028756858035922,
      0.20134791682163874,
      0.19869224780549605,
      0.19714647463212412,
      0.20929984542230765,
      0.21769190907478334,
      0.22067751752833525,
      0.188475578588744
    ],
    "sla_URLLC": [
      0.3677605091035366,
      0.49933705642819404,
      0.45500799427429833,
      0.36355093573530517,
      0.41387749806046487,
      0.3017715707421303,
      0.49907419574446976,
      0.48168544272581737,
      0.5154569518566131,
      0.571305123269558,
      0.5204744135340055,
      0.4660172489285469,
      0.7842715400457382,
      0.5651435814797878,
      0.6294633229076863,
      0.5255046949783961,
      0.527112019409736,
      0.6041320612529913,
      0.4722329337398211,
      0.7690356961886088,
      0.921813421646754,
      0.5416104169438283,
      0.5412699298560619,
      0.5225357973327239,
      0.3986053051054478,
      0.5793959115942319,
      0.5424338907500108,
      0.47962421556313833,
      0.5752286218603452,
      0.6772657097876071,
      0.3612076339622339,
      0.5573059110343457,
      0.5568727441628774,
      0.554176320185264,
      0.5479953628778458,
      0.6174408850073815,
      0.5541019481420517,
      0.5844460428754489,
      0.5165558515985806,
      0.6970179615418116,
      0.6432774567604065,
      0.5878279350201289,
      0.6222465269764265,
      0.5429748417933782,
      0.6126342594623566,
      0.8940241889158884,
      0.6409792708357175,
      0.5533485811948776,
      0.6326707343260447,
      0.5706815207501252,
      0.6628202025095622,
      0.5565891675154369,
      0.6018993204832077,
      0.5553859395782152,
      0.6546482833226522,
      0.7259511508544286,
      0.6612247138222058,
      0.6518143318096796,
      0.6630830717086792,
      0.505361001888911,
      0.6449522384007772,
      0.6649103258053461,
      0.6658286478122075,
      0.6241363769769669,
      0.6851634452740352,
      0.6154681414365768,
      0.6605670557419459,
      0.6365790830055873,
      0.687263693412145,
      0.7135840803384781,
      0.6912718377510707,
      0.6978054175774256,
      0.6809058658281962,
      0.6940839155515035,
      0.7053345241149267,
      0.6520144861936569,
      0.669380899866422,
      0.7026574460665385,
      0.6783780600627264,
      0.7049064205090205
    ],