{
  "args": {
    "method": "nested",
    "drift": "multi",
    "n_agents": 3,
    "n_slices": 5,
    "horizon": 150,
    "episodes": 80,
    "seed": 0,
    "hidden": 64,
    "ppo_epochs": 4,
    "lr_ippo": 0.0005,
    "severity": 1.5,
    "log_every": 80,
    "outdir": "results"
  },
  "metrics": {
    "episode_reward": [
      13.5753279744337,
      14.753871321678162,
      13.447524742533764,
      13.977874303236604,
      13.159861935923496,
      18.105783039703965,
      15.098490198453268,
      20.836425704260666,
      18.852604157601792,
      15.014826142539581,
      17.045236413677532,
      18.261401299387217,
      16.08535229600966,
      18.884706328933436,
      23.78472397911052,
      25.48388572658102,
      25.774910064414144,
      26.850772004574537,
      19.447675369059045,
      25.39470904506743,
      26.905622540662687,
      28.438268182178337,
      27.676693667968113,
      30.38737495057285,
      26.672048334032297,
      33.35647749590377,
      35.94010400275389,
      38.1338448257496,
      37.68606314683954,
      40.46886517355839,
      44.56309787184,
      44.05656881816685,
      39.45070365692178,
      41.776965125774346,
      42.88536531602343,
      45.26678488776088,
      43.39849621243775,
      42.44489608394603,
      48.08833395317197,
      42.654955403258406,
      28.185189669330914,
      44.05771882521609,
      42.40280666885277,
      48.00997732331356,
      43.25891659036279,
      44.29618100325266,
      47.1139303923895,
      49.14178238809109,
      46.21531883875529,
      45.42746870033443,
      43.66942046148082,
      46.662085649867855,
      48.84512078637878,
      44.47032221220434,
      33.603086999307074,
      46.57972295458118,
      45.16456647838155,
      47.549199717740215,
      46.37528030201793,
      46.36957880357901,
      49.12663863475124,
      46.37333397691449,
      46.058945483217634,
      45.909857743109264,
      53.164399360617004,
      47.575203531732164,
      46.562019923081,
      49.7665781651934,
      46.76318088546395,
      48.554015312343836,
      51.10263209665815,
      48.35207359927396,
      47.31220763921738,
      47.95878170306484,
      47.796070393795766,
      47.60080543036262,
      50.02282786245147,
      47.41259834294518,
      35.21896909549832,
      46.02851556489865
    ],
    "sla_eMBB": [
      0.10473861938187232,
      0.09910425571103891,
      0.09086474206609031,
      0.08731869931022326,
      0.08864937968552113,
      0.09323385423670212,
      0.10254638721545538,
      0.09109975262234608,
      0.1126680838316679,
      0.0924904577061534,
      0.10731411075840394,
      0.08783983497569958,
      0.09605173489699761,
      0.09059852303937077,
      0.06494820976008972,
      0.09969054608295361,
      0.07563137312109272,
      0.07221370295931896,
      0.07519611461708943,
      0.06964664362370968,
      0.06462714623659849,
      0.07232781563264629,
      0.06229223563025395,
      0.04672133444497983,
      0.044025666415691375,
      0.05275954716838896,
      0.05103829121838013,
      0.052024229442079864,
      0.03747629495492826,
      0.030013324891527495,
      0.030625655787686508,
      0.03159254062920809,
      0.029716187237451473,
      0.048546426134804886,
      0.03229902006064852,
      0.03880311696479718,
      0.027122274848322074,
      0.03197622055808703,
      0.023670736560598017,
      0.02904634181720515,
      0.024207962701718013,
      0.022086298379581423,
      0.029113258589835215,
      0.025805095843970775,
      0.026048595472238957,
      0.026388977952301503,
      0.020468123761626583,
      0.02560004477078716,
      0.01955853883177042,
      0.022383084645650038,
      0.022855456403146186,
      0.012912935012330611,
      0.02399975435187419,
      0.02121126439422369,
      0.01948003888130188,
      0.019287654055903356,
      0.013824713304638863,
      0.019505351427942515,
      0.01574181329769393,
      0.01666137165700396,
      0.017123124040663244,
      0.018643042794428764,
      0.01488749925668041,
      0.01517350395520528,
      0.011731924849251906,
      0.011763529839615027,
      0.011317952026923497,
      0.010487364555398624,
      0.010067394574483236,
      0.013220705107475321,
      0.012537284946690003,
      0.01086637120693922,
      0.01138332579905788,
      0.010808090704182784,
      0.009659824222326278,
      0.011434434639910857,
      0.011455439341564974,
      0.012358493357896804,
      0.010954802061120669,
      0.010879611397782962
    ],
    "sla_URLLC": [
      0.19086629463980595,
      0.17757817337910334,
      0.17068530564817289,
      0.17913593981104592,
      0.18848381399487454,
      0.1615307376285394,
      0.21433999250332514,
      0.38903487438956896,
      0.17754125166063509,
      0.18628219541472693,
      0.257472836971283,
      0.29400739630063377,
      0.21637508386125168,
      0.22647204625109832,
      0.34632325515151025,
      0.193710474257047,
      0.27816822042067846,
      0.2532633703202009,
      0.18274205844849348,
      0.353425901060303,
      0.3042827519526084,
      0.3697128271792705,
      0.3496922771135966,
      0.38241483946641286,
      0.7941872517267863,
      0.3362486129750808,
      0.4165097730855147,
      0.4586073041182438,
      0.48510826751589775,
      0.4905674070616563,
      0.537689634213845,
      0.5700238132973512,
      0.5239806484182675,
      0.5268504373232523,
      0.5380510007341702,
      0.5122859799365203,
      0.5573825110991796,
      0.5161596152683099,
      0.618871744175752,
      0.5372866505881151,
      0.8458346700668335,
      0.5602857264876365,
      0.5430646843711535,
      0.6602917855978012,
      0.5393747344613076,
      0.5776325753331184,
      0.6333562027911345,
      0.5696917072931925,
      0.6119195275505384,
      0.5691754240294298,
      0.5898788278301557,
      0.6639479845762253,
      0.5779241881767909,
      0.5970714288453262,
      0.6342633371055126,
      0.5720169723033905,
      0.402069925814867,
      0.6530425559480985,
      0.6009003429611524,
      0.5947659651438395,
      0.6964663489659627,
      0.5769872120519479,
      0.6390082797408104,
      0.5788759284218152,
      0.8078416862090428,
      0.6130677793423335,
      0.5999484543005625,
      0.682521228591601,
      0.6326838487386703,
      0.6621805048982302,
      0.6476923876504104,
      0.6962271508574486,
      0.6329844941695532,
      0.6600803131858508,
      0.6147340564926466,
      0.6496344022949536,
      0.674160104393959,
      0.6354817299048106,
      0.6199425548315048,
      0.9724201464653015
    ],