{
  "args": {
    "method": "nested",
    "drift": "multi",
    "n_agents": 10,
    "n_slices": 5,
    "horizon": 150,
    "episodes": 80,
    "seed": 1,
    "hidden": 64,
    "ppo_epochs": 4,
    "lr_ippo": 0.0005,
    "severity": 1.5,
    "log_every": 80,
    "outdir": "results"
  },
  "metrics": {
    "episode_reward": [
      13.933610370382667,
      14.339439452439546,
      16.087329581566156,
      18.826675696857272,
      17.503742988407613,
      20.762396364472806,
      14.865490193292498,
      15.617262929491698,
      17.666497838683426,
      15.031096752360463,
      16.87707021031529,
      16.3926583558321,
      16.29526903349906,
      19.314930951222777,
      19.81334205530584,
      21.502862910367547,
      23.56878222934902,
      22.71191164776683,
      19.97701744195074,
      30.49583729840815,
      24.49804430305958,
      24.64140154980123,
      27.765801374427973,
      27.95796008910984,
      28.67697518821806,
      29.240678420104086,
      31.384793174639345,
      34.54110321458429,
      33.537332218140364,
      32.14578038472682,
      33.49279339276254,
      34.08564824555069,
      37.980330946110186,
      36.26309617124498,
      36.45510595757514,
      38.905604895204306,
      39.2391512202099,
      39.293517258018255,
      38.148784219287336,
      38.26320361811668,
      36.605363151058555,
      40.18206011652946,
      40.947814537398514,
      40.46976916026324,
      40.24283520206809,
      43.77389670908451,
      42.06008329782635,
      43.819420226104555,
      43.54410987235606,
      45.86229947209358,
      44.06705782767385,
      40.71618038583547,
      44.03000379540026,
      32.294844769127664,
      45.163803023658694,
      43.04243965316564,
      49.68130975924432,
      46.67583916261792,
      48.99597030449659,
      44.60929839238524,
      44.94768531192094,
      46.96909957043827,
      46.27324881590903,
      46.854510279744865,
      43.9632708337158,
      46.61089284103364,
      48.487055288627744,
      45.103120111860335,
      31.25988102890551,
      46.400809995085,
      47.21796712167561,
      33.05272510126233,
      47.05145606212318,
      46.90251644738019,
      48.97987045552581,
      60.45130256563425,
      46.340623788535595,
      51.966614997386934,
      47.48742621578276,
      46.74173868708313
    ],
    "sla_eMBB": [
      0.10113552149385213,
      0.09416384621833762,
      0.11781724875792861,
      0.07792032196807365,
      0.11354975193118055,
      0.08505181037199994,
      0.0965021392982453,
      0.09140044168258707,
      0.09073852726568778,
      0.08806249105681975,
      0.09538337150588631,
      0.10289738445853193,
      0.09455020948934058,
      0.08653944540768861,
      0.0863813396419088,
      0.06541647537921866,
      0.0845156757409374,
      0.08248744987572233,
      0.07726110018479328,
      0.09048435514171918,
      0.08217655116692185,
      0.06811552579204241,
      0.07165437675702076,
      0.07669683825224638,
      0.07462701844982803,
      0.06022493864099185,
      0.07682111306115985,
      0.056206571493918694,
      0.060527345252533754,
      0.06031310426071286,
      0.0567646296073993,
      0.0585601908278962,
      0.04766057879353563,
      0.05761683829128742,
      0.052221902770300706,
      0.05049420546585073,
      0.04888112927476565,
      0.04971125469232599,
      0.04711852806309859,
      0.04790848537658652,
      0.049522220104311905,
      0.04494182658692201,
      0.033399457906683284,
      0.03810207995896538,
      0.03711264289915562,
      0.03719613726871709,
      0.032957251539143424,
      0.033649071206649145,
      0.03757903104104723,
      0.03193646965548396,
      0.024156124020616215,
      0.023216792745515705,
      0.030917276879772543,
      0.019973013028502466,
      0.02644193995123108,
      0.024276032564230263,
      0.03258508199205001,
      0.026705666893782714,
      0.023969785238926608,
      0.020421327638129393,
      0.01602681299050649,
      0.016649640736480554,
      0.019584123560925946,
      0.01988178818486631,
      0.02325316150362293,
      0.016919928807765244,
      0.015062479649980863,
      0.016503333350022634,
      0.019199939540897805,
      0.017052521022657554,
      0.01701223539809386,
      0.013065972396483024,
      0.015698435893282296,
      0.0179156650044024,
      0.01650427790513883,
      0.014674512955049674,
      0.018864212643820794,
      0.021513334189852077,
      0.015851968746283092,
      0.01379718754750987
    ],
    "sla_URLLC": [
      0.16207523172080981,
      0.18530067637562753,
      0.1533752501010895,
      0.3141735769311587,
      0.22832266862193742,
      0.3576082884768645,
      0.2107964885359009,
      0.21166458370784919,
      0.24157505201796692,
      0.17809711806476117,
      0.19594887919723988,
      0.20787679464866718,
      0.17901677285631498,
      0.20973738335072994,
      0.20599251819153627,
      0.4019238164027532,
      0.2271901186555624,
      0.26830407793323197,
      0.24834652416408062,
      0.32471430907646814,
      0.28414267795781295,
      0.34025797752042614,
      0.3235176104555527,
      0.290503114759922,
      0.35374014198780057,
      0.3334576423714558,
      0.36919551248351734,
      0.2971829472482204,
      0.4006728135546048,
      0.39110196858644486,
      0.4054645946870247,
      0.423319334735473,
      0.33512556821107864,
      0.45593612000346184,
      0.46347817609707515,
      0.4812489562233289,
      0.48693576917052267,
      0.5284062462548414,
      0.47063593993584313,
      0.4749770000576973,
      0.4805021631717682,
      0.5103436111410459,
      0.3599910324811935,
      0.5111512100696564,
      0.4981227374076843,
      0.5828581685821216,
      0.5377872633934021,
      0.6280670789877574,
      0.5602362252275149,
      0.5613402684529623,
      0.39827823648850125,
      0.5559807168443998,
      0.5745503894488017,
      0.6156099967161814,
      0.6437812674045563,
      0.5562492191791535,
      0.6043657213449478,
      0.6277471189697583,
      0.5953346106410027,
      0.5783927896618843,
      0.39465186129013696,
      0.6198839205503464,
      0.6495129541556041,
      0.6070707998673122,
      0.9574462906519572,
      0.6420875618855159,
      0.6639243451754252,
      0.6296210644642511,
      0.9571038099129995,
      0.6278636237978935,
      0.6007237102588018,
      0.6059703687826793,
      0.6269356220960617,
      0.61303589006265,
      0.655829564332962,
      0.6003854093949,
      0.6053088027238845,
      0.6140221746762594,
      0.6384492623806,
      0.6223303145170211
    ],