{
  "args": {
    "method": "nested_no_timescale",
    "drift": "multi",
    "n_agents": 3,
    "horizon": 150,
    "episodes": 80,
    "seed": 0,
    "hidden": 64,
    "ppo_epochs": 4,
    "lr_ippo": 0.0005,
    "severity": 1.5,
    "log_every": 80,
    "outdir": "results"
  },
  "metrics": {
    "episode_reward": [
      35.07623306932961,
      31.10719176537049,
      35.366680922172975,
      33.850847735876854,
      34.96768731601125,
      36.575402570557266,
      33.24211070665884,
      31.120292314887063,
      35.20720432396566,
      39.770403921997406,
      35.54135137481823,
      37.65577498254263,
      35.076250177233796,
      32.87394811457232,
      35.72579312531485,
      36.903573252302074,
      37.45338335871284,
      31.051122569479062,
      46.232875317355784,
      39.14694896667371,
      39.15958667415351,
      34.71457914931494,
      33.83043836771201,
      37.10350728499599,
      37.109732099788054,
      32.17937142942099,
      44.723293367151165,
      38.26643168355545,
      38.504094841522665,
      36.22655295694455,
      37.19143162835392,
      35.71958214025943,
      39.37870099438978,
      43.26076074856232,
      35.48050572154009,
      28.59262213835287,
      37.11242478127698,
      40.55689352146454,
      39.08352684765641,
      36.347475169009236,
      38.45169140355043,
      38.506146590308205,
      40.98135346976474,
      39.431588887112845,
      43.265303889993184,
      42.69761505644357,
      39.709830721157296,
      40.501991696572986,
      51.046889343133444,
      40.235358318453635,
      40.96462030203807,
      41.68577809729095,
      42.49996659432849,
      39.21806788210653,
      43.22942122943288,
      47.550468597788786,
      41.02343993654683,
      49.631294460615344,
      50.76755806048302,
      45.584238231368374,
      46.66622306449961,
      41.794120970803,
      47.353889074466316,
      48.31539626913147,
      50.33362275904255,
      49.72670304442033,
      48.55372343570409,
      48.47368749054152,
      48.703816804103575,
      48.44593589919386,
      49.260938203458984,
      49.51765579212869,
      49.25934934013316,
      46.77987416175505,
      52.96058424369743,
      52.66380936215734,
      52.661091837493906,
      52.544669648115025,
      46.490863784464715,
      51.490588006791164
    ],
    "sla_eMBB": [
      0.16261284561206898,
      0.15924203862125674,
      0.1598071224677066,
      0.17154858395457268,
      0.1522439663670957,
      0.15840886409704885,
      0.1642674599029124,
      0.16825448692465822,
      0.17293336729208628,
      0.16250902039309342,
      0.16934129976977905,
      0.16001585648705563,
      0.1523111804947257,
      0.14764431617533166,
      0.15251403469592334,
      0.15031139699121315,
      0.16981063783789674,
      0.15965799463291963,
      0.728250776125739,
      0.16948488496864836,
      0.14979152952010433,
      0.16265149254351854,
      0.15512119005123773,
      0.2565018137047688,
      0.15424134359384575,
      0.11291141222851972,
      0.2332330430795749,
      0.14898965116590263,
      0.41250715697805085,
      0.1574039012317856,
      0.14886802547300856,
      0.30094605291262266,
      0.14495094476267695,
      0.17610170984019835,
      0.15606822893644373,
      0.128703470689555,
      0.14454496613393228,
      0.16268883829315503,
      0.19655929533143837,
      0.16266673693433403,
      0.19209543781975905,
      0.1963165673178931,
      0.18187760238846143,
      0.17739910217002033,
      0.18463454795380432,
      0.1675791874838372,
      0.1641406329534948,
      0.1745497645934423,
      0.23520027396579585,
      0.3835933722369373,
      0.1718481662745277,
      0.170612230549256,
      0.17063358743985493,
      0.19309903133039674,
      0.1708279384424289,
      0.16050340470547478,
      0.16625730246926348,
      0.13647610612213612,
      0.3000239043186108,
      0.20462692226593693,
      0.19254215670128663,
      0.17041269749402999,
      0.178022184210519,
      0.18378251288086175,
      0.20916807188342015,
      0.17766278735051552,
      0.21068569938341777,
      0.17672912580271563,
      0.20103728865583737,
      0.4207985371972124,
      0.2031974854071935,
      0.46128272475053866,
      0.21543101279685895,
      0.2285010917733113,
      0.21820874265084664,
      0.2155143300195535,
      0.20473132563134033,
      0.22143150215347607,
      0.2998173532262445,
      0.20114333055913447
    ],
    "sla_URLLC": [
      0.4234294616182645,
      0.3729200925429662,
      0.42210797652602194,
      0.40252365698417025,
      0.43848188638687136,
      0.43885191102822624,
      0.4159242702027162,
      0.3454029316206773,
      0.43103299918274085,
      0.48428921873370806,
      0.4238987425963084,
      0.43017497430245083,
      0.40351493830482166,
      0.38014769613742827,
      0.43739923745393755,
      0.4747644534955422,
      0.4583178970217705,
      0.2949795258541902,
      0.305501596108079,
      0.4770139720290899,
      0.4893232476214568,
      0.4322140075763067,
      0.42188564985990523,
      0.31657773156960806,
      0.4579422942797343,
      0.828706764181455,
      0.45965619643529254,
      0.48488229217628637,
      0.3081001598884662,
      0.45769136120875675,
      0.465937877347072,
      0.30279309771955015,
      0.4890413885563612,
      0.5186969347049792,
      0.453660374879837,
      0.5091374794890483,
      0.4610157321145137,
      0.49746155112981794,
      0.4459938663244247,
      0.4634546693911155,
      0.4481875420113405,
      0.44429160714149474,
      0.4769506425658862,
      0.45787566040953,
      0.4957162499427795,
      0.5176300305128098,
      0.48215370322267215,
      0.46031269853313767,
      0.5182251640657584,
      0.3375854062040647,
      0.5201350856820742,
      0.5034385245541732,
      0.500079098790884,
      0.885185143550237,
      0.5312206619481246,
      0.5695906669894855,
      0.49544381683071453,
      0.9190445808569591,
      0.5036130431294441,
      0.5263172962268193,
      0.4864177063604196,
      0.4967878732085228,
      0.563384048640728,
      0.5668503921230634,
      0.5895112030704817,
      0.5894017105301221,
      0.5573376933733623,
      0.5912899259726206,
      0.5576589931050936,
      0.38061475604772566,
      0.5721160849432151,
      0.3839588659008344,
      0.5604964710275332,
      0.508671351869901,
      0.5942640833059947,
      0.6202230085929235,
      0.5868439239263534,
      0.5808913867672284,
      0.4459941366314888,
      0.5888290386398634
    ],