{
  "args": {
    "method": "nested",
    "drift": "multi",
    "n_agents": 3,
    "n_slices": 5,
    "horizon": 150,
    "episodes": 80,
    "seed": 2,
    "hidden": 64,
    "ppo_epochs": 4,
    "lr_ippo": 0.0005,
    "severity": 1.5,
    "log_every": 80,
    "outdir": "results"
  },
  "metrics": {
    "episode_reward": [
      12.999743289624652,
      12.152997938295206,
      14.189002376049757,
      14.366713272407651,
      16.588291420911748,
      13.31441519719859,
      13.756264083708325,
      13.503928579390049,
      18.339189311489463,
      15.731355177238584,
      14.78388635503749,
      13.09680057441195,
      15.10202196550866,
      17.242705858622987,
      20.83653351602455,
      17.167076314489048,
      18.992406923944753,
      16.720051968470216,
      24.33861568942666,
      18.473544939731557,
      19.29787468848129,
      22.416716804727912,
      23.951336204384763,
      25.42239140284558,
      24.827885889137786,
      32.16246161237359,
      26.339261485884588,
      30.49691776682933,
      29.45749467983842,
      32.48809598262111,
      30.018012431760628,
      27.776997913916905,
      30.54695140446226,
      32.973426296686135,
      36.05220394581556,
      33.472101102893554,
      33.198850405712925,
      33.741914316390954,
      35.38389437148968,
      35.69793132816752,
      32.99974979708592,
      35.618783405050635,
      36.294684291506805,
      37.4165498111397,
      40.185024190073214,
      40.77432967598239,
      42.443855959922075,
      41.27642648729185,
      37.75577079504728,
      40.43761754781008,
      38.78953051132461,
      41.91314401912192,
      42.30453204239408,
      42.66344319470227,
      42.72203264571726,
      40.67363075974087,
      40.819588800271355,
      42.42303875399133,
      44.66440215023855,
      45.11958132684231,
      43.55668186955154,
      46.20039713010192,
      44.86365951411426,
      44.89940184913576,
      46.45910789941748,
      43.704143753275275,
      45.51207391731441,
      45.12434210255742,
      46.11567819242676,
      33.569034756471716,
      47.22726611544689,
      46.752348248536386,
      50.08525552973151,
      48.83223116273681,
      46.89014259849986,
      47.388288079450525,
      31.829186217238504,
      49.259194695701204,
      47.13595593844851,
      54.0403478940328
    ],
    "sla_eMBB": [
      0.097904429876556,
      0.09249581286062797,
      0.10038287704189619,
      0.10040748991072178,
      0.07848509920140108,
      0.0906266892577211,
      0.08143622476607561,
      0.08892402241627376,
      0.09771125635753075,
      0.10200566768025358,
      0.10453551328430573,
      0.08840593619892995,
      0.09083081080267827,
      0.08022245772182941,
      0.08018487356603146,
      0.07297242840131124,
      0.06754537821436922,
      0.0834677027662595,
      0.0863326965086162,
      0.06506862704952558,
      0.06372911548862854,
      0.06746396890530984,
      0.06515209805220365,
      0.059218279793858526,
      0.049822914749383926,
      0.07197419658303261,
      0.05370027047892412,
      0.05942535827557246,
      0.05211529863377412,
      0.047420464294652145,
      0.05199064557130138,
      0.05426340723759495,
      0.04261004661520322,
      0.03802848575015863,
      0.04212452040364345,
      0.03439055553947886,
      0.037548533312316675,
      0.03311143351097902,
      0.028915741592645646,
      0.03361307304352522,
      0.041309140572945276,
      0.030266493720312912,
      0.039968151898744204,
      0.02099384892731905,
      0.0272667970135808,
      0.026457145077486834,
      0.03258017111569643,
      0.027504890523850918,
      0.02466325322786967,
      0.029262400195002557,
      0.020980931967496872,
      0.02005000221232573,
      0.02876248527318239,
      0.021094609163701535,
      0.023733332691093286,
      0.02176228992640972,
      0.01951518821219603,
      0.016753490178186135,
      0.01788207766910394,
      0.022706846844327326,
      0.014034544589618841,
      0.016017771624028683,
      0.014753597825765609,
      0.01530898030847311,
      0.013759820262591043,
      0.01647677205502987,
      0.014198922887444496,
      0.009896792713552713,
      0.017762987098346155,
      0.016471232833961645,
      0.012855265739684303,
      0.014374820416172345,
      0.013698836639523506,
      0.01202731984357039,
      0.01452483145520091,
      0.012556365554531415,
      0.012016986943781376,
      0.008630073082943758,
      0.011960916879276435,
      0.012419084335366886
    ],
    "sla_URLLC": [
      0.1672785300016403,
      0.1529403639677912,
      0.1601594564008216,
      0.2247349526298543,
      0.23520995770270625,
      0.20656045467515166,
      0.16650173101574184,
      0.20175814387698968,
      0.23900881035874288,
      0.2525767634312312,
      0.18856029148213566,
      0.17953329276293517,
      0.23254612863063812,
      0.2428028960712254,
      0.29006858756144843,
      0.21002374839037657,
      0.2496357269398868,
      0.23711162634504337,
      0.2611338260148962,
      0.2530500843996803,
      0.3310636661732375,
      0.2915169346146286,
      0.33502972329656283,
      0.3539572985470295,
      0.43385162492593127,
      0.32500620231032373,
      0.4467818398276965,
      0.38715194672346115,
      0.4087130087489883,
      0.460798132630686,
      0.40727668757239976,
      0.657119301557541,
      0.43773760735988615,
      0.4213822946945826,
      0.4741015652318796,
      0.4919973810513814,
      0.4510402849316597,
      0.5054249925911427,
      0.49478749419252077,
      0.4983696887890498,
      0.735689924955368,
      0.509939818729957,
      0.48747530008355777,
      0.5336097153027852,
      0.568205539782842,
      0.5795543946822485,
      0.568324602941672,
      0.6412767758468787,
      0.5406687338650227,
      0.6146554785966873,
      0.5650055736800035,
      0.6521374839544296,
      0.6754131477574508,
      0.697980106472969,
      0.6813647588094075,
      0.5849321195979913,
      0.6119821809232235,
      0.5952436892688274,
      0.6445732392867406,
      0.635186609228452,
      0.6542209840814273,
      0.6994994783401489,
      0.6569782225290934,
      0.6445576198895773,
      0.6881972951690356,
      0.6153017042080561,
      0.6608791824181874,
      0.6354043912390868,
      0.6411030891537667,
      0.6571669347087542,
      0.6678502949078878,
      0.6034643929203352,
      0.661220406293869,
      0.6305971438686053,
      0.643101322154204,
      0.6611893836657207,
      0.9753896335760752,
      0.7059355229139328,
      0.649989317158858,
      0.627115936477979
    ],