{
  "args": {
    "method": "nested",
    "drift": "multi",
    "n_agents": 3,
    "n_slices": 3,
    "horizon": 150,
    "episodes": 80,
    "seed": 9,
    "hidden": 64,
    "ppo_epochs": 4,
    "lr_ippo": 0.0005,
    "severity": 0.5,
    "log_every": 80,
    "outdir": "results"
  },
  "metrics": {
    "episode_reward": [
      38.33052773028612,
      31.525980352734525,
      38.184117717668414,
      40.935334238534175,
      43.743449503555894,
      39.104448065161705,
      45.834043289224304,
      48.97471456167599,
      36.80129876298209,
      36.13062600915631,
      38.372185395409666,
      49.82995265660187,
      49.99280978490909,
      49.7971490547061,
      59.52757101754347,
      53.191163217648864,
      52.59311820504566,
      44.62642662413418,
      48.946745866288744,
      45.23326467598478,
      46.29818325241407,
      51.27401966663698,
      47.674270729223885,
      58.7249409177651,
      53.59934893747171,
      49.99854366853833,
      54.267320121328034,
      59.72591325392326,
      53.33289451152086,
      56.74721511577567,
      58.00836258878311,
      53.72850373884042,
      56.290779619167246,
      59.06704085444411,
      54.335750338310994,
      43.03352879111966,
      53.18285267303387,
      46.20919634525975,
      50.0475386865437,
      55.982758957892656,
      53.106614227717124,
      54.4393514941136,
      51.19593712066611,
      61.8037913069129,
      62.13523379216591,
      57.38738136117657,
      56.498485535383224,
      55.5556170232594,
      49.63745780040821,
      48.119763769209385,
      58.51537439351281,
      52.9320281582574,
      61.8251155068477,
      54.60070591047406,
      57.993588641285896,
      54.348488707095385,
      63.3985680056115,
      57.45174912673732,
      64.98601612448692,
      53.80152473722895,
      48.33493181566397,
      54.57439416398605,
      57.83403266469637,
      53.44154432912668,
      55.12164603732526,
      57.82978439951936,
      54.90587824458877,
      66.24920336467524,
      55.10928322623173,
      56.37960140158733,
      59.092672208944954,
      58.34637712687254,
      59.280969829609,
      66.99969766040643,
      65.5867641121149,
      61.02147314324975,
      71.06327248116334,
      74.3823910355568,
      63.96485395232836,
      58.25796997919679
    ],
    "sla_eMBB": [
      0.17445790176590284,
      0.18160420129696528,
      0.1745666326706608,
      0.158313812452058,
      0.16735019110143184,
      0.18668656372775635,
      0.1731367990622918,
      0.17697051661709945,
      0.17594679409017167,
      0.17569794851044815,
      0.17430375244468452,
      0.18651066665848096,
      0.20157834018270174,
      0.17585943198452395,
      0.1930199241017302,
      0.16982748184353114,
      0.20099145531654358,
      0.1614875180274248,
      0.19657992769032717,
      0.195089596696198,
      0.18769681217769782,
      0.18344500518093507,
      0.18069414806862671,
      0.2145689835275213,
      0.19252344051996867,
      0.22243124430378278,
      0.209270060112079,
      0.19366248690833648,
      0.1708728389441967,
      0.21659870706498624,
      0.20600033580015104,
      0.21042042266577482,
      0.25284141483406225,
      0.21140976587931315,
      0.2297094381103913,
      0.17310742905984322,
      0.20802104438344637,
      0.21966924533247947,
      0.25737657487392424,
      0.2192511180291573,
      0.24485002835591635,
      0.24171979340414207,
      0.24561381787061692,
      0.2468143322567145,
      0.24820446761945883,
      0.24383136744300524,
      0.22382073740164438,
      0.27402718300620715,
      0.2504295322795709,
      0.21766908526420592,
      0.2408076858272155,
      0.2474042006333669,
      0.2889201079805692,
      0.25454447033504646,
      0.2462700125326713,
      0.25069793907304605,
      0.29288938822845617,
      0.24933419734239579,
      0.2331775763630867,
      0.23442896015942097,
      0.21048652336001397,
      0.243385991876324,
      0.23718975596129893,
      0.2186424700046579,
      0.24155759970347088,
      0.22001290306448937,
      0.2389157857000828,
      0.26561315228541693,
      0.19336971382300058,
      0.20374283234278362,
      0.21385447921852271,
      0.22684244041641552,
      0.21269476647178331,
      0.23259920115272203,
      0.2512383479376634,
      0.21548848778009413,
      0.2466345187028249,
      0.24365328912933668,
      0.20881350832680862,
      0.20592188293735186
    ],
    "sla_URLLC": [
      0.47033052786563834,
      0.3542101861598591,
      0.45502257406711577,
      0.4977106579020619,
      0.5761853960404794,
      0.4855669217308362,
      0.5373691881409225,
      0.608410404920578,
      0.4873265240093072,
      0.4189578145245711,
      0.5373663862546285,
      0.6243498927354812,
      0.4973473183872799,
      0.615486098776261,
      0.7848262725273768,
      0.656252599110206,
      0.6141956992944082,
      0.542853424747785,
      0.6833700286348661,
      0.5924701947967211,
      0.5339081283410391,
      0.6413692918419838,
      0.6283236892024676,
      0.6896359965205192,
      0.7221865888436635,
      0.6165443606674671,
      0.5974573869506518,
      0.786421884894371,
      0.7294032820065817,
      0.6332593513528506,
      0.8171068966388703,
      0.6301613546411197,
      0.6674672067165375,
      0.7024902992447217,
      0.5751869160930315,
      0.9452310184637706,
      0.8567694813013077,
      0.3935205569863319,
      0.5818980661034584,
      0.8701691381136576,
      0.5851514316101869,
      0.5847862636049589,
      0.5261909163494904,
      0.6489506828784942,
      0.7235525500774384,
      0.8615249756971995,
      0.6683761612574259,
      0.5053099602460861,
      0.4660312890013059,
      0.5227257625261943,
      0.6797987284262975,
      0.5816195206840833,
      0.6866062396764755,
      0.5789594948291779,
      0.6647097959121069,
      0.6122984991470972,
      0.7599561218420664,
      0.6417965188622474,
      0.7806657787164052,
      0.6344106843074163,
      0.6806420654058456,
      0.58268306016922,
      0.6764991430441538,
      0.6520053566992283,
      0.6172776802380879,
      0.6619066681464513,
      0.629854242404302,
      0.6267446632186572,
      0.6860499185323715,
      0.6533766442537308,
      0.7079995850721995,
      0.6651694961388905,
      0.7054614579677582,
      0.8225396243731181,
      0.7545337728659312,
      0.7443959812323252,
      0.6612472277879715,
      0.6812317007780075,
      0.7731986832618714,
      0.7111494874954224
    ],